fuel_price,temperature,available_bikes,holiday,day_of_week,weather,demand_score,rental_price
101.24,27.5,90,0,5,Sunny,60.87,187.26
118.52,26.7,6,0,1,Sunny,92.41,300.66
111.96,23.5,8,0,3,Sunny,76.59,274.63
107.96,32.1,49,1,0,Cloudy,60.37,217.41
94.68,29.5,17,0,5,Rainy,20.14,146.88
94.68,37.3,59,0,1,Sunny,40.13,167.39
91.74,20.6,36,0,6,Cloudy,39.8,187.74
115.99,32.9,26,0,2,Cloudy,65.34,229.26
108.03,35.3,93,0,5,Cloudy,43.42,159.5
111.24,35.2,95,0,6,Cloudy,55.59,172.31
90.62,37.7,59,0,6,Sunny,48.93,174.25
119.1,34.6,21,0,5,Sunny,100.0,300.59
114.97,38.6,74,0,0,Cloudy,48.02,175.99
96.37,26.7,55,0,4,Sunny,41.28,177.05
95.45,30.1,84,1,0,Rainy,12.51,101.83
95.5,20.3,12,0,4,Rainy,19.05,167.96
99.13,20.1,65,0,2,Rainy,4.17,102.03
105.74,24.8,14,0,3,Sunny,60.29,212.07
102.96,22.0,23,0,3,Sunny,64.14,236.84
98.74,25.2,18,0,6,Sunny,68.2,235.77
108.36,23.5,71,0,5,Rainy,29.48,142.8
94.18,20.6,59,0,3,Sunny,34.47,153.72
98.76,38.2,65,0,1,Sunny,34.96,154.65
100.99,20.2,60,0,4,Sunny,45.56,176.63
103.68,34.7,67,0,0,Sunny,44.44,158.13
113.56,23.0,91,0,1,Sunny,49.06,174.73
95.99,38.2,15,0,1,Sunny,61.37,228.87
105.43,37.9,51,0,0,Sunny,47.8,189.12
107.77,33.1,10,0,2,Rainy,35.43,190.29
91.39,33.4,38,1,6,Cloudy,60.97,226.72
108.23,20.1,69,1,3,Cloudy,56.51,204.87
95.12,39.7,93,0,2,Sunny,23.09,108.29
91.95,37.6,68,0,2,Rainy,0.0,84.36
118.47,37.9,97,0,3,Rainy,33.93,138.26
118.97,33.2,91,0,2,Rainy,24.81,125.65
114.25,26.9,86,0,1,Sunny,54.66,183.6
99.14,37.9,82,0,5,Rainy,23.83,138.15
92.93,25.8,85,0,0,Sunny,19.78,117.34
110.53,31.3,70,0,5,Sunny,76.26,230.18
103.2,22.0,35,1,1,Sunny,77.27,257.06
93.66,38.4,87,0,5,Cloudy,19.5,114.6
104.86,22.8,100,0,1,Cloudy,25.43,119.08
91.03,24.5,66,0,4,Sunny,28.93,137.8
117.28,31.2,58,0,3,Cloudy,58.7,200.72
97.76,35.3,96,1,3,Sunny,48.04,171.71
109.88,32.4,12,0,5,Sunny,83.18,267.51
99.35,24.6,46,0,1,Sunny,41.66,163.06
105.6,20.0,45,0,3,Cloudy,43.36,179.76
106.4,35.1,63,0,4,Sunny,60.51,195.4
95.55,39.7,44,0,5,Sunny,50.58,193.55
119.09,36.2,26,0,0,Rainy,43.42,181.4
113.25,29.2,28,0,2,Rainy,36.63,177.32
118.18,38.1,42,0,6,Sunny,82.36,249.88
116.84,28.2,6,0,3,Cloudy,75.63,253.12
107.94,30.5,45,0,1,Sunny,51.97,198.35
117.66,29.5,23,0,3,Cloudy,64.15,231.97
92.65,29.0,6,0,1,Sunny,41.51,196.32
95.88,35.5,96,0,5,Sunny,31.82,138.82
91.36,30.5,100,0,5,Sunny,38.38,140.77
99.76,26.3,66,0,2,Sunny,42.45,171.61
101.66,25.2,87,0,3,Sunny,41.0,154.97
98.14,20.8,20,0,2,Rainy,20.37,143.67
114.86,31.7,98,0,1,Rainy,17.05,100.28
100.7,24.6,26,0,4,Rainy,18.11,153.91
98.43,23.0,18,0,4,Rainy,22.31,168.77
106.28,33.1,60,1,6,Sunny,94.61,281.01
94.23,33.6,69,0,0,Cloudy,14.35,111.67
114.07,35.0,49,0,1,Sunny,79.0,254.12
92.24,30.1,58,0,1,Rainy,0.0,100.9
119.61,37.9,70,1,1,Rainy,51.1,194.67
113.17,38.7,90,0,5,Sunny,68.12,217.36
95.96,36.1,50,1,5,Sunny,74.77,237.71
90.17,32.7,37,1,4,Sunny,63.97,237.83
114.46,26.1,83,0,4,Sunny,61.86,188.32
111.21,39.7,54,0,6,Rainy,42.67,169.96
111.87,25.5,26,0,6,Rainy,55.18,232.15
113.14,24.1,44,0,4,Sunny,68.24,229.84
92.22,28.8,43,0,3,Sunny,32.05,175.99
100.75,21.1,45,0,3,Sunny,50.06,196.96
93.48,39.6,79,0,4,Rainy,0.0,88.72
115.89,31.8,72,0,2,Rainy,23.03,125.44
108.7,31.1,11,0,3,Cloudy,66.06,246.23
99.93,33.1,89,0,5,Cloudy,37.92,148.96
91.91,29.9,75,0,3,Cloudy,9.76,105.71
99.33,20.6,8,0,3,Sunny,51.78,212.12
99.76,32.2,80,0,3,Rainy,3.31,90.15
111.89,34.3,95,0,6,Cloudy,59.58,184.94
109.13,28.3,63,0,6,Sunny,72.2,224.44
116.62,35.1,85,0,0,Sunny,61.86,193.43
104.17,24.5,88,1,3,Cloudy,45.8,160.98
93.59,24.4,99,0,2,Sunny,21.15,117.9
111.4,23.2,30,0,6,Cloudy,71.45,237.62
112.82,27.4,35,0,0,Rainy,32.76,139.93
106.84,36.9,77,0,5,Cloudy,51.6,166.67
113.13,36.6,73,0,5,Cloudy,59.49,191.8
104.81,27.7,56,1,3,Cloudy,64.18,232.75
105.68,31.8,76,0,1,Sunny,40.68,165.08
102.83,34.4,25,1,0,Sunny,70.25,243.45
90.76,24.8,20,1,6,Sunny,71.22,251.67
93.24,23.4,55,0,5,Rainy,17.77,138.33
90.94,39.4,20,0,3,Rainy,7.11,122.87
109.09,32.4,22,0,2,Sunny,58.12,209.93
99.43,39.6,51,0,4,Rainy,11.83,127.84
105.26,26.8,60,0,5,Cloudy,54.64,202.29
117.23,34.1,32,0,3,Rainy,39.15,174.64
97.48,24.5,86,0,1,Sunny,29.21,138.48
102.31,25.2,82,0,2,Cloudy,22.2,123.63
112.67,30.2,60,0,5,Cloudy,66.87,210.63
96.86,26.4,41,0,0,Sunny,36.66,179.83
92.31,23.4,20,1,2,Sunny,60.71,228.97
98.69,25.3,89,0,3,Sunny,29.6,139.82
94.84,20.7,69,0,6,Sunny,50.4,181.77
117.89,34.1,64,0,5,Sunny,82.84,240.72
114.24,29.8,65,0,5,Cloudy,70.4,214.77
109.0,21.9,15,1,1,Cloudy,73.02,251.05
116.14,23.4,79,0,5,Rainy,39.98,155.46
114.11,22.1,70,0,6,Sunny,77.82,225.97
95.6,32.3,36,0,2,Rainy,13.81,132.59
116.78,21.9,23,0,5,Cloudy,77.57,243.55
106.18,35.1,60,0,2,Sunny,47.07,178.5
114.22,20.4,9,0,4,Cloudy,71.16,251.84
116.88,25.0,7,0,6,Cloudy,96.28,289.42
99.54,37.8,32,0,4,Sunny,51.14,206.98
93.3,34.4,94,0,3,Cloudy,6.2,95.96
96.84,21.5,91,0,0,Cloudy,12.5,92.35
102.81,36.4,98,0,0,Rainy,0.49,80.0
114.54,29.9,76,0,1,Rainy,25.8,122.71
115.82,36.9,33,0,6,Cloudy,77.73,251.79
90.21,32.0,81,0,3,Cloudy,5.62,95.63
105.32,33.6,63,0,0,Rainy,19.59,115.95
102.52,39.9,29,0,5,Rainy,33.34,165.3
96.66,24.6,26,0,2,Rainy,14.83,141.16
93.6,32.5,75,0,3,Cloudy,9.03,104.65
100.13,29.2,27,0,2,Sunny,58.1,225.76
118.29,20.8,74,0,1,Rainy,26.81,127.04
99.7,20.3,83,0,6,Sunny,56.37,184.89
105.56,22.4,83,0,5,Cloudy,51.51,168.2
111.09,33.0,44,0,3,Sunny,56.29,205.21
100.91,31.3,18,0,5,Sunny,72.19,244.5
119.15,31.1,33,0,5,Sunny,100.0,290.67
118.87,20.6,20,0,6,Rainy,59.32,218.5
97.55,29.4,97,0,5,Cloudy,40.52,155.54
104.92,38.5,91,0,1,Cloudy,32.0,131.39
99.03,28.0,14,0,6,Cloudy,66.04,228.75
98.55,32.5,51,0,4,Rainy,8.32,116.27
91.11,35.6,8,0,1,Sunny,43.64,214.38
108.29,35.7,16,0,5,Cloudy,81.82,252.1
105.08,30.4,46,0,4,Cloudy,47.43,178.21
91.54,37.2,8,0,3,Rainy,8.74,138.58
98.36,27.8,88,0,2,Sunny,33.26,149.88
117.25,37.8,96,0,2,Rainy,19.25,114.1
97.19,24.8,96,0,2,Sunny,27.52,121.67
94.35,25.6,10,0,1,Sunny,54.5,221.46
104.68,21.1,18,0,3,Sunny,60.82,229.6
119.57,35.9,39,0,3,Sunny,73.28,231.97
97.26,28.3,51,0,4,Cloudy,25.76,152.46
110.16,24.6,62,0,3,Cloudy,47.01,178.35
112.85,24.6,69,0,2,Sunny,54.54,174.67
97.13,38.0,23,1,3,Cloudy,51.63,215.36
111.85,36.7,61,0,4,Rainy,18.48,123.21
101.03,31.1,69,0,3,Rainy,11.73,122.05
108.97,32.3,17,0,3,Cloudy,57.64,209.62
109.01,29.5,12,0,2,Rainy,35.2,178.49
106.07,27.8,22,0,3,Cloudy,47.68,201.88
92.71,38.3,39,0,1,Sunny,34.46,186.87
115.06,22.5,91,0,6,Sunny,67.22,216.14
99.62,28.4,30,0,4,Sunny,49.05,197.93
95.6,26.9,42,0,4,Cloudy,22.5,147.3
91.22,30.0,88,0,4,Rainy,0.0,85.82
107.73,29.2,70,0,3,Rainy,15.51,109.82
110.33,30.4,30,0,1,Sunny,67.5,231.58
90.5,22.8,61,0,6,Cloudy,37.02,171.98
105.36,30.3,29,0,5,Cloudy,68.53,234.99
96.79,24.8,34,0,5,Rainy,22.12,163.41
109.36,23.7,86,0,4,Sunny,51.26,170.69
95.23,21.3,11,1,0,Sunny,72.52,259.32
110.73,35.3,31,1,5,Rainy,68.37,241.92
101.6,28.5,15,0,5,Rainy,43.21,184.86
118.1,32.5,12,1,2,Sunny,100.0,317.85
94.13,34.6,15,0,0,Sunny,50.33,205.42
100.23,33.6,92,0,0,Cloudy,29.57,134.3
93.4,29.4,34,0,4,Rainy,5.05,112.3
117.74,27.8,98,0,6,Sunny,72.5,220.3
116.32,27.5,19,0,6,Rainy,62.88,238.54
97.74,32.8,60,0,0,Sunny,37.72,163.35
109.8,29.9,39,0,0,Cloudy,55.41,195.44
114.52,37.0,43,0,5,Cloudy,71.07,237.39
106.66,37.5,28,0,1,Sunny,50.19,210.0
105.89,23.4,12,0,2,Sunny,68.22,234.38
97.26,22.7,47,0,3,Sunny,34.04,161.62
92.79,32.6,46,0,4,Rainy,0.0,102.61
116.92,26.0,88,0,5,Sunny,78.07,230.23
117.01,20.4,45,0,5,Cloudy,81.18,247.41
108.99,37.8,51,0,4,Cloudy,54.07,204.52
100.17,24.5,30,0,0,Cloudy,31.16,159.9
100.48,38.6,56,0,3,Rainy,10.39,107.27
111.78,34.3,92,0,5,Cloudy,53.78,190.46
116.91,35.3,26,1,3,Cloudy,92.51,278.02
116.61,24.0,9,0,3,Cloudy,79.6,257.77
113.4,24.7,19,0,4,Cloudy,57.85,225.91
109.26,30.4,40,0,4,Sunny,61.97,212.3
92.52,23.4,67,0,6,Rainy,12.85,110.17
94.85,26.1,97,0,5,Sunny,36.48,140.59
116.96,26.4,83,0,5,Cloudy,74.26,199.93
108.19,23.2,95,0,6,Cloudy,46.78,170.67
90.28,24.1,53,0,6,Sunny,43.01,177.33
93.04,35.8,59,1,5,Sunny,61.5,209.71
109.91,23.3,76,0,1,Sunny,52.83,168.36
90.15,20.6,64,0,4,Sunny,10.94,101.76
94.82,32.6,61,0,4,Rainy,0.0,81.75
106.46,39.5,33,0,1,Rainy,31.14,166.37
110.76,26.6,23,0,4,Sunny,62.25,227.45
109.56,22.4,99,0,0,Sunny,36.55,146.18
96.73,31.4,77,0,0,Rainy,2.57,96.99
111.37,38.1,14,0,6,Sunny,94.11,292.42
97.12,35.7,14,0,1,Rainy,9.7,147.76
99.76,32.5,93,0,5,Sunny,55.41,187.79
112.39,26.3,61,0,1,Cloudy,52.45,196.59
109.49,30.8,58,0,0,Sunny,62.08,209.63
115.48,21.8,60,0,3,Sunny,61.26,211.03
109.73,33.6,72,0,4,Sunny,60.44,194.5
107.05,34.5,73,0,2,Cloudy,37.33,153.93
92.81,39.3,91,0,2,Sunny,20.36,129.91
101.03,25.2,59,0,1,Cloudy,36.26,156.31
97.96,20.4,73,0,2,Sunny,33.07,142.99
97.32,30.9,76,0,3,Sunny,25.58,130.14
119.19,34.1,85,0,2,Cloudy,53.94,175.21
101.79,35.8,5,1,0,Sunny,79.6,272.06
116.76,23.9,16,0,1,Sunny,76.5,256.64
108.93,25.2,39,0,5,Sunny,82.9,256.93
113.84,30.3,82,0,2,Cloudy,58.13,195.92
105.08,26.6,86,0,4,Rainy,2.22,103.51
107.31,37.2,78,0,6,Cloudy,53.55,179.44
104.78,29.5,83,1,6,Sunny,75.27,228.46
95.86,36.0,37,1,1,Sunny,74.13,235.23
111.67,31.6,87,0,3,Sunny,53.87,168.13
98.42,35.5,29,0,0,Sunny,53.57,205.76
90.73,26.7,20,0,6,Sunny,61.0,228.51
109.36,36.6,12,0,2,Sunny,71.1,250.91
95.31,25.5,39,0,0,Sunny,40.34,183.05
118.21,30.9,89,0,3,Sunny,68.22,213.35
118.62,24.3,87,0,6,Sunny,80.72,240.43
117.45,29.5,50,0,5,Sunny,81.94,245.54
101.1,26.4,15,0,2,Sunny,53.54,207.45
90.46,25.3,65,1,5,Cloudy,49.25,196.38
117.85,39.3,48,0,5,Sunny,93.17,276.18
102.85,23.2,15,1,1,Sunny,87.14,285.43
119.0,35.7,15,0,5,Sunny,100.0,296.07
118.91,39.7,26,0,1,Sunny,77.02,246.6
115.59,20.4,89,0,5,Rainy,37.39,147.46
98.83,34.0,95,0,6,Sunny,42.75,159.97
101.55,25.1,86,0,4,Cloudy,25.62,122.77
115.53,20.8,66,0,3,Cloudy,58.15,190.26
99.51,28.1,52,0,2,Cloudy,33.43,163.97
95.08,38.7,98,0,0,Rainy,0.0,80.0
106.7,20.2,67,0,6,Rainy,27.37,141.98
118.08,31.8,55,1,0,Sunny,94.33,278.09
110.88,30.0,49,0,2,Sunny,59.41,207.44
107.1,37.5,37,0,3,Cloudy,40.37,174.02
92.92,21.7,89,1,3,Rainy,2.57,108.99
108.45,33.6,64,0,5,Rainy,34.1,157.56
119.7,33.6,6,0,0,Sunny,97.36,293.13
94.2,33.4,17,0,2,Sunny,43.91,198.18
105.55,38.8,70,0,5,Cloudy,51.48,197.32
116.32,36.5,61,1,2,Sunny,88.63,264.75
112.22,20.8,47,0,0,Cloudy,51.24,205.99
110.91,29.4,49,0,2,Cloudy,49.25,179.96
111.07,28.0,35,1,2,Sunny,86.47,266.34
100.78,26.2,14,0,5,Rainy,34.79,163.51
98.81,29.0,27,1,1,Rainy,26.2,184.46
114.28,27.7,90,0,1,Sunny,51.17,158.49
114.3,28.6,33,0,4,Cloudy,64.63,226.23
116.01,39.6,35,0,5,Cloudy,81.75,268.55
117.4,21.8,82,1,4,Sunny,88.18,260.49
105.34,38.4,78,0,3,Sunny,50.89,180.61
105.05,29.6,22,1,1,Sunny,76.47,271.91
113.95,32.5,15,0,1,Rainy,37.7,180.01
109.5,36.6,51,0,1,Sunny,55.44,203.44
111.06,27.2,7,0,1,Sunny,73.73,253.31
113.87,28.6,6,0,3,Sunny,75.89,257.54
116.7,28.2,58,0,0,Sunny,66.78,217.72
100.14,27.5,76,1,3,Sunny,53.05,201.89
101.27,38.5,35,0,0,Sunny,55.32,219.61
92.82,36.6,12,0,4,Cloudy,30.89,172.46
107.35,22.2,47,1,1,Cloudy,61.93,214.27
91.08,22.2,52,0,5,Cloudy,38.62,161.96
103.97,28.6,6,1,5,Cloudy,92.76,314.56
106.28,22.0,26,0,0,Sunny,60.49,232.73
98.6,32.4,9,0,6,Cloudy,64.54,227.94
107.72,22.9,11,0,6,Sunny,87.27,289.88
90.92,30.4,24,0,6,Sunny,63.67,221.91
91.12,20.1,96,0,3,Sunny,21.55,121.1
114.68,26.3,81,1,0,Sunny,86.25,244.06
100.81,33.5,6,0,2,Sunny,59.72,246.8
93.81,29.7,36,0,4,Sunny,46.92,186.89
105.67,39.6,94,1,4,Cloudy,57.4,182.93
113.1,37.5,7,0,1,Cloudy,66.84,238.15
96.47,27.2,45,1,1,Sunny,57.77,237.5
108.69,20.9,46,0,3,Rainy,21.67,143.08
92.56,36.9,81,0,0,Cloudy,16.62,106.18
91.55,38.2,89,0,2,Rainy,0.0,80.0
105.94,36.4,49,0,4,Cloudy,41.94,162.01
106.22,22.6,91,0,0,Sunny,48.01,170.25
109.12,40.0,75,0,2,Rainy,19.52,112.63
111.78,25.2,21,0,5,Rainy,39.61,194.64
119.28,34.5,96,0,0,Sunny,53.45,179.53
105.49,38.2,51,1,1,Sunny,83.73,259.41
99.69,24.7,98,0,5,Sunny,51.03,177.74
113.86,38.2,73,0,5,Rainy,35.97,160.65
98.12,26.2,28,0,4,Sunny,41.35,186.68
103.17,39.5,75,0,2,Cloudy,26.01,128.17
92.35,25.6,38,0,6,Cloudy,44.68,189.73
90.76,39.1,54,0,1,Sunny,39.83,172.95
118.88,21.1,46,0,5,Cloudy,89.09,266.29
115.08,34.2,37,0,6,Cloudy,68.64,230.69
110.88,30.6,31,0,3,Sunny,65.54,230.09
102.27,29.6,82,1,3,Sunny,54.52,194.55
95.2,24.5,63,0,1,Rainy,0.0,104.4
94.69,34.1,23,0,2,Cloudy,28.48,154.58
97.51,23.8,80,0,2,Cloudy,19.53,112.14
106.48,31.1,7,0,4,Sunny,63.28,236.0
111.44,25.1,75,0,1,Sunny,57.27,184.51
109.81,39.1,29,0,3,Rainy,28.43,163.37
98.4,20.6,19,0,1,Cloudy,40.04,178.67
118.65,24.0,87,0,0,Sunny,64.42,189.82
112.14,24.8,64,0,2,Cloudy,57.22,212.48
106.63,28.3,87,0,5,Cloudy,59.42,186.63
108.35,24.7,27,0,0,Sunny,66.71,222.2
102.59,29.8,15,0,3,Rainy,23.94,159.67
97.43,37.4,63,0,2,Sunny,43.83,180.68
100.68,34.2,89,0,3,Cloudy,30.15,144.42
112.74,31.6,38,0,3,Sunny,72.11,224.11
90.43,21.8,11,0,3,Sunny,34.45,175.38
93.48,33.9,48,0,4,Rainy,6.86,115.14
91.38,23.3,95,0,3,Cloudy,10.36,95.88
91.22,35.7,68,0,3,Cloudy,11.96,99.74
115.66,25.0,27,0,0,Sunny,72.04,229.66
111.11,28.3,62,0,0,Rainy,25.97,132.21
104.23,27.0,24,0,0,Sunny,46.58,182.68
92.94,37.2,31,0,2,Cloudy,29.48,158.89
104.75,22.5,64,0,4,Rainy,9.65,119.92
104.2,31.3,12,0,2,Sunny,58.92,219.73
95.2,22.8,71,0,4,Sunny,29.21,150.73
103.02,34.1,6,0,4,Rainy,20.33,158.82
101.96,38.1,26,0,1,Rainy,25.4,156.24
108.48,28.7,74,0,5,Cloudy,44.87,155.45
109.05,29.8,40,0,1,Sunny,62.43,226.72
91.36,38.5,28,1,1,Cloudy,44.4,201.85
101.24,30.4,16,1,4,Sunny,86.98,270.76
108.78,29.8,85,0,4,Sunny,47.78,171.55
105.09,31.6,26,0,2,Sunny,49.22,195.9
115.69,33.8,87,0,4,Sunny,60.18,190.31
109.76,22.1,77,0,6,Sunny,61.08,198.36
94.89,36.4,80,0,3,Sunny,33.26,154.59
92.12,28.7,100,0,3,Cloudy,11.26,86.26
109.27,21.4,99,0,4,Cloudy,41.57,154.9
90.8,35.7,85,1,3,Rainy,6.63,115.06
107.57,27.5,27,0,4,Sunny,67.36,252.9
118.21,22.0,78,0,6,Sunny,79.12,236.82
107.26,32.7,67,1,1,Cloudy,57.85,208.52
101.65,37.6,34,0,4,Sunny,57.6,213.87
109.3,37.8,23,0,1,Sunny,60.9,235.53
103.75,39.2,30,0,6,Cloudy,61.44,218.3
106.37,37.4,94,0,0,Sunny,38.51,153.69
118.24,20.0,15,0,3,Rainy,52.08,228.79
101.58,27.6,24,0,6,Cloudy,55.44,211.92
118.84,36.4,60,0,0,Sunny,68.21,201.67
117.16,27.3,49,0,3,Sunny,71.26,221.88
95.87,32.0,72,0,6,Cloudy,44.65,171.72
92.08,32.1,51,0,6,Cloudy,35.16,156.09
93.02,27.3,80,1,5,Rainy,23.53,134.58
90.55,38.1,93,0,5,Cloudy,16.18,105.26
92.83,30.1,62,0,5,Sunny,40.73,171.81
110.49,29.3,14,0,0,Sunny,73.6,242.91
92.14,40.0,26,0,6,Cloudy,45.56,189.34
99.57,29.9,75,0,5,Sunny,52.09,192.53
115.35,23.6,28,0,4,Cloudy,73.33,239.13
90.7,30.3,70,1,5,Cloudy,41.69,180.84
114.43,36.3,100,1,0,Cloudy,73.24,216.94
98.46,35.5,89,1,6,Sunny,71.87,219.69
93.54,35.8,65,0,3,Cloudy,19.19,132.94
110.9,34.2,11,1,2,Sunny,95.01,285.62
108.87,25.1,76,0,3,Cloudy,37.09,157.31
116.32,37.2,42,1,2,Cloudy,83.48,268.69
112.05,37.9,25,1,4,Cloudy,91.33,293.68
114.1,23.9,12,1,6,Sunny,100.0,306.0
98.46,22.6,93,0,3,Cloudy,18.63,112.04
95.32,39.5,32,0,0,Cloudy,29.6,142.66
112.52,37.4,96,0,4,Sunny,47.0,156.24
114.21,37.9,58,0,3,Rainy,26.89,145.81
119.72,37.7,35,0,4,Cloudy,63.6,233.74
102.38,30.8,93,0,6,Cloudy,39.35,164.1
101.16,32.9,45,0,6,Sunny,63.51,214.08
113.29,30.9,41,0,2,Rainy,30.62,166.61
100.22,21.0,42,0,4,Cloudy,26.24,150.06
117.92,34.9,55,1,6,Cloudy,94.61,264.87
115.75,30.1,80,0,0,Cloudy,49.39,178.75
102.87,33.0,41,0,3,Sunny,61.49,229.84
112.53,30.1,35,0,2,Sunny,68.42,227.61
112.64,29.8,66,0,4,Sunny,63.83,199.64
93.09,23.4,22,0,1,Sunny,40.91,188.18
117.08,25.6,94,0,2,Cloudy,53.91,174.05
105.16,23.2,10,1,2,Sunny,80.01,294.9
114.79,23.9,13,0,0,Cloudy,70.82,254.01
99.6,39.5,15,0,0,Cloudy,49.1,206.92
116.87,23.1,99,0,4,Sunny,59.07,158.66
101.68,25.4,6,0,1,Sunny,71.53,249.62
90.33,31.8,33,0,2,Cloudy,22.67,164.12
117.16,32.2,55,0,4,Sunny,76.31,235.5
92.74,23.1,73,0,5,Sunny,47.99,181.45
99.58,35.9,27,0,1,Cloudy,41.52,189.37
118.5,35.7,11,0,4,Cloudy,83.65,266.18
118.52,24.7,60,0,2,Cloudy,59.04,214.81
107.2,25.8,81,1,4,Cloudy,56.62,197.92
108.96,38.8,66,0,0,Rainy,18.61,119.83
103.45,36.5,78,1,0,Sunny,55.41,195.92
98.8,34.0,84,0,3,Rainy,1.8,97.66
99.86,21.6,19,0,1,Sunny,57.12,206.47
110.18,28.4,57,0,5,Cloudy,62.64,211.41
112.57,31.2,47,0,2,Cloudy,63.57,216.51
113.75,23.7,87,0,1,Cloudy,42.33,145.38
113.69,29.0,89,0,0,Rainy,10.18,104.97
92.74,32.0,39,0,5,Sunny,61.92,219.0
104.83,26.5,83,0,2,Sunny,47.4,175.86
91.73,35.6,18,1,3,Sunny,65.32,252.68
106.49,36.8,97,1,0,Sunny,58.93,192.13
103.25,26.5,73,0,0,Cloudy,34.68,146.48
116.63,36.8,53,0,5,Sunny,77.74,227.04
100.53,22.1,22,0,1,Rainy,18.07,141.36
93.51,36.8,55,0,6,Cloudy,34.25,159.24
94.29,23.1,5,0,4,Sunny,51.24,207.03
112.85,21.7,31,0,6,Sunny,89.59,275.42
108.55,32.8,68,1,1,Sunny,67.18,214.7
93.03,29.4,64,0,0,Rainy,0.0,80.0
92.52,38.2,95,0,1,Cloudy,11.28,93.19
111.03,27.3,93,0,4,Sunny,52.06,173.69
92.18,25.7,45,0,3,Sunny,33.56,152.84
114.66,30.0,25,0,2,Sunny,78.0,245.8
111.19,29.1,18,0,0,Sunny,67.9,233.18
92.44,26.9,24,0,1,Cloudy,23.05,150.5
92.55,33.9,96,1,0,Cloudy,22.75,130.33
119.6,35.2,89,0,2,Sunny,60.18,193.94
101.23,37.1,91,0,1,Rainy,0.0,80.0
101.12,39.5,15,1,3,Sunny,84.93,272.06
114.38,25.3,70,0,2,Sunny,60.16,199.39
118.42,34.3,88,0,4,Cloudy,55.82,185.62
119.58,27.9,28,0,4,Sunny,84.91,276.74
112.6,33.5,93,1,0,Sunny,71.03,225.53
101.29,29.5,41,0,4,Cloudy,57.31,197.6
92.51,39.9,90,0,1,Sunny,36.4,144.38
113.31,34.6,28,0,4,Sunny,78.53,256.01
106.75,39.0,19,0,3,Cloudy,49.9,198.52
102.73,36.7,16,0,5,Sunny,81.45,260.81
117.19,38.1,99,0,1,Sunny,47.34,166.11
93.34,36.3,68,1,5,Sunny,71.59,231.86
104.78,29.2,35,0,0,Cloudy,33.89,168.51
90.34,25.0,57,1,0,Sunny,46.82,185.54
104.06,27.4,98,0,6,Rainy,22.74,105.36
91.69,20.4,88,0,4,Rainy,0.0,80.0
93.56,30.5,76,1,4,Sunny,40.15,168.55
93.53,30.1,48,0,0,Rainy,1.74,92.38
109.48,30.5,34,0,1,Cloudy,55.94,209.08
112.38,39.5,39,0,2,Sunny,67.9,230.85
107.5,38.2,25,0,0,Cloudy,51.72,200.05
118.87,23.2,67,0,6,Cloudy,77.47,234.18
101.25,27.4,96,0,3,Sunny,38.79,149.03
98.57,28.5,21,0,1,Sunny,50.79,203.48
116.06,27.2,16,0,2,Sunny,86.89,270.07
96.71,36.0,22,0,6,Sunny,62.68,224.17
118.9,30.5,96,0,6,Sunny,72.1,199.92
90.36,31.4,64,0,2,Cloudy,23.13,137.39
119.1,37.1,71,0,6,Sunny,88.95,242.84
91.29,36.1,19,0,1,Sunny,38.14,177.91
116.73,22.6,20,1,0,Sunny,95.28,300.47
105.83,34.3,26,0,2,Rainy,34.77,172.65
119.79,28.7,99,0,3,Sunny,59.47,183.04
92.21,25.9,67,0,5,Sunny,43.24,155.63
106.62,21.0,35,0,1,Sunny,58.16,208.01
119.08,29.7,5,0,4,Cloudy,83.73,286.65
105.69,27.1,79,0,5,Sunny,70.56,198.26
108.88,25.0,10,0,0,Sunny,70.67,261.21
110.87,33.9,91,0,6,Sunny,76.1,218.56
103.64,35.4,13,0,1,Sunny,58.78,220.04
108.83,24.9,56,0,3,Cloudy,45.03,176.41
107.53,21.0,84,0,5,Sunny,64.46,208.87
117.03,37.0,66,0,5,Sunny,76.67,211.78
91.36,20.2,62,1,2,Cloudy,41.75,190.47
98.43,38.7,23,0,0,Sunny,48.15,202.3
118.51,32.6,17,0,0,Cloudy,64.95,241.5
116.71,26.4,36,0,1,Sunny,65.55,211.0
103.67,24.9,13,0,1,Rainy,24.99,161.65
108.6,20.2,53,0,3,Rainy,24.09,123.24
98.32,24.7,41,0,6,Cloudy,43.38,192.16
95.64,22.8,35,0,6,Rainy,23.86,142.58
103.91,32.2,35,0,4,Sunny,56.27,200.81
100.6,23.3,63,0,1,Cloudy,31.16,134.12
107.51,30.6,59,1,5,Sunny,83.93,260.13
92.33,31.8,23,0,1,Cloudy,32.8,173.11
119.23,26.0,67,0,1,Sunny,68.04,207.98
119.59,20.7,6,0,6,Sunny,100.0,304.1
110.94,20.7,49,0,3,Rainy,20.25,130.72
106.08,20.5,100,0,2,Sunny,39.69,132.38
99.29,34.8,47,0,4,Cloudy,28.47,149.83
114.41,26.4,5,1,3,Cloudy,88.94,305.74
110.54,35.9,89,0,1,Sunny,43.64,166.82
94.88,28.6,65,0,2,Sunny,28.23,146.96
117.33,29.1,7,0,1,Sunny,83.87,274.42
114.68,30.3,95,0,3,Rainy,15.69,102.83
118.49,34.3,48,1,0,Rainy,65.67,235.1
111.77,25.5,11,0,1,Cloudy,70.25,250.48
108.4,22.4,37,1,6,Rainy,65.53,233.78
102.55,31.1,13,0,2,Sunny,63.85,235.01
117.98,26.5,34,0,4,Sunny,77.42,234.52
115.98,28.8,22,1,0,Sunny,100.0,300.16
91.36,32.9,60,0,1,Cloudy,17.56,117.07
90.79,29.9,94,0,1,Sunny,28.58,119.75
101.29,32.4,88,0,2,Cloudy,20.83,122.26
114.32,30.9,35,0,6,Cloudy,70.33,223.98
119.62,34.8,76,0,6,Sunny,74.65,227.52
94.51,34.1,67,0,0,Sunny,25.56,145.77
107.82,30.7,91,0,0,Sunny,36.29,144.33
101.43,33.6,54,0,0,Cloudy,37.01,159.77
119.1,37.5,93,1,1,Sunny,85.02,249.78
115.26,28.6,5,0,0,Sunny,81.57,273.74
115.15,28.3,86,0,1,Cloudy,40.0,163.56
104.06,35.3,23,0,1,Sunny,56.84,207.16
102.44,31.7,68,0,5,Sunny,62.47,201.37
98.2,21.4,57,0,0,Cloudy,28.49,146.04
91.69,37.8,10,0,3,Cloudy,30.54,176.66
115.94,20.6,21,0,6,Cloudy,75.04,254.58
114.39,35.0,50,0,4,Sunny,64.47,217.14
119.99,35.2,76,0,4,Sunny,63.67,212.3
119.9,39.1,77,0,3,Cloudy,56.32,184.87
106.66,21.1,59,0,0,Sunny,54.68,185.53
113.07,31.9,95,0,1,Rainy,14.69,98.62
118.34,28.6,10,0,2,Sunny,85.44,267.47
115.49,26.6,74,0,3,Sunny,63.39,198.46
97.42,21.8,72,0,4,Sunny,28.38,137.93
103.52,31.3,90,0,4,Rainy,12.7,101.05
93.87,29.6,44,1,1,Cloudy,43.91,193.88
118.62,22.1,95,0,4,Sunny,62.02,185.44
108.19,32.2,70,0,4,Cloudy,35.6,162.47
96.86,34.8,13,0,1,Sunny,51.94,196.49
110.15,35.3,15,0,0,Sunny,71.46,228.31
108.54,38.1,24,0,6,Sunny,88.91,281.05
100.74,28.2,47,1,5,Sunny,80.85,264.42
93.41,39.1,62,0,6,Sunny,53.01,199.33
110.15,37.3,82,0,4,Sunny,52.07,182.83
105.61,25.9,30,0,5,Sunny,83.67,260.63
113.17,23.2,42,0,5,Sunny,73.25,233.79
105.6,28.7,98,0,0,Sunny,41.42,137.74
115.57,28.0,40,0,2,Rainy,22.98,147.55
106.56,31.5,59,1,0,Cloudy,61.85,205.33
106.83,31.7,10,0,1,Rainy,37.35,206.95
116.3,35.0,7,0,1,Sunny,89.58,274.48
102.1,30.2,69,1,1,Sunny,66.15,218.97
94.02,22.1,68,0,4,Cloudy,19.18,137.57
90.86,37.2,62,0,3,Cloudy,20.42,127.83
112.65,26.2,62,0,4,Cloudy,62.96,204.46
108.61,39.4,22,1,0,Cloudy,76.69,241.35
111.12,22.4,27,0,2,Cloudy,63.39,215.12
96.39,39.2,100,0,2,Cloudy,12.44,101.88
94.09,21.8,33,0,2,Cloudy,36.59,187.74
90.44,24.6,27,0,5,Rainy,22.08,144.12
100.52,20.9,40,0,2,Rainy,10.72,125.88
107.7,34.1,74,1,5,Sunny,88.23,278.49
101.77,37.0,85,0,3,Sunny,41.27,161.33
103.12,28.7,86,0,6,Sunny,57.59,193.46
117.12,38.6,99,0,2,Sunny,55.78,169.78
100.45,31.8,10,1,5,Sunny,98.82,320.29
105.42,32.6,38,0,4,Sunny,52.05,194.16
113.51,36.9,48,1,2,Sunny,85.91,258.7
101.9,25.9,48,1,1,Cloudy,59.0,229.04
108.66,27.1,31,1,0,Sunny,89.55,275.6
115.87,38.1,56,1,4,Cloudy,72.17,236.88
118.49,38.0,46,1,3,Sunny,95.13,296.25
94.41,39.5,29,0,4,Rainy,5.46,113.01
117.8,38.0,78,0,1,Cloudy,53.84,181.02
104.76,22.5,43,0,2,Sunny,56.21,199.79
97.75,36.5,43,0,2,Rainy,2.33,105.06
103.77,28.2,16,0,3,Sunny,67.18,238.24
119.4,39.8,15,0,6,Rainy,66.74,248.35
104.78,29.4,7,0,0,Cloudy,50.77,226.03
99.86,31.1,26,1,2,Sunny,70.29,249.76
109.0,30.6,8,0,5,Sunny,93.57,283.62
97.2,26.4,12,0,3,Sunny,54.29,222.14
92.28,21.5,18,0,6,Rainy,18.19,148.78
93.87,37.9,88,0,6,Cloudy,25.48,127.17
93.84,36.1,92,0,6,Sunny,41.29,145.06
94.56,22.8,18,1,2,Sunny,70.16,239.35
94.16,35.5,96,0,5,Sunny,39.26,147.52
109.23,32.5,20,0,6,Sunny,81.38,252.93
95.46,28.2,36,0,4,Rainy,11.43,123.34
100.37,25.1,68,0,3,Sunny,38.6,172.33
116.9,37.2,80,0,3,Sunny,57.08,187.19
104.22,34.0,20,0,3,Rainy,33.26,183.73
110.03,31.0,56,1,2,Sunny,80.68,254.6
95.17,32.2,23,0,3,Sunny,41.93,193.65
95.77,21.8,73,0,4,Sunny,32.42,142.46
91.23,29.5,16,1,0,Cloudy,52.18,230.14
95.07,23.9,97,1,0,Cloudy,31.75,146.14
98.36,24.2,9,0,1,Sunny,56.0,219.19
95.31,33.2,46,0,4,Cloudy,24.52,148.62
92.66,38.2,21,0,4,Cloudy,37.06,175.49
93.62,28.1,76,0,3,Cloudy,17.6,116.33
103.82,24.2,98,0,6,Rainy,8.29,90.48
96.19,33.0,14,0,1,Sunny,48.94,201.89
100.93,37.4,88,0,5,Sunny,46.91,177.91
105.1,35.0,20,0,5,Cloudy,51.7,204.74
110.71,37.4,20,0,4,Sunny,69.29,256.38
91.18,30.7,46,1,4,Sunny,58.15,217.21
113.98,35.0,7,0,4,Sunny,78.33,260.63
108.84,22.8,27,0,2,Cloudy,58.7,213.12
92.45,27.0,90,0,4,Sunny,21.72,122.48
116.21,27.8,32,0,5,Sunny,87.43,273.53
117.63,30.2,49,0,2,Sunny,68.08,202.74
91.83,38.6,72,0,6,Cloudy,24.73,133.56
98.31,37.5,28,0,5,Cloudy,58.69,200.73
114.19,22.7,23,0,4,Sunny,78.03,261.81
112.45,23.5,79,0,6,Cloudy,58.58,198.94
95.54,27.2,44,0,5,Cloudy,34.98,166.3
96.28,25.8,50,0,0,Cloudy,31.78,158.87
101.11,32.3,44,0,6,Sunny,58.95,197.67
104.54,38.1,66,0,2,Cloudy,37.72,155.52
108.55,39.2,22,0,6,Rainy,38.52,178.43
101.07,33.1,16,0,2,Sunny,57.26,216.48
103.88,36.8,18,0,6,Sunny,74.76,257.54
112.42,30.5,86,0,3,Sunny,40.79,165.67
91.1,24.2,65,0,4,Cloudy,25.24,142.82
97.57,30.5,16,0,1,Cloudy,39.93,186.29
111.4,31.1,31,0,6,Sunny,81.5,250.24
116.86,34.8,10,1,1,Sunny,100.0,310.72
105.35,24.4,92,0,1,Rainy,5.17,90.68
105.96,27.4,37,0,1,Cloudy,49.67,194.13
93.22,27.3,84,1,0,Rainy,3.9,94.75
103.42,39.2,54,0,1,Rainy,13.22,126.72
105.98,28.9,16,0,5,Sunny,69.62,248.03
97.27,35.1,99,0,3,Sunny,25.02,110.05
98.08,35.0,61,0,1,Cloudy,36.04,156.3
101.32,25.3,57,0,3,Sunny,37.35,169.95
90.6,31.4,17,0,2,Sunny,39.05,194.7
99.66,37.9,76,0,6,Sunny,41.07,161.45
96.34,29.5,7,0,5,Rainy,32.45,182.84
99.82,38.9,68,0,4,Sunny,41.67,168.02
93.59,24.3,88,0,6,Sunny,40.91,162.27
116.72,21.5,62,0,6,Cloudy,68.46,208.36
107.81,37.8,8,0,1,Rainy,23.59,165.6
110.37,37.0,49,0,3,Rainy,19.65,128.76
113.68,39.9,70,0,5,Cloudy,70.8,226.14
104.95,33.6,40,0,3,Sunny,59.82,204.22
92.61,38.7,27,0,4,Sunny,40.35,187.41
106.11,36.5,23,1,2,Rainy,48.08,202.98
107.61,36.9,44,0,1,Sunny,53.07,204.54
112.36,31.4,76,0,3,Cloudy,52.2,184.47
102.95,27.6,20,0,6,Sunny,69.83,242.61
93.83,38.7,62,0,1,Sunny,34.33,171.48
98.51,28.6,22,0,5,Cloudy,49.53,197.53
100.89,30.8,40,0,0,Rainy,13.45,136.61
109.38,28.9,28,1,6,Rainy,71.91,259.81
107.12,31.3,5,0,3,Rainy,29.45,182.92
100.68,29.4,5,1,2,Cloudy,73.27,258.97
119.6,21.0,68,0,5,Cloudy,68.59,212.58
108.17,37.6,66,0,4,Rainy,12.95,110.46
97.12,28.9,40,0,3,Sunny,43.63,181.16
93.05,31.8,79,1,0,Rainy,15.74,117.1
94.59,22.8,22,0,4,Cloudy,33.79,171.91
97.38,20.1,20,0,2,Rainy,18.16,159.43
94.82,24.9,21,1,1,Cloudy,61.65,232.92
95.6,34.1,28,0,1,Sunny,41.14,185.9
98.55,22.0,72,0,3,Sunny,28.6,134.68
95.2,38.2,83,0,4,Sunny,26.12,130.4
116.9,24.3,6,0,0,Sunny,89.92,290.47
92.41,24.1,99,1,0,Sunny,34.85,152.14
105.74,23.6,77,0,2,Cloudy,40.58,170.89
102.31,20.3,14,0,5,Sunny,72.96,239.64
119.47,35.4,57,0,4,Sunny,80.89,236.05
93.36,37.5,93,0,4,Rainy,0.0,80.0
101.94,32.3,55,0,1,Sunny,51.56,202.51
119.08,23.8,73,0,6,Rainy,38.49,160.18
115.97,25.7,18,0,2,Sunny,66.53,224.42
114.51,29.5,70,0,2,Rainy,26.07,145.67
97.74,39.1,86,0,5,Sunny,50.34,173.49
95.13,24.9,97,0,2,Cloudy,16.09,112.59
110.06,34.6,57,0,4,Cloudy,44.37,189.04
117.88,28.8,88,0,6,Rainy,32.99,132.56
106.7,26.0,68,0,1,Sunny,54.3,201.41
107.15,29.1,76,1,2,Sunny,77.22,235.39
98.4,21.4,53,0,1,Rainy,3.35,101.22
113.08,36.0,94,0,5,Sunny,70.55,206.23
95.61,24.9,66,0,2,Sunny,46.63,166.4
99.71,34.5,41,0,4,Sunny,46.32,187.71
102.76,21.4,53,0,1,Sunny,47.4,181.87
105.23,39.1,72,0,3,Sunny,49.04,169.77
97.27,23.9,37,0,6,Sunny,58.39,206.42
93.45,37.7,26,0,5,Sunny,64.06,236.42
108.32,36.2,74,0,2,Sunny,48.26,173.44
98.66,39.4,37,0,4,Sunny,46.73,182.77
107.44,29.6,32,0,1,Cloudy,44.34,192.4
94.63,34.5,92,0,0,Rainy,0.0,85.13
104.43,27.4,8,0,4,Sunny,59.21,227.57
105.98,23.7,70,0,4,Rainy,14.7,106.58
91.55,28.9,81,0,0,Rainy,0.0,80.0
100.1,23.3,53,0,0,Cloudy,39.15,161.76
94.03,39.6,15,0,6,Rainy,22.19,165.88
91.9,21.9,39,0,3,Sunny,45.07,194.33
119.7,31.8,43,0,3,Rainy,48.5,184.44
99.67,32.5,14,1,3,Cloudy,67.98,248.48
114.3,30.8,78,0,4,Sunny,50.35,182.22
97.64,33.2,76,0,6,Cloudy,35.52,149.83
110.45,22.3,73,1,4,Cloudy,59.29,212.71
112.81,31.1,27,0,4,Sunny,67.25,231.78
107.87,25.7,38,0,3,Sunny,68.29,232.77
104.15,38.8,36,0,1,Cloudy,44.66,184.8
102.36,35.2,20,1,6,Cloudy,79.24,261.37
100.47,39.5,72,0,4,Cloudy,25.36,143.97
117.89,20.8,58,0,4,Cloudy,56.77,186.17
114.92,25.7,32,0,4,Sunny,75.44,240.0
118.95,23.9,64,0,3,Sunny,61.09,202.21
93.73,20.2,82,0,2,Rainy,0.0,90.87
111.93,24.8,80,0,3,Rainy,21.01,115.78
118.15,33.6,64,0,2,Cloudy,49.35,182.84
95.44,24.6,89,0,3,Rainy,0.0,80.0
91.99,30.2,84,0,6,Rainy,2.55,91.12
112.23,37.8,48,0,1,Sunny,71.16,243.67
107.23,33.9,6,0,1,Sunny,75.06,241.44
115.25,27.9,27,0,4,Sunny,71.74,234.81
94.19,27.4,97,1,3,Sunny,49.24,181.82
113.86,29.1,50,0,2,Cloudy,54.19,221.09
96.05,23.5,77,0,2,Sunny,29.33,144.0
94.91,32.7,58,0,1,Rainy,0.43,90.95
94.93,27.3,75,0,4,Cloudy,24.09,129.67
114.44,37.0,97,0,6,Cloudy,54.51,164.8
109.96,35.1,85,0,2,Sunny,47.44,174.34
105.69,32.2,13,0,3,Sunny,58.4,231.98
100.76,27.3,74,0,4,Cloudy,30.7,154.51
116.32,24.2,48,0,5,Rainy,54.74,196.89
101.77,35.5,88,0,3,Rainy,6.23,85.76
114.5,29.7,78,0,3,Cloudy,41.51,172.69
103.17,24.5,77,1,1,Sunny,59.75,215.09
101.31,23.9,16,0,6,Sunny,78.39,250.2
103.88,23.3,36,0,3,Rainy,21.18,142.12
99.04,35.5,38,0,0,Sunny,47.33,197.51
112.43,24.6,87,0,4,Cloudy,42.6,156.15
105.08,30.5,37,0,0,Cloudy,49.23,195.37
96.97,29.0,68,0,6,Sunny,51.48,171.91
116.99,31.6,52,0,3,Sunny,67.0,210.63
101.52,37.5,20,0,3,Rainy,25.68,160.49
106.31,37.4,54,0,1,Rainy,12.25,114.45
117.19,29.0,27,0,1,Rainy,49.3,191.06
108.73,20.3,30,0,5,Sunny,74.61,241.79
93.51,28.5,58,0,1,Sunny,35.6,153.06
118.19,32.1,48,0,5,Rainy,52.07,194.95
108.83,31.2,41,0,6,Sunny,73.56,244.86
100.05,33.0,13,0,6,Cloudy,67.96,238.42
94.18,23.1,98,0,1,Sunny,25.58,118.64
113.82,32.9,17,0,5,Cloudy,80.34,269.7
108.6,23.7,64,0,2,Sunny,62.43,211.24
106.0,35.0,84,0,1,Rainy,13.7,114.05
116.82,26.8,6,1,3,Rainy,64.4,227.75
113.66,34.2,99,0,5,Sunny,54.49,169.99
94.55,21.0,64,0,3,Sunny,33.16,148.11
99.35,28.2,61,0,5,Cloudy,52.64,182.66
97.45,34.1,47,0,4,Sunny,45.14,191.17
112.32,24.5,23,0,5,Rainy,59.45,216.16
91.01,35.9,15,0,0,Sunny,39.02,176.61
107.1,32.6,82,1,5,Sunny,80.46,240.8
112.87,31.8,51,1,5,Cloudy,88.55,268.82
116.3,27.1,93,1,2,Cloudy,67.76,203.09
100.26,29.6,67,0,2,Sunny,44.13,179.08
114.64,31.9,11,1,6,Sunny,100.0,313.75
93.32,29.4,83,0,4,Sunny,34.29,149.45
115.39,34.0,98,0,4,Sunny,62.02,191.51
93.82,28.7,35,0,1,Sunny,43.58,194.67
101.92,24.0,92,0,4,Rainy,0.0,80.0
113.92,24.3,59,0,2,Sunny,64.31,201.32
94.5,20.1,29,0,0,Sunny,46.32,192.22
96.88,26.0,76,0,5,Cloudy,38.19,142.5
111.67,35.0,34,0,0,Sunny,62.73,212.42
111.6,35.9,40,0,2,Rainy,28.09,168.51
109.23,24.0,54,0,1,Cloudy,51.99,182.78
110.82,39.2,18,1,0,Sunny,89.6,277.88
106.28,30.0,33,0,5,Rainy,39.64,185.22
97.55,38.3,31,0,5,Sunny,61.64,227.36
100.37,34.1,54,0,0,Cloudy,29.9,138.48
95.45,34.4,40,1,1,Rainy,25.32,162.56
117.25,21.7,38,0,0,Rainy,37.19,168.56
107.5,24.4,25,0,3,Sunny,60.29,223.67
102.03,20.2,42,0,6,Sunny,60.15,209.84
103.86,34.3,79,1,2,Sunny,61.59,195.43
118.42,26.9,83,0,0,Cloudy,55.82,180.12
94.6,35.7,80,0,0,Rainy,0.0,90.01
107.59,26.8,92,0,1,Sunny,36.81,160.81
105.18,36.4,54,1,0,Sunny,79.6,254.39
108.34,22.6,41,0,1,Rainy,26.68,149.4
90.54,23.5,79,0,2,Sunny,16.48,105.73
116.16,26.8,23,0,3,Sunny,75.33,247.82
117.96,28.2,5,0,4,Sunny,76.06,256.38
106.95,27.0,85,0,2,Sunny,36.82,151.23
110.9,35.3,44,0,0,Rainy,36.76,168.68
117.67,21.9,59,1,6,Rainy,65.32,226.91
111.22,27.0,84,0,3,Sunny,54.31,177.88
94.58,36.7,30,1,4,Rainy,27.31,182.83
107.29,21.3,47,0,4,Sunny,56.92,208.63
108.2,38.8,63,1,5,Rainy,55.24,197.28
102.72,39.7,55,0,5,Sunny,52.17,199.41
112.09,21.8,19,0,0,Rainy,44.03,185.51
118.03,25.8,12,0,5,Sunny,97.95,288.48
117.77,27.4,98,0,4,Sunny,54.73,168.1
103.53,35.5,18,0,4,Rainy,27.23,175.64
93.4,31.9,11,0,2,Sunny,43.19,195.81
119.55,32.9,22,0,5,Rainy,63.76,223.74
115.17,35.2,16,0,5,Sunny,92.12,284.13
93.74,22.4,6,0,2,Sunny,52.36,220.59
117.63,36.7,54,0,4,Rainy,34.17,172.22
116.1,34.1,97,0,1,Cloudy,39.9,136.34
105.57,31.5,25,0,0,Sunny,62.66,235.39
107.74,37.8,11,0,1,Sunny,66.95,223.48
101.97,34.0,95,0,1,Cloudy,15.35,112.38
91.64,24.0,16,0,4,Sunny,43.65,204.88
100.06,28.6,88,0,0,Sunny,31.0,146.51
114.09,29.9,61,0,1,Cloudy,54.56,197.25
90.14,21.1,82,0,6,Cloudy,21.33,113.88
100.0,39.1,78,0,6,Rainy,10.58,111.01
101.95,22.6,27,0,6,Cloudy,65.72,221.25
106.12,33.9,34,0,2,Sunny,63.2,214.25
117.6,30.1,62,0,2,Sunny,67.76,212.32
100.39,20.5,99,0,0,Sunny,33.07,132.1
100.41,38.5,56,0,1,Sunny,47.86,185.08
112.13,37.0,60,0,6,Sunny,75.14,224.68
103.57,30.5,14,0,3,Rainy,20.11,156.83
96.74,24.6,23,0,5,Rainy,29.7,155.99
103.57,22.4,23,0,3,Cloudy,53.47,210.06
94.23,27.3,91,0,0,Cloudy,17.0,107.93
95.29,25.1,63,0,5,Sunny,49.33,190.41
104.95,30.1,48,0,0,Cloudy,45.85,192.45
102.57,39.3,63,0,3,Rainy,8.84,108.04
117.45,31.5,100,1,1,Cloudy,71.39,197.82
100.87,37.8,88,0,1,Sunny,41.64,144.16
107.42,33.0,8,0,4,Cloudy,52.25,224.03
108.97,29.5,69,0,5,Cloudy,63.33,203.35
90.39,37.1,17,0,0,Sunny,51.68,223.51
109.91,29.4,71,0,1,Sunny,56.19,197.81
95.34,37.4,16,0,3,Cloudy,43.13,196.68
118.83,25.8,97,1,5,Cloudy,80.91,233.17
94.46,22.6,59,0,3,Rainy,0.0,86.31
102.44,37.1,65,0,2,Sunny,43.11,165.05
92.56,31.7,99,0,1,Sunny,17.13,109.66
119.91,37.8,45,1,6,Sunny,100.0,289.74
105.07,38.8,40,0,6,Sunny,69.74,234.27
107.86,21.1,6,0,4,Cloudy,64.17,245.75
92.01,30.0,26,1,4,Rainy,18.73,154.27
112.5,27.5,26,0,5,Cloudy,76.84,246.87
96.3,32.5,45,0,0,Rainy,6.69,107.37
116.94,35.9,99,0,2,Sunny,54.21,179.75
96.15,25.6,18,0,5,Sunny,66.31,241.39
95.72,31.1,97,1,3,Sunny,46.49,187.69
91.1,34.2,39,1,3,Cloudy,43.08,194.46
104.16,22.7,54,1,0,Sunny,75.35,242.85
106.95,36.3,13,0,4,Cloudy,59.32,229.02
91.97,32.1,100,0,4,Sunny,25.82,119.18
113.27,39.0,63,0,3,Sunny,60.67,195.62
103.6,26.8,60,0,6,Sunny,60.79,205.13
105.73,22.2,95,0,0,Sunny,39.06,151.46
103.22,30.1,14,0,5,Rainy,46.53,205.94
102.02,21.7,29,0,1,Rainy,18.59,147.52
106.79,39.4,49,1,5,Sunny,90.05,281.09
94.66,20.8,15,0,2,Rainy,22.29,161.79
95.46,35.1,13,0,4,Cloudy,32.56,179.28
115.85,30.5,11,0,5,Cloudy,87.26,266.45
118.38,27.4,75,0,4,Sunny,64.77,206.05
101.2,21.3,38,0,4,Cloudy,39.15,175.1
98.12,32.4,87,1,1,Sunny,46.32,165.9
109.32,31.7,24,0,6,Sunny,78.46,258.24
102.26,25.6,93,0,1,Sunny,33.45,142.86
90.76,38.2,9,0,5,Cloudy,50.92,215.56
94.68,26.1,97,0,2,Cloudy,17.19,111.89
111.48,29.0,59,0,4,Rainy,15.62,124.62
109.77,30.9,95,0,3,Cloudy,30.14,129.78
90.81,22.0,93,0,4,Rainy,0.0,92.66
96.66,38.6,19,0,2,Cloudy,42.45,193.1
96.93,27.5,52,0,5,Sunny,47.48,164.12
110.16,21.6,8,0,2,Cloudy,67.21,222.55
90.59,27.7,82,0,3,Sunny,21.22,131.83
93.12,32.0,85,0,1,Cloudy,17.92,100.08
114.0,30.3,25,0,3,Cloudy,59.24,214.77
95.36,33.9,84,0,2,Cloudy,10.88,92.87
109.58,21.1,94,0,3,Sunny,44.63,155.91
97.15,25.7,13,0,4,Cloudy,40.5,194.48
92.98,36.4,70,0,2,Sunny,26.87,133.06
97.3,21.6,83,0,6,Sunny,44.09,156.34
111.67,37.1,39,0,5,Cloudy,79.27,254.01
115.67,21.8,92,0,1,Cloudy,37.41,167.39
114.91,36.7,55,0,1,Sunny,61.64,212.77
101.92,27.2,82,0,3,Cloudy,26.18,123.81
110.04,32.2,41,0,3,Cloudy,52.88,206.66
96.15,23.1,10,0,6,Sunny,69.78,259.56
98.79,21.3,86,0,6,Cloudy,41.72,165.6
116.89,24.3,90,0,3,Sunny,63.72,182.34
90.39,22.6,86,0,5,Cloudy,27.19,135.17
92.57,26.2,55,1,4,Sunny,43.7,182.48
96.24,30.3,70,0,1,Sunny,25.03,135.48
90.8,31.8,100,0,2,Rainy,0.0,80.0
95.44,35.8,21,0,2,Rainy,17.28,151.54
107.49,33.1,69,0,1,Cloudy,43.72,166.37
102.64,32.2,13,0,5,Sunny,70.96,257.58
116.78,28.2,17,0,6,Sunny,93.46,284.7
114.52,29.5,62,1,6,Cloudy,86.19,257.36
100.25,28.3,34,0,3,Sunny,45.06,193.68
97.78,36.8,35,0,0,Rainy,12.47,132.8
101.39,24.6,27,0,3,Sunny,64.76,232.88
107.71,20.1,67,0,5,Sunny,63.99,205.61
98.04,33.0,32,0,1,Cloudy,43.95,198.78
108.72,24.0,63,0,4,Cloudy,39.76,172.99
102.28,37.8,14,0,3,Sunny,51.54,210.67
106.56,37.2,93,0,6,Rainy,26.88,133.46
103.08,21.5,94,0,2,Cloudy,25.33,121.49
98.83,22.1,30,0,4,Rainy,20.61,151.66
118.45,29.9,81,0,1,Cloudy,60.73,200.43
112.91,32.2,21,0,6,Cloudy,76.67,254.5
94.2,25.5,44,0,0,Sunny,44.82,177.12
116.05,34.3,72,0,3,Cloudy,48.1,166.03
104.62,31.9,27,0,4,Cloudy,44.38,193.72
116.84,26.5,39,0,4,Sunny,78.92,241.76
114.0,20.5,79,0,2,Sunny,49.55,183.13
102.76,35.0,80,0,6,Cloudy,45.13,154.16
90.67,24.3,13,1,3,Sunny,68.36,262.08
98.06,36.7,83,0,0,Sunny,38.77,153.7
106.25,28.4,49,0,4,Sunny,52.51,188.18
109.0,31.5,41,0,2,Sunny,66.25,220.14
97.74,37.5,73,0,6,Cloudy,34.09,148.23
94.18,37.3,23,0,3,Sunny,41.03,191.23
115.05,27.4,79,0,3,Sunny,60.02,183.74
119.53,24.2,77,0,6,Sunny,83.09,228.38
105.77,35.5,31,0,6,Sunny,69.12,231.32
95.15,28.7,17,0,6,Cloudy,61.94,227.74
98.17,23.8,61,0,0,Sunny,29.57,153.45
90.55,38.1,64,0,2,Sunny,26.9,143.57
117.43,24.0,16,0,6,Sunny,97.32,289.07
93.53,20.5,13,0,0,Rainy,2.66,125.19
107.3,20.4,96,0,4,Sunny,48.76,166.1
98.22,32.4,81,0,5,Rainy,9.33,99.28
106.63,33.2,88,1,6,Sunny,79.03,234.18
109.54,26.2,81,0,1,Cloudy,41.65,142.27
114.89,26.4,31,0,1,Sunny,65.77,235.35
96.19,26.8,94,0,0,Sunny,20.73,119.69
90.33,33.6,67,0,0,Cloudy,23.21,145.26
94.11,21.2,97,0,5,Cloudy,26.73,118.13
117.0,38.6,33,0,5,Sunny,77.12,251.88
116.22,24.5,26,0,5,Sunny,90.02,258.79
107.92,40.0,77,0,5,Sunny,63.62,186.89
108.02,23.4,92,1,6,Rainy,45.52,169.04
109.95,35.4,23,0,1,Rainy,23.03,150.33
95.26,24.5,42,0,4,Sunny,40.15,184.64
117.43,21.6,99,0,5,Cloudy,57.29,188.04
102.56,37.5,43,0,5,Sunny,67.05,234.46
101.49,37.2,19,0,0,Cloudy,49.07,208.61
105.57,28.1,58,0,5,Cloudy,57.95,205.44
91.41,34.0,36,0,4,Sunny,43.33,174.75
94.99,31.1,50,0,6,Sunny,63.44,225.38
112.14,37.1,65,0,6,Rainy,33.04,161.99
92.48,26.3,97,0,4,Rainy,0.0,80.0
108.09,30.5,56,0,6,Cloudy,64.06,216.05
97.36,29.7,38,0,2,Sunny,44.01,180.84
101.68,27.1,77,1,6,Sunny,60.8,220.74
98.66,37.8,39,0,4,Cloudy,35.33,161.29
100.67,23.3,74,0,5,Rainy,24.98,133.7
111.57,23.0,41,0,6,Rainy,38.08,174.54
98.91,31.5,82,0,3,Sunny,34.87,146.34
106.99,33.1,65,1,5,Cloudy,66.45,239.3
104.28,23.9,53,0,1,Cloudy,44.87,192.8
109.91,27.8,13,0,6,Sunny,87.17,262.31
118.1,38.9,23,0,6,Sunny,92.42,283.75
111.98,24.9,91,0,1,Sunny,48.58,166.85
96.45,33.4,32,0,6,Cloudy,42.58,192.31
90.94,34.8,84,0,0,Rainy,0.0,84.7
97.87,29.0,30,0,0,Rainy,8.81,119.35
107.85,38.8,42,0,2,Cloudy,51.68,188.72
91.54,34.7,44,0,5,Sunny,44.3,179.53
104.89,29.2,29,0,2,Cloudy,59.63,216.87
107.91,31.4,73,0,3,Rainy,22.76,131.01
100.03,33.9,75,0,0,Cloudy,37.91,151.17
113.13,31.8,27,0,1,Sunny,82.54,273.73
93.2,37.6,93,0,3,Rainy,0.0,82.78
92.25,27.1,69,1,6,Rainy,23.26,149.36
111.85,26.0,26,0,0,Rainy,45.1,192.07
104.86,24.3,68,0,3,Rainy,11.19,102.84
110.65,20.8,72,0,5,Sunny,73.54,228.45
103.04,20.9,62,0,4,Rainy,7.86,100.21
97.39,37.4,32,0,6,Cloudy,48.47,180.06
114.57,33.6,82,0,6,Sunny,76.41,226.06
113.98,33.2,72,0,4,Cloudy,39.52,154.1
110.84,32.3,79,0,3,Sunny,56.48,184.48
98.16,37.0,100,0,0,Sunny,29.87,134.32
107.71,29.6,8,0,4,Rainy,31.51,170.27
100.83,37.4,5,0,4,Sunny,59.86,217.44
92.75,27.2,30,0,3,Rainy,6.03,130.6
117.52,38.5,37,0,4,Sunny,76.36,243.49
94.1,34.0,85,0,5,Sunny,44.11,171.95
118.51,25.1,31,0,6,Sunny,89.39,275.4
103.38,31.3,46,0,1,Cloudy,54.76,205.81
95.55,30.7,73,0,4,Sunny,30.4,144.53
106.26,22.8,75,0,5,Rainy,26.23,136.02
116.19,31.8,68,0,6,Cloudy,78.61,241.57
111.97,26.3,29,0,3,Cloudy,50.1,207.2
114.2,21.0,76,0,4,Sunny,68.17,204.99
109.76,39.0,8,0,4,Sunny,72.71,255.83
110.77,32.8,16,0,2,Rainy,33.7,172.71
115.48,37.5,62,1,3,Sunny,79.02,243.73
97.49,33.5,99,0,3,Sunny,20.19,116.39
104.68,27.1,15,1,5,Sunny,95.82,294.89
96.64,30.3,63,0,2,Rainy,2.44,99.08
119.63,33.5,40,0,2,Sunny,80.56,253.04
118.32,39.2,26,0,5,Sunny,96.01,282.11
91.18,25.1,69,0,1,Cloudy,13.52,120.6
111.17,37.5,54,0,4,Rainy,32.25,152.53
117.76,38.5,8,1,0,Sunny,100.0,318.54
95.42,33.4,76,0,0,Sunny,37.8,156.08
107.04,38.6,93,0,2,Sunny,40.86,153.43
117.46,28.0,96,0,3,Sunny,59.91,177.64
91.02,39.1,56,0,3,Sunny,32.56,153.73
110.92,34.1,47,1,5,Sunny,100.0,293.06
98.92,20.8,50,0,1,Cloudy,31.69,165.24
117.73,38.1,8,0,0,Sunny,79.37,261.3
119.13,29.7,17,0,6,Sunny,100.0,304.67
118.33,29.2,42,0,6,Rainy,56.92,200.42
104.23,31.3,49,0,5,Sunny,61.1,213.15
115.86,23.0,29,0,5,Sunny,93.62,274.96
115.34,29.4,71,0,3,Sunny,70.9,229.47
99.57,36.6,59,0,1,Cloudy,28.19,157.15
114.87,20.3,100,0,1,Cloudy,37.85,145.41
91.11,25.5,43,0,2,Rainy,0.0,99.22
107.89,20.0,69,0,0,Cloudy,44.53,158.52
96.9,28.3,79,0,1,Rainy,0.0,88.53
93.62,34.6,6,0,1,Cloudy,44.3,203.4
92.31,36.0,73,0,1,Sunny,27.87,145.52
110.89,38.9,90,0,6,Sunny,69.39,193.17
100.2,32.2,66,0,0,Cloudy,26.89,141.53
111.74,25.1,50,0,2,Rainy,21.48,142.09
91.96,38.5,81,0,4,Sunny,21.94,116.78
99.46,35.5,91,0,3,Sunny,25.16,125.71
106.18,31.5,35,0,6,Rainy,40.82,175.17
113.72,33.9,39,0,5,Sunny,73.8,231.74
99.56,38.5,49,0,5,Cloudy,47.38,181.54
108.78,34.2,81,0,0,Sunny,47.44,167.75
116.58,27.4,58,0,6,Sunny,77.24,244.93
108.48,34.3,75,0,0,Sunny,48.68,172.55
96.99,20.8,73,0,6,Cloudy,38.6,151.22
90.73,27.7,33,0,5,Sunny,57.54,218.58
116.1,28.1,76,0,0,Cloudy,46.15,178.29
90.64,23.3,12,0,4,Sunny,44.14,205.01
116.24,20.5,58,1,3,Cloudy,79.74,260.49
105.87,22.7,11,0,3,Sunny,65.4,238.75
118.17,33.1,87,0,1,Cloudy,48.67,170.35
113.96,36.0,27,0,5,Rainy,47.15,190.74
119.94,39.8,36,0,5,Sunny,100.0,298.19
100.52,26.9,66,0,5,Sunny,56.35,192.68
113.02,32.0,49,0,1,Rainy,28.25,148.91
102.06,38.7,72,0,5,Sunny,67.09,206.63
104.4,23.3,34,1,2,Sunny,77.51,262.6
108.83,34.4,43,0,6,Sunny,88.06,262.67
116.21,35.1,9,0,0,Rainy,39.53,193.18
119.52,21.8,71,0,2,Rainy,31.8,144.14
113.05,37.2,26,0,0,Sunny,64.92,227.27
102.53,36.3,32,1,6,Cloudy,78.59,259.28
102.64,20.7,26,0,3,Rainy,20.53,160.32
112.13,21.8,90,0,6,Sunny,63.9,180.61
97.16,21.0,33,0,5,Sunny,61.11,222.09
93.31,26.7,47,0,6,Sunny,48.82,198.09
100.64,30.2,46,0,2,Sunny,46.61,171.18
98.62,30.6,64,0,3,Cloudy,24.95,137.33
98.89,25.4,81,0,6,Sunny,56.25,193.6
97.01,38.2,75,0,1,Cloudy,17.47,112.92
91.26,27.4,78,0,5,Sunny,39.56,159.35
90.54,20.9,96,0,6,Cloudy,16.04,98.42
119.63,26.0,72,0,3,Cloudy,53.67,185.88
102.83,30.6,63,0,4,Cloudy,31.71,160.8
101.53,28.2,100,0,2,Rainy,0.0,88.56
110.39,25.5,90,0,5,Sunny,64.46,198.07
96.55,22.6,88,0,5,Cloudy,27.89,120.97
118.5,36.4,88,1,0,Cloudy,69.28,213.22
113.59,39.9,10,0,3,Sunny,72.43,235.87
92.68,26.6,77,0,5,Sunny,35.75,148.49
102.53,27.6,32,0,5,Sunny,74.86,251.46
116.37,32.4,81,0,2,Rainy,18.3,106.54
118.34,34.4,35,0,0,Cloudy,67.39,227.14
104.02,27.8,43,0,5,Cloudy,66.62,216.89
108.4,38.1,54,0,5,Sunny,77.43,251.73
95.01,31.2,82,0,2,Rainy,0.0,87.19
119.74,29.0,90,0,6,Sunny,77.52,226.34
96.95,32.9,41,0,2,Cloudy,36.81,173.1
118.28,39.1,92,1,6,Rainy,61.67,206.09
109.49,35.9,76,0,4,Sunny,58.55,201.03
108.23,20.8,19,0,3,Cloudy,55.98,216.57
105.38,26.6,55,0,6,Sunny,71.58,222.09
96.92,29.4,74,0,4,Sunny,31.55,137.31
95.3,26.3,27,0,1,Cloudy,44.31,205.33
96.61,34.0,29,0,5,Sunny,60.41,225.81
95.59,36.5,99,0,2,Sunny,15.6,85.79
113.39,34.6,50,0,6,Sunny,80.47,242.89
100.5,39.8,97,0,3,Sunny,35.48,143.69
91.74,25.5,27,1,6,Sunny,82.65,283.64
119.07,37.5,14,1,1,Cloudy,89.43,280.15
116.51,35.3,77,0,5,Sunny,67.95,212.22
117.83,27.2,81,0,1,Rainy,29.93,135.18
119.85,34.7,36,0,4,Cloudy,71.3,225.76
95.22,22.1,55,0,1,Sunny,29.27,160.95
101.89,35.8,45,0,6,Rainy,27.68,144.62
112.75,30.6,69,0,0,Sunny,57.0,200.86
110.88,25.8,69,1,0,Sunny,79.74,231.27
94.62,33.1,44,0,0,Sunny,36.66,165.06
114.47,32.8,22,0,5,Sunny,87.93,276.86
96.73,24.2,40,0,1,Rainy,8.67,126.35
96.71,20.6,35,0,5,Sunny,52.68,205.82
106.11,28.7,58,0,5,Rainy,41.27,178.17
107.79,31.4,67,0,2,Cloudy,46.25,172.45
107.4,37.5,5,0,3,Sunny,66.09,252.61
92.74,38.6,56,0,0,Rainy,0.0,99.85
116.32,30.6,61,0,0,Rainy,25.98,147.15
97.97,35.1,13,0,0,Rainy,20.99,159.18
93.89,28.8,90,0,4,Cloudy,8.78,99.73
116.66,34.9,96,0,4,Sunny,54.95,167.9
118.67,24.1,94,1,6,Sunny,86.35,235.9
115.86,27.4,78,1,6,Cloudy,88.1,250.25
114.29,32.7,60,0,0,Sunny,66.32,218.49
109.66,20.4,51,0,0,Cloudy,48.26,181.66
106.53,34.4,7,0,5,Cloudy,73.66,251.71
92.61,36.7,6,0,4,Sunny,51.09,213.39
102.25,28.0,58,0,3,Sunny,46.81,191.61
101.18,29.0,41,0,2,Rainy,18.38,142.4
97.79,37.0,60,0,3,Sunny,32.85,142.44
111.7,35.5,35,0,5,Sunny,83.95,259.88
104.88,25.8,100,0,2,Sunny,38.28,141.48
92.43,26.5,16,0,1,Sunny,49.86,204.92
96.61,33.6,62,0,1,Sunny,36.46,159.63
110.5,31.3,71,0,3,Sunny,53.96,195.63
92.28,23.2,30,0,4,Sunny,36.64,169.44
115.54,26.2,82,1,6,Cloudy,91.16,259.72
104.85,38.0,16,0,6,Sunny,65.7,237.59
104.42,33.8,94,0,0,Sunny,40.98,150.0
107.77,39.7,20,0,1,Rainy,30.56,164.9
114.74,35.3,57,1,5,Cloudy,89.09,260.82
100.43,38.8,76,1,6,Sunny,71.2,221.8
110.34,24.3,53,0,4,Rainy,24.33,148.2
106.97,35.4,53,1,4,Sunny,76.95,244.14
98.01,20.4,96,0,2,Sunny,24.24,119.84
116.36,33.4,11,0,1,Rainy,46.91,194.69
113.92,29.4,19,0,3,Sunny,76.94,250.19
109.75,26.9,40,0,5,Rainy,37.86,174.99
115.52,37.2,76,0,4,Rainy,28.0,124.05
116.02,37.1,78,1,3,Sunny,82.42,252.72
111.25,20.4,19,0,3,Sunny,67.18,231.68
115.11,32.2,66,0,5,Sunny,71.93,235.57
110.92,27.4,22,0,1,Sunny,65.73,235.67
110.4,28.3,50,0,5,Rainy,41.28,159.63
108.56,36.6,65,0,3,Sunny,52.96,190.04
112.58,26.2,47,0,6,Sunny,86.74,255.09
94.76,38.9,48,0,3,Cloudy,25.9,149.94
116.43,23.6,70,0,0,Sunny,59.19,209.48
116.16,33.3,59,0,6,Sunny,84.82,253.81
90.88,33.4,90,0,6,Sunny,29.42,131.14
114.77,25.0,83,0,5,Cloudy,58.31,177.28
93.87,26.5,43,0,3,Sunny,34.01,171.7
100.05,36.7,9,0,0,Sunny,42.39,200.89
112.31,35.2,61,0,1,Sunny,62.99,217.15
94.82,26.6,19,0,3,Cloudy,41.23,188.58
114.54,30.7,95,0,4,Sunny,57.89,184.07
114.96,21.2,20,1,5,Sunny,100.0,303.03
105.22,24.2,61,0,3,Sunny,57.07,197.92
90.19,29.7,86,0,0,Cloudy,7.82,83.96
98.61,21.7,29,0,4,Sunny,54.76,211.62
108.51,36.9,26,1,1,Cloudy,74.47,259.11
119.44,34.4,35,0,5,Sunny,91.52,268.21
108.95,38.9,38,0,2,Cloudy,48.25,197.71
97.79,33.9,91,0,2,Cloudy,18.05,118.98
109.02,38.8,20,0,0,Rainy,34.18,187.72
106.2,31.1,74,0,1,Cloudy,45.01,160.85
113.4,32.0,63,1,1,Sunny,84.84,261.56
93.21,39.5,19,0,3,Rainy,5.26,135.67
112.83,32.8,86,0,2,Cloudy,38.23,148.0
106.24,20.6,17,0,3,Rainy,32.1,185.44
118.89,34.5,28,0,1,Sunny,84.45,257.2
100.26,38.1,17,0,0,Cloudy,51.42,209.62
108.98,35.9,69,0,0,Sunny,51.42,169.25
117.96,31.7,40,0,4,Cloudy,67.29,211.18
93.08,33.4,53,0,6,Rainy,17.99,118.46
118.12,39.8,86,0,0,Cloudy,44.62,173.67
110.64,21.8,52,0,6,Cloudy,66.74,212.93
92.04,33.3,47,0,2,Sunny,38.47,164.57
99.03,25.7,10,0,4,Sunny,58.1,227.84
111.25,32.8,85,1,2,Sunny,70.96,214.29
92.02,32.2,72,0,3,Sunny,39.48,169.7
107.47,23.1,18,1,6,Sunny,100.0,320.91
100.38,24.1,34,0,3,Sunny,50.41,180.97
108.63,32.4,88,0,0,Sunny,45.59,167.23
91.37,22.6,12,0,4,Sunny,46.96,187.04
116.15,25.3,58,1,2,Cloudy,76.53,232.88
119.2,36.7,70,0,2,Cloudy,64.16,209.32
119.07,26.5,8,0,1,Sunny,79.86,257.2
112.49,29.8,78,0,0,Sunny,54.13,185.52
93.9,38.8,88,0,5,Rainy,7.88,95.43
112.75,24.5,64,1,3,Sunny,84.94,242.71
90.74,27.8,57,0,6,Rainy,1.6,104.64
90.66,32.1,78,0,5,Sunny,32.83,147.48
99.71,35.1,96,1,6,Sunny,57.38,190.6
104.66,38.0,19,0,1,Sunny,56.92,212.78
113.11,38.3,5,0,3,Sunny,71.78,254.83
110.5,35.5,26,0,6,Sunny,85.64,255.81
103.38,24.6,95,0,3,Sunny,37.71,137.31
98.21,20.5,97,0,6,Cloudy,32.44,137.47
119.91,27.7,19,0,2,Sunny,84.3,275.48
102.79,22.8,78,0,3,Cloudy,36.75,148.33
103.54,34.2,88,0,4,Rainy,0.0,84.66
94.91,33.2,26,1,3,Cloudy,44.91,204.48
113.84,20.9,54,0,6,Sunny,83.12,250.93
110.81,36.7,52,0,4,Sunny,58.66,199.06
96.62,25.0,77,0,6,Sunny,41.74,160.44
92.47,28.6,55,0,3,Cloudy,24.98,142.15
110.41,33.4,100,0,1,Cloudy,25.78,133.4
109.64,28.6,21,0,6,Sunny,78.87,247.62
98.2,28.8,87,0,2,Sunny,19.25,104.93
118.53,21.3,95,0,1,Sunny,60.58,210.55
94.53,28.0,55,0,2,Rainy,8.17,114.67
102.97,35.3,41,0,6,Sunny,64.29,224.61
118.31,38.3,53,0,6,Rainy,47.6,189.33
102.59,28.3,63,0,1,Rainy,18.91,133.71
109.16,28.5,14,0,6,Rainy,52.67,220.0
101.93,34.1,34,0,0,Sunny,64.59,230.48
98.23,38.9,89,0,3,Sunny,31.44,146.11
119.52,25.3,25,0,3,Sunny,82.91,263.08
102.28,28.8,38,0,0,Rainy,24.24,158.22
116.82,35.9,77,0,0,Sunny,61.39,212.14
96.9,32.2,54,0,4,Cloudy,30.38,154.26
96.39,22.2,80,0,1,Rainy,0.0,88.85
90.93,32.6,51,0,6,Rainy,19.79,130.48
109.55,23.7,89,0,3,Cloudy,39.58,150.42
101.06,30.2,88,0,4,Sunny,34.65,146.19
115.93,30.6,10,1,6,Sunny,100.0,306.89
104.2,37.5,54,0,6,Sunny,59.19,205.28
119.05,29.2,67,0,5,Rainy,45.71,176.51
95.57,25.6,16,0,3,Rainy,16.32,158.53
116.06,24.6,45,1,6,Sunny,100.0,285.59
113.3,37.5,35,0,0,Sunny,71.68,239.89
113.13,23.4,6,0,4,Cloudy,69.14,241.62
115.34,28.5,20,1,5,Sunny,100.0,311.13
112.83,23.7,5,0,4,Sunny,71.14,257.32
108.79,35.5,8,0,4,Sunny,77.17,273.33
93.94,29.5,51,1,1,Rainy,18.19,138.83
90.98,27.0,69,0,5,Rainy,6.05,102.56
117.63,27.2,56,0,4,Cloudy,56.63,205.37
108.5,37.0,51,0,3,Cloudy,46.01,187.59
113.9,31.1,81,0,1,Sunny,57.69,168.44
104.45,34.4,54,0,3,Cloudy,44.14,171.96
93.52,37.9,49,0,5,Sunny,55.09,204.21
93.76,38.0,46,0,4,Sunny,39.0,170.51
110.57,26.6,99,0,4,Sunny,43.17,159.7
102.91,39.0,88,0,5,Sunny,54.81,188.0
96.02,20.5,60,0,3,Rainy,2.23,97.3
104.75,27.5,75,0,6,Rainy,24.92,137.16
91.93,37.9,61,0,2,Cloudy,22.26,146.22
107.46,25.5,37,0,4,Cloudy,43.71,193.33
98.07,25.5,32,0,4,Sunny,37.37,170.1
113.93,26.1,48,1,6,Cloudy,97.44,284.91
99.31,32.2,60,0,1,Cloudy,30.31,149.78
103.66,28.8,48,0,3,Sunny,53.16,189.21
90.35,34.5,88,0,6,Sunny,29.79,143.17
92.17,37.9,100,0,6,Cloudy,29.57,123.07
101.77,33.5,77,0,4,Sunny,41.31,160.05
104.4,24.1,38,0,3,Sunny,54.3,212.31
108.0,38.7,18,0,1,Sunny,68.03,234.85
98.75,25.3,72,0,3,Sunny,27.82,136.38
110.85,23.0,33,0,3,Cloudy,58.24,216.04
115.8,21.8,83,0,6,Cloudy,71.24,208.46
113.4,31.3,21,0,1,Sunny,75.37,262.43
91.19,22.3,87,0,4,Rainy,0.0,80.0
104.42,22.8,13,1,3,Rainy,46.14,193.19
93.15,26.0,31,0,2,Sunny,45.84,198.75
97.26,25.6,53,0,4,Cloudy,36.15,160.7
119.6,32.1,83,0,6,Sunny,77.34,216.25
94.27,36.3,41,0,1,Cloudy,30.91,163.2
104.97,35.2,32,0,0,Rainy,24.01,155.57
108.54,25.2,54,1,5,Sunny,93.63,270.43
111.07,24.9,59,1,2,Cloudy,65.05,232.08
106.79,39.3,8,0,4,Rainy,38.5,197.19
90.29,20.2,89,0,5,Sunny,36.57,162.11
99.79,37.6,23,0,1,Sunny,58.8,215.68
105.53,24.0,41,1,2,Sunny,70.42,242.51
92.64,38.9,8,0,4,Sunny,41.27,197.15
100.52,26.8,41,0,5,Sunny,73.78,234.68
91.0,28.8,55,1,0,Sunny,55.73,211.04
92.36,34.1,36,0,4,Sunny,33.66,171.42
101.91,31.8,49,0,0,Sunny,52.5,198.84
93.98,26.4,16,1,0,Cloudy,53.84,221.31
107.03,31.1,45,0,3,Rainy,13.55,125.21
110.68,34.6,60,0,6,Rainy,27.52,140.01
114.02,20.8,84,0,1,Sunny,55.72,177.28
96.0,20.2,18,0,3,Cloudy,46.41,199.03
95.02,29.2,58,1,0,Rainy,27.74,168.07
93.14,22.6,67,1,1,Rainy,20.91,155.44
109.09,33.3,69,0,1,Rainy,22.09,140.77
111.19,24.3,62,0,1,Cloudy,49.78,179.89
90.95,28.7,100,0,2,Sunny,22.18,118.19
118.09,24.0,25,0,4,Sunny,69.58,221.36
91.56,31.0,8,0,0,Sunny,49.89,209.56
106.24,22.3,77,0,1,Sunny,40.65,156.57
111.27,20.5,50,0,5,Rainy,37.34,182.21
116.13,21.0,90,0,2,Sunny,60.67,191.29
111.42,39.1,16,1,2,Rainy,61.98,238.97
114.05,22.8,34,0,5,Cloudy,72.83,238.55
100.18,34.2,98,0,0,Sunny,34.11,135.06
114.44,21.4,100,0,3,Sunny,54.48,177.32
92.4,22.2,64,0,2,Sunny,27.85,137.83
116.84,30.2,75,0,0,Cloudy,53.54,188.26
106.43,29.3,85,0,2,Rainy,19.55,129.14
114.52,39.0,69,0,0,Rainy,24.67,135.81
103.57,38.9,18,0,1,Sunny,58.72,219.18
109.31,35.6,48,0,6,Sunny,75.31,235.96
105.79,32.0,30,0,3,Sunny,58.77,225.4
111.95,29.1,95,0,5,Sunny,68.37,201.69
92.45,27.1,20,0,2,Rainy,15.02,137.16
91.81,38.9,11,0,5,Sunny,58.18,230.7
97.41,32.1,36,0,2,Cloudy,31.04,157.18
94.79,31.6,93,0,2,Sunny,34.15,138.11
116.15,24.6,99,0,6,Sunny,70.13,203.57
96.58,20.9,20,0,4,Cloudy,30.34,163.16
119.28,38.9,82,0,4,Cloudy,63.63,184.23
100.11,26.3,93,0,6,Sunny,52.89,177.3
95.46,28.9,66,0,5,Cloudy,46.4,157.99
113.69,22.3,34,0,1,Sunny,77.51,240.1
109.76,36.7,75,0,2,Cloudy,55.37,193.39
104.95,20.6,16,0,3,Rainy,22.43,160.74
106.66,36.7,71,0,4,Cloudy,34.71,150.72
111.58,22.8,95,0,0,Sunny,46.4,153.86
96.85,37.7,50,0,0,Cloudy,27.68,146.37
119.89,34.6,87,0,0,Rainy,29.35,138.94
119.24,23.3,47,0,1,Sunny,72.32,230.61
109.51,31.3,59,0,6,Cloudy,55.62,185.73
95.99,26.3,49,0,2,Sunny,34.91,156.29
110.41,23.6,64,0,2,Rainy,19.94,125.42
92.17,37.2,75,0,5,Sunny,46.47,174.08
90.92,28.1,84,1,4,Rainy,3.3,99.78
97.73,28.0,36,0,0,Cloudy,39.85,168.75
103.88,23.4,12,0,1,Sunny,55.61,229.88
116.05,27.7,81,0,5,Sunny,58.78,184.36
111.82,37.4,66,0,3,Sunny,57.26,198.59
112.28,27.3,79,0,2,Sunny,51.67,170.93
102.76,39.0,24,0,2,Sunny,52.54,227.42
100.38,38.9,22,1,1,Sunny,68.97,258.75
101.13,22.9,10,0,5,Sunny,70.16,240.09
119.63,23.5,88,0,5,Sunny,73.11,213.3
91.2,37.3,100,0,4,Sunny,12.32,88.94
116.01,27.9,33,0,6,Cloudy,72.32,235.83
107.36,20.1,8,0,1,Sunny,57.99,228.77
103.16,25.5,75,0,5,Sunny,46.19,177.4
111.76,32.0,47,0,4,Sunny,75.84,228.11
104.6,36.0,88,1,5,Cloudy,65.18,202.34
116.2,22.7,38,0,2,Sunny,80.53,258.48
117.02,22.2,75,0,4,Sunny,62.14,209.95
102.65,38.4,37,0,5,Sunny,67.16,221.2
98.3,35.0,19,0,6,Sunny,68.29,246.08
107.77,31.8,100,1,6,Sunny,79.86,218.86
117.37,35.4,90,0,4,Sunny,52.82,172.7
96.32,28.6,44,0,6,Rainy,19.38,128.73
108.69,35.2,97,0,4,Cloudy,35.46,137.08
108.95,27.4,93,0,6,Rainy,15.85,122.31
111.99,24.9,9,0,5,Cloudy,86.78,276.26
93.95,34.6,82,0,4,Cloudy,21.63,120.69
111.47,28.4,54,0,6,Rainy,30.5,148.39
117.27,39.6,70,0,0,Sunny,60.51,196.52
95.39,27.0,93,0,6,Cloudy,30.71,127.31
97.13,38.4,58,0,0,Sunny,42.5,173.59
119.14,38.7,84,0,5,Cloudy,76.14,219.8
95.43,24.8,50,0,0,Sunny,34.96,159.26
115.63,36.0,84,0,0,Cloudy,59.94,186.53
104.77,28.7,15,0,1,Rainy,27.41,168.3
97.42,38.4,53,0,6,Sunny,54.1,190.05
116.12,29.0,27,0,3,Rainy,43.89,188.59
103.36,34.9,59,0,5,Sunny,63.89,206.9
105.44,29.3,9,0,4,Sunny,66.74,222.99
100.78,24.6,68,0,1,Cloudy,40.75,171.22
107.79,24.0,39,0,5,Sunny,76.22,228.03
94.91,28.5,97,1,0,Sunny,38.34,141.36
101.73,35.1,73,0,4,Sunny,36.5,161.36
119.08,32.1,58,0,3,Cloudy,68.59,210.59
97.74,33.8,7,0,5,Sunny,72.94,236.17
109.7,25.6,10,1,4,Rainy,48.77,228.49
99.76,29.6,91,0,6,Cloudy,29.31,127.15
113.2,20.9,60,0,6,Sunny,76.93,243.19
93.93,36.4,6,0,2,Sunny,52.17,208.59
119.09,39.8,86,0,2,Rainy,24.45,112.87
103.61,28.1,98,0,5,Cloudy,32.62,132.14
97.08,20.2,42,0,1,Cloudy,27.4,143.65
92.2,23.4,60,0,3,Cloudy,28.54,149.6
95.09,33.1,9,0,1,Sunny,52.42,220.27
105.59,32.2,50,0,4,Cloudy,48.39,194.54
100.11,35.8,15,0,3,Cloudy,51.49,207.69
114.87,25.1,69,0,5,Sunny,73.47,233.79
102.93,35.3,14,0,1,Rainy,23.32,152.56
97.46,33.8,45,0,4,Sunny,41.85,178.91
108.51,26.5,48,0,0,Sunny,60.45,208.71
111.2,30.9,94,0,4,Sunny,54.05,191.08
95.01,22.9,37,1,6,Cloudy,75.77,262.54
95.03,29.1,95,0,1,Sunny,28.11,128.36
91.1,37.6,60,0,5,Sunny,47.76,182.55
112.09,28.4,16,0,5,Rainy,62.97,242.63
109.91,36.8,6,0,3,Sunny,72.05,245.67
104.24,31.8,5,0,3,Sunny,70.8,233.68
115.33,23.8,69,0,0,Sunny,65.18,200.08
114.17,31.6,37,0,1,Sunny,73.23,235.0
107.56,30.1,90,0,6,Sunny,58.27,195.77
116.05,28.0,80,0,5,Sunny,68.1,215.87
96.18,22.4,40,0,5,Sunny,58.99,210.83
93.36,28.3,25,0,0,Rainy,9.28,132.94
98.09,21.5,88,0,2,Sunny,27.86,125.48
91.71,22.0,40,1,5,Cloudy,60.09,239.86
105.94,28.3,30,0,4,Sunny,55.49,219.59
118.1,26.1,51,0,2,Sunny,67.48,221.39
91.18,38.5,99,1,2,Sunny,34.67,147.31
93.66,27.5,5,0,0,Sunny,42.35,204.35
103.57,35.2,42,0,0,Cloudy,39.83,175.24
118.02,30.6,18,0,4,Sunny,85.19,254.78
99.48,34.1,94,0,0,Rainy,3.31,96.22
105.22,25.2,50,0,0,Cloudy,53.2,205.11
91.25,38.8,46,0,0,Sunny,31.07,160.9
94.45,30.6,11,0,5,Sunny,69.38,241.02
119.6,36.6,59,0,0,Sunny,73.38,227.66
118.95,27.3,60,0,0,Sunny,69.24,198.49
90.15,22.0,80,0,6,Cloudy,28.23,126.96
118.55,33.5,67,0,2,Rainy,38.24,174.47
109.17,20.2,28,0,2,Sunny,62.87,228.3
116.04,29.5,87,0,4,Sunny,55.35,165.54
103.64,23.9,77,0,3,Sunny,40.31,152.44
105.47,32.5,8,0,4,Cloudy,52.67,200.4
104.67,39.6,46,0,5,Sunny,74.19,229.3
110.01,29.3,100,0,5,Rainy,21.19,111.82
94.19,36.3,74,1,5,Cloudy,51.15,202.88
90.9,30.2,32,0,1,Rainy,3.3,121.23
99.24,29.9,96,0,4,Sunny,31.21,130.76
111.14,38.6,44,0,6,Cloudy,66.46,220.61
96.06,37.8,55,0,4,Cloudy,36.0,155.9
110.2,35.7,33,1,0,Cloudy,72.25,257.27
119.1,25.9,46,1,0,Sunny,93.99,290.86
92.82,30.9,73,0,0,Rainy,0.0,80.0
110.18,24.5,9,0,3,Rainy,36.04,171.61
103.31,28.9,45,0,6,Sunny,59.85,207.69
116.04,29.7,65,0,6,Cloudy,64.99,207.91
95.31,36.6,59,0,5,Sunny,40.49,170.46
110.78,37.9,32,0,0,Rainy,27.11,144.39
115.14,28.3,45,0,1,Cloudy,58.84,202.69
118.34,20.4,13,1,6,Sunny,100.0,307.84
110.5,37.2,33,1,2,Sunny,83.77,263.06
104.92,23.5,82,0,1,Sunny,41.15,164.93
108.54,32.4,42,0,6,Sunny,72.68,249.77
116.07,20.5,66,0,6,Sunny,79.13,230.12
107.12,28.0,58,0,3,Cloudy,42.73,180.02
90.91,39.7,56,0,0,Cloudy,20.94,131.84
117.93,22.0,38,0,4,Sunny,74.49,232.64
110.69,28.5,41,0,6,Cloudy,66.56,218.61
110.3,26.1,53,0,2,Sunny,63.43,218.83
96.47,38.1,46,0,5,Sunny,58.92,202.92
109.77,37.4,18,1,3,Cloudy,79.09,264.79
101.82,24.8,86,0,1,Sunny,42.9,150.07
109.54,21.6,37,0,6,Sunny,78.62,253.09
93.2,32.5,96,0,0,Sunny,20.19,117.01
109.74,26.7,91,0,3,Cloudy,36.96,157.67
119.98,33.4,21,0,3,Rainy,49.5,208.37
91.45,20.6,79,0,4,Sunny,18.88,122.79
119.32,22.7,36,1,5,Sunny,100.0,301.67
102.21,33.7,83,0,4,Rainy,4.82,90.13
116.12,24.2,72,0,4,Sunny,66.75,210.04
113.47,37.2,43,0,5,Sunny,77.3,250.09
107.01,21.2,98,0,1,Sunny,46.48,153.1
112.15,24.3,14,0,4,Rainy,30.8,187.05
116.36,40.0,91,0,5,Cloudy,59.44,191.59
102.12,28.7,28,0,3,Cloudy,53.32,223.14
99.81,34.1,62,0,6,Cloudy,47.9,170.81
110.03,23.7,73,0,3,Cloudy,41.63,154.03
114.24,32.2,68,1,5,Sunny,97.21,278.96
112.87,34.5,23,0,3,Cloudy,68.38,237.58
113.93,26.3,12,0,6,Sunny,85.08,268.48
103.07,36.6,75,0,2,Cloudy,38.69,146.99
114.54,32.1,44,0,2,Sunny,66.15,219.93
93.61,27.8,17,0,5,Sunny,63.85,233.17
106.33,31.2,31,0,5,Cloudy,62.13,210.87
90.17,31.5,86,0,1,Sunny,27.88,128.9
99.74,23.3,92,0,6,Sunny,46.85,166.39
100.99,28.1,6,0,5,Sunny,68.05,250.79
101.89,26.9,20,0,4,Cloudy,49.18,201.23
110.86,28.0,18,0,3,Sunny,77.4,248.92
101.66,35.2,21,0,4,Sunny,62.13,227.25
103.46,29.7,64,0,5,Cloudy,51.46,183.97
97.13,38.8,74,0,3,Sunny,37.55,143.87
101.2,25.9,21,0,2,Rainy,18.39,144.0
96.82,28.3,49,0,3,Sunny,43.48,174.05
92.2,35.7,42,0,1,Rainy,2.51,108.7
108.1,30.9,68,0,0,Cloudy,27.28,134.23
110.05,30.9,10,0,6,Sunny,82.07,263.33
108.58,21.1,64,0,3,Rainy,19.72,127.03
103.9,28.0,53,0,5,Cloudy,55.78,204.02
101.39,25.4,25,0,1,Rainy,19.44,148.24
115.9,40.0,27,0,2,Sunny,76.2,269.97
105.57,26.2,80,0,2,Sunny,50.4,165.6
104.38,37.7,61,0,0,Cloudy,40.03,173.85
90.77,33.5,68,0,5,Sunny,29.09,142.74
100.24,26.8,33,1,4,Rainy,45.19,188.7
101.41,30.9,31,0,4,Cloudy,33.28,166.37
101.96,36.8,10,0,3,Cloudy,54.74,206.42
107.41,37.7,25,0,2,Rainy,20.79,150.58
106.01,23.2,75,1,1,Rainy,38.63,164.59
108.24,26.8,45,0,0,Sunny,57.47,200.46
112.95,26.7,84,0,4,Cloudy,46.14,157.57
114.39,20.8,9,0,3,Cloudy,58.95,234.75
111.54,32.0,19,1,3,Sunny,95.26,295.7
118.67,37.1,25,1,2,Rainy,67.58,245.82
90.55,27.6,62,0,1,Rainy,0.0,95.41
95.87,34.8,8,0,1,Cloudy,46.16,204.95
90.23,32.6,73,0,4,Sunny,24.33,129.69
109.42,27.5,11,0,3,Cloudy,59.78,239.25
116.94,22.8,39,0,2,Cloudy,59.66,230.77
97.3,34.2,40,1,1,Sunny,61.74,237.72
117.81,37.1,19,0,3,Sunny,87.05,272.36
91.81,33.7,96,0,1,Sunny,14.72,103.12
118.03,20.4,6,0,0,Cloudy,66.03,249.6
100.55,24.3,61,0,1,Cloudy,27.59,138.09
93.04,21.4,9,0,1,Sunny,49.89,223.99
104.58,31.4,75,0,3,Cloudy,32.85,152.96
97.7,35.1,90,0,1,Sunny,32.58,136.4
98.55,22.2,99,0,1,Cloudy,8.12,92.37
99.22,36.8,36,0,0,Cloudy,23.12,153.62
114.09,31.1,76,0,1,Cloudy,49.66,172.96
106.17,33.8,45,1,1,Cloudy,70.79,248.19
99.34,39.4,46,0,3,Sunny,36.65,178.16
108.31,21.7,79,0,2,Sunny,51.4,175.91
111.48,38.0,69,0,0,Cloudy,52.48,181.16
98.18,22.5,44,0,1,Cloudy,34.05,163.44
102.41,27.9,87,0,2,Sunny,42.02,147.87
93.66,37.0,42,0,3,Sunny,38.84,160.57
95.43,38.1,46,0,0,Sunny,38.04,167.0
110.43,30.1,41,0,5,Sunny,82.46,245.24
95.44,31.9,60,0,3,Sunny,44.73,189.68
105.75,34.2,75,0,2,Sunny,43.34,161.87
111.27,36.7,59,0,0,Cloudy,48.77,186.93
93.21,22.4,93,0,1,Sunny,16.96,104.0
107.02,36.2,58,0,2,Rainy,18.91,144.29
97.7,29.6,26,0,3,Sunny,47.96,196.78
118.89,29.0,31,0,0,Sunny,84.82,252.23
104.51,28.5,51,0,2,Sunny,58.56,210.27
114.18,30.2,42,0,6,Cloudy,77.61,245.77
106.51,38.9,43,0,5,Cloudy,67.09,233.89
91.3,31.0,19,0,2,Cloudy,27.73,164.18
108.99,39.1,70,0,3,Rainy,12.72,113.75
118.54,23.6,65,0,3,Cloudy,60.5,189.34
108.05,34.5,64,0,1,Rainy,17.97,132.03
114.58,36.2,12,1,1,Sunny,100.0,309.5
116.53,33.6,48,0,2,Sunny,60.78,209.41
96.84,32.1,47,0,3,Sunny,44.26,179.34
96.36,31.3,10,0,6,Cloudy,59.56,224.94
108.33,37.2,88,0,2,Sunny,42.28,163.9
102.33,36.4,31,0,6,Cloudy,54.36,199.94
115.2,22.4,49,0,4,Sunny,66.4,225.96
117.0,37.0,27,0,5,Sunny,84.19,250.21
100.6,28.3,85,0,3,Sunny,42.69,144.01
97.11,25.1,17,0,6,Sunny,79.06,270.1
113.42,37.4,72,0,4,Sunny,56.82,183.09
98.24,28.6,88,0,6,Sunny,42.77,158.83
114.68,36.2,68,0,4,Sunny,55.06,187.97
102.71,25.3,29,0,3,Cloudy,39.89,185.05
110.03,20.1,90,0,1,Sunny,45.09,161.58
92.87,29.9,56,0,2,Sunny,38.54,174.72
108.72,22.0,52,0,0,Sunny,73.44,219.76
103.55,35.1,65,0,0,Rainy,7.22,110.86
107.6,25.5,21,0,5,Cloudy,65.59,232.15
95.04,28.9,44,0,6,Rainy,13.52,115.08
112.11,21.7,79,1,3,Cloudy,66.71,211.34
115.88,25.7,93,0,6,Rainy,37.65,133.43
96.5,35.6,73,0,1,Sunny,33.36,135.16
92.87,23.0,89,0,1,Sunny,20.39,113.7
90.71,32.9,30,0,1,Cloudy,33.86,180.44
109.26,38.3,84,0,0,Rainy,17.51,117.02
108.21,33.6,60,0,4,Rainy,22.92,146.66
106.4,36.2,44,0,5,Cloudy,63.25,217.46
96.96,22.2,89,0,6,Sunny,42.79,169.92
101.73,25.0,100,0,0,Sunny,29.01,138.8
107.83,37.9,72,0,1,Sunny,52.75,176.35
104.9,34.3,12,0,0,Sunny,65.87,238.13
119.63,32.8,77,0,0,Sunny,69.19,205.26
94.09,33.3,49,0,5,Sunny,43.62,177.85
110.85,28.3,21,0,2,Rainy,36.68,193.79
102.13,20.9,45,0,3,Sunny,48.15,184.04
102.85,35.7,81,1,6,Sunny,70.58,212.05
111.53,33.6,13,0,4,Sunny,77.03,248.2
110.77,29.5,74,0,6,Sunny,69.85,210.56
119.74,38.0,95,1,2,Sunny,92.88,284.64
93.85,26.7,28,0,3,Sunny,44.8,203.42
93.12,25.9,77,1,1,Rainy,10.1,91.69
111.73,37.5,15,0,5,Sunny,87.55,274.81
107.35,35.9,39,0,5,Sunny,68.47,223.71
98.22,30.3,33,0,2,Sunny,53.59,212.86
92.38,22.6,12,0,6,Sunny,61.55,220.36
92.57,24.3,21,1,3,Sunny,64.22,231.8
116.83,33.1,75,0,5,Sunny,72.42,213.28
95.76,27.7,16,0,2,Sunny,52.73,206.38
99.7,36.7,83,0,5,Cloudy,34.97,151.67
96.8,39.0,97,0,0,Cloudy,13.33,97.82
100.65,36.1,54,0,0,Sunny,45.4,187.75
92.08,27.6,28,0,2,Cloudy,26.82,152.79
105.57,35.8,41,0,6,Sunny,67.1,232.2
92.03,27.0,82,0,2,Sunny,23.19,116.49
114.01,23.3,15,0,6,Sunny,96.57,296.24
97.01,20.7,85,0,4,Cloudy,24.49,122.59
106.2,27.7,63,0,1,Sunny,53.94,197.72
116.4,38.1,59,1,0,Cloudy,79.33,228.78
109.53,24.8,31,0,5,Cloudy,67.61,224.93
105.99,24.1,71,0,2,Rainy,18.29,131.76
99.73,39.4,64,0,3,Sunny,31.72,148.47
99.99,20.5,6,1,5,Sunny,95.35,290.03
110.08,35.7,72,0,1,Sunny,57.73,187.26
119.82,26.4,22,0,3,Rainy,47.68,202.9
109.86,20.7,24,1,5,Cloudy,88.97,276.66
106.73,38.4,89,0,1,Rainy,8.21,104.58
111.92,22.8,67,0,3,Cloudy,43.99,179.37
103.96,31.0,82,0,0,Cloudy,33.91,150.37
91.8,25.5,76,0,2,Sunny,29.64,148.59
106.87,21.3,6,0,6,Rainy,50.74,209.2
118.73,21.0,94,0,5,Rainy,41.83,165.19
95.26,22.3,87,0,2,Sunny,30.59,145.17
110.7,21.4,46,0,4,Sunny,66.63,220.9
96.03,35.2,32,1,5,Cloudy,65.55,223.98
106.07,29.7,33,0,2,Sunny,51.52,182.31
92.9,26.9,73,0,6,Rainy,8.84,112.33
103.51,28.4,32,1,5,Sunny,95.29,277.63
112.68,38.6,64,0,0,Sunny,51.92,179.09
100.43,38.2,94,0,1,Cloudy,22.78,122.83
109.95,34.3,9,0,1,Cloudy,67.86,232.25
113.86,37.7,19,0,2,Sunny,74.51,269.1
117.82,26.4,77,0,3,Rainy,36.23,153.61
97.04,27.6,36,0,2,Rainy,16.43,148.4
101.98,32.3,56,0,5,Cloudy,50.26,195.8
94.57,32.5,94,0,1,Cloudy,11.82,80.0
119.77,29.6,41,0,6,Cloudy,80.62,255.56
117.81,28.0,19,0,5,Sunny,96.69,289.41
106.2,39.7,45,0,4,Rainy,14.93,128.88
115.26,36.4,8,0,1,Sunny,73.7,253.46
105.63,28.7,57,0,3,Sunny,39.99,176.91
108.71,34.5,88,1,3,Rainy,31.56,160.96
92.67,25.4,31,1,4,Sunny,69.91,235.79
112.66,22.0,25,0,5,Cloudy,66.53,232.88
93.83,27.0,64,1,5,Sunny,65.63,232.34
114.78,28.1,90,1,5,Rainy,54.1,185.72
113.46,20.3,68,0,6,Cloudy,64.03,207.88
111.26,36.3,75,0,3,Rainy,25.68,135.46
91.08,27.2,51,1,2,Rainy,11.89,147.81
99.09,31.6,58,0,2,Sunny,31.51,158.7
97.89,21.5,35,0,6,Sunny,58.67,229.67
100.8,23.5,21,0,6,Cloudy,56.57,230.27
92.63,37.8,54,0,6,Rainy,1.59,99.04
118.11,32.2,11,0,1,Sunny,85.09,275.07
106.61,39.0,87,0,0,Rainy,2.89,103.12
99.17,40.0,32,0,2,Sunny,48.73,187.59
101.91,27.4,14,0,2,Rainy,21.85,163.42
103.42,26.0,31,1,5,Cloudy,75.45,261.49
108.02,37.2,17,0,6,Cloudy,76.38,251.77
105.47,40.0,70,0,5,Sunny,60.8,196.39
117.58,32.6,90,0,6,Sunny,74.64,212.41
104.91,35.9,88,0,4,Sunny,43.9,165.63
119.76,35.6,64,1,2,Sunny,91.89,280.19
115.54,27.1,47,0,6,Sunny,84.94,260.3
96.26,31.5,73,0,1,Cloudy,18.36,111.49
117.92,36.7,67,0,6,Sunny,76.22,240.73
93.49,33.8,74,0,5,Sunny,43.83,176.43
114.52,20.4,69,0,4,Rainy,21.28,126.83
101.42,26.7,71,0,2,Cloudy,34.8,146.9
116.34,22.9,58,0,1,Sunny,66.46,208.36
116.04,24.7,40,0,4,Rainy,40.31,186.14
114.18,38.1,75,1,0,Rainy,38.84,152.37
113.7,20.7,97,0,5,Rainy,25.75,131.63
99.14,24.4,19,0,1,Rainy,26.4,159.42
92.43,26.2,79,0,2,Cloudy,14.19,113.33
102.09,32.3,22,0,4,Sunny,61.1,196.61
95.21,30.7,8,0,0,Cloudy,33.35,166.84
110.85,24.4,92,1,1,Cloudy,57.26,186.63
100.38,23.3,15,0,0,Sunny,62.59,222.86
119.27,24.7,10,0,1,Sunny,78.08,266.61
109.23,30.1,55,0,2,Sunny,68.72,223.62
114.67,25.4,62,0,1,Cloudy,54.42,207.44
93.98,39.0,64,0,2,Sunny,27.67,146.91
115.86,29.3,22,0,1,Cloudy,68.95,232.91
117.68,21.2,83,0,6,Rainy,47.17,178.19
104.61,34.6,71,0,4,Sunny,41.49,160.48
108.19,26.6,21,0,1,Rainy,27.57,159.96
112.94,33.1,38,0,1,Sunny,69.26,230.69
95.25,25.6,34,0,3,Sunny,44.98,201.92
105.08,31.4,23,0,3,Sunny,59.72,229.41
101.96,35.4,13,0,1,Sunny,61.05,236.55
94.39,38.6,44,0,3,Sunny,42.65,195.46
101.03,25.2,48,0,2,Rainy,13.01,132.38
92.05,26.7,99,0,3,Cloudy,4.91,80.0
90.77,29.3,63,0,1,Rainy,0.0,97.81
94.05,38.5,95,0,5,Cloudy,36.36,155.94
118.89,38.0,29,0,0,Sunny,81.31,244.7
106.49,21.8,75,0,5,Sunny,68.43,210.55
118.97,22.6,57,1,5,Cloudy,93.79,266.78
102.97,29.9,52,0,5,Cloudy,55.18,199.34
99.35,22.1,75,1,5,Sunny,75.5,242.49
105.18,26.9,88,0,0,Rainy,13.87,116.7
103.19,23.0,57,0,1,Cloudy,43.82,173.9
93.17,32.7,53,0,1,Rainy,0.0,103.79
109.22,39.0,47,0,0,Cloudy,55.5,189.36
96.48,39.9,23,0,6,Sunny,71.25,227.77
108.59,27.5,70,0,6,Cloudy,54.01,196.17
109.51,32.0,38,0,4,Sunny,58.39,186.88
94.56,37.1,85,0,3,Cloudy,16.22,106.2
91.84,22.3,92,1,4,Sunny,41.06,168.32
113.42,33.8,77,0,2,Sunny,55.28,187.78
103.79,28.2,58,0,5,Sunny,57.36,176.55
91.74,24.1,5,1,6,Sunny,88.48,295.97
119.85,28.1,96,0,5,Sunny,71.67,199.11
91.73,21.5,59,0,0,Rainy,0.0,96.47
110.85,33.9,19,0,0,Sunny,71.12,238.53
119.51,25.1,89,0,4,Sunny,55.2,174.33
97.18,26.2,19,0,2,Cloudy,32.32,159.28
94.27,22.4,27,0,4,Cloudy,31.14,164.68
93.64,37.3,70,0,2,Sunny,33.59,160.35
99.1,29.9,50,1,1,Cloudy,54.59,204.88
93.03,31.4,13,0,5,Sunny,50.35,206.11
110.76,31.4,70,0,1,Rainy,27.09,133.13
91.87,28.2,70,0,0,Cloudy,20.79,117.13
105.28,23.9,22,0,1,Sunny,62.28,218.12
119.9,34.9,21,0,4,Sunny,84.37,268.14
114.42,22.5,76,0,2,Cloudy,52.2,200.63
108.46,22.1,38,0,0,Sunny,72.92,245.05
99.19,34.2,73,0,1,Rainy,6.28,104.77
108.72,24.2,68,1,0,Sunny,74.16,250.41
105.81,26.1,48,0,0,Sunny,48.18,191.47
102.78,29.5,33,0,2,Sunny,55.1,216.27
93.92,29.0,66,1,4,Cloudy,44.95,184.62
116.6,34.2,96,0,5,Sunny,70.52,207.55
103.49,32.5,20,0,4,Sunny,56.63,205.66
95.84,32.9,82,0,3,Rainy,0.0,81.52
101.03,34.3,56,0,4,Sunny,39.81,164.16
102.42,25.9,6,0,1,Sunny,66.18,236.2
114.83,26.4,65,0,3,Sunny,60.56,196.12
112.01,28.8,8,0,3,Rainy,30.0,186.45
113.08,26.1,56,0,3,Cloudy,50.54,185.03
90.33,39.7,45,0,3,Cloudy,21.71,140.42
102.48,36.3,56,0,4,Sunny,49.69,204.56
104.44,23.3,35,0,6,Cloudy,63.35,227.73
90.58,20.1,30,0,3,Cloudy,20.41,146.8
97.79,20.9,31,0,1,Sunny,48.0,204.37
112.81,24.9,55,1,1,Sunny,80.04,246.22
94.11,22.3,99,0,0,Rainy,0.0,80.0
106.06,30.7,52,0,6,Sunny,63.5,210.4
96.46,37.2,15,0,6,Cloudy,54.93,218.37
90.36,34.7,12,0,1,Sunny,57.61,226.43
97.24,24.3,16,0,5,Cloudy,65.34,227.01
119.28,28.0,49,0,0,Sunny,69.22,228.35
114.05,30.2,38,0,1,Sunny,70.0,236.83
118.79,36.2,81,0,3,Cloudy,52.31,174.92
104.64,36.8,95,1,2,Rainy,24.16,129.67
93.29,38.2,76,0,3,Rainy,0.0,80.0
106.44,30.2,51,0,4,Sunny,53.71,184.11
103.63,33.9,25,0,0,Sunny,54.39,201.22
115.33,22.2,45,0,2,Cloudy,65.28,225.77
92.94,31.3,79,0,6,Sunny,34.54,151.86
104.65,25.0,26,0,1,Cloudy,50.12,217.63
94.5,28.6,25,0,3,Cloudy,26.82,161.09
99.74,32.7,32,0,6,Cloudy,49.88,199.2
112.12,25.1,71,0,0,Cloudy,50.61,183.29
104.28,21.0,75,0,0,Sunny,40.52,151.91
101.28,20.2,18,0,6,Cloudy,52.13,217.07
101.83,20.4,83,0,1,Sunny,34.24,148.19
103.78,20.2,77,1,0,Rainy,23.43,131.09
113.55,22.2,56,0,1,Sunny,57.21,202.96
116.76,24.8,47,0,6,Sunny,88.79,267.4
118.66,24.4,75,0,1,Rainy,22.76,117.81
113.61,39.7,80,0,3,Cloudy,43.47,171.71
99.46,26.1,23,0,0,Rainy,17.96,142.23
110.64,22.5,31,0,6,Cloudy,69.95,210.85
103.13,30.9,22,0,4,Rainy,21.07,159.7
97.64,37.2,17,0,4,Sunny,47.75,213.19
115.23,33.6,5,1,3,Sunny,95.25,294.95
91.15,25.9,89,0,6,Rainy,0.0,80.0
117.05,31.2,38,0,3,Rainy,42.47,193.06
103.84,34.3,17,0,1,Cloudy,48.5,198.85
109.12,34.6,55,0,6,Cloudy,63.01,221.67
109.78,33.3,91,0,4,Rainy,17.96,97.49
116.85,37.4,5,0,0,Sunny,86.78,289.94
109.1,37.4,91,0,4,Cloudy,29.97,142.03
108.42,31.6,32,0,3,Sunny,65.27,230.8
92.0,28.6,36,0,3,Sunny,42.44,167.35
105.55,32.8,76,0,6,Sunny,57.62,187.81
94.51,36.4,59,0,6,Rainy,6.13,114.59
112.12,20.1,30,0,6,Cloudy,71.98,226.07
105.37,39.8,18,0,6,Rainy,43.59,190.28
110.41,23.7,92,0,1,Sunny,50.97,173.92
91.25,29.4,97,0,0,Sunny,15.17,94.54
92.54,37.4,72,0,3,Sunny,17.04,130.07
111.49,24.5,67,0,5,Sunny,65.75,218.68
92.16,29.5,86,0,0,Sunny,24.24,127.58
92.14,22.7,18,0,4,Sunny,52.76,214.44
90.36,27.9,31,1,1,Sunny,56.14,216.22
118.7,23.5,45,0,6,Sunny,96.11,280.21
112.13,27.3,7,0,4,Sunny,70.8,244.16
100.6,27.5,98,0,6,Rainy,8.26,89.29
98.9,39.9,63,0,5,Cloudy,32.74,148.5
100.49,39.9,27,0,3,Rainy,19.48,158.06
113.24,22.3,22,0,3,Rainy,33.79,184.48
109.84,34.5,78,0,0,Sunny,54.36,175.82
95.56,21.0,80,0,6,Cloudy,31.82,152.98
95.22,20.6,45,0,3,Cloudy,39.44,167.12
92.95,22.1,12,1,5,Sunny,89.79,305.45
109.81,39.3,36,0,0,Rainy,17.4,150.88
112.93,38.8,85,0,5,Sunny,71.85,229.38
97.95,23.9,45,0,2,Sunny,39.71,176.32
90.63,23.2,49,1,3,Cloudy,44.48,188.31
92.47,24.8,82,0,4,Cloudy,7.38,94.86
119.04,30.3,13,0,4,Cloudy,81.86,268.85
98.86,31.4,94,0,0,Sunny,35.25,133.34
113.08,24.4,52,0,5,Sunny,71.95,209.23
108.74,35.1,28,0,5,Sunny,78.8,249.65
101.46,26.2,91,0,5,Rainy,15.7,108.09
96.17,38.4,99,0,5,Rainy,8.15,94.62
93.64,33.1,48,0,2,Cloudy,26.0,150.98
108.45,28.7,62,0,3,Sunny,58.01,199.54
113.24,35.8,70,0,5,Sunny,73.5,231.66
109.32,36.4,22,0,1,Sunny,70.43,233.8
105.91,25.8,84,0,1,Sunny,36.82,143.91
91.26,26.8,33,0,6,Sunny,51.86,218.72
119.05,38.7,79,0,6,Cloudy,75.63,196.17
113.96,23.3,6,0,4,Sunny,86.2,286.11
98.78,20.8,82,0,3,Cloudy,24.44,132.5
119.4,29.1,72,0,1,Sunny,67.0,209.59
108.06,36.0,43,0,0,Sunny,66.02,229.51
107.47,35.4,77,1,3,Cloudy,57.6,205.94
112.44,38.4,45,0,4,Cloudy,60.89,200.42
114.35,30.7,75,0,6,Cloudy,63.5,194.0
109.69,22.0,85,0,2,Cloudy,39.24,149.29
93.84,31.8,91,0,0,Rainy,0.0,80.0
100.15,35.6,79,0,0,Sunny,30.28,139.93
117.84,21.9,26,0,5,Sunny,98.85,295.04
96.74,23.5,86,0,3,Cloudy,27.92,141.59
101.17,20.2,53,0,6,Rainy,26.38,146.6
102.96,31.9,32,0,2,Cloudy,44.01,182.23
103.18,37.7,20,0,0,Sunny,63.89,231.79
108.39,33.4,72,0,2,Sunny,52.67,183.17
118.29,39.6,66,0,4,Sunny,55.65,198.44
97.22,21.3,40,0,0,Sunny,48.8,192.48
93.65,38.1,26,0,6,Cloudy,40.98,192.89
95.92,36.3,15,0,1,Sunny,49.33,204.2
116.61,26.3,89,0,6,Sunny,71.0,218.63
109.37,39.5,84,1,4,Sunny,65.66,212.61
98.58,25.8,46,0,4,Sunny,44.3,176.96
114.48,37.8,59,0,5,Sunny,83.49,243.11
115.84,37.6,77,0,0,Sunny,60.82,201.79
115.4,35.2,39,0,1,Cloudy,68.44,218.53
117.57,31.3,61,0,2,Cloudy,65.72,211.76
97.57,22.4,38,0,1,Sunny,52.58,209.19
112.65,30.6,77,0,4,Sunny,55.6,190.71
103.82,27.1,81,0,0,Rainy,4.03,82.55
115.26,35.8,74,0,1,Sunny,60.52,199.43
111.85,35.2,8,0,6,Cloudy,86.01,265.08
113.29,38.2,50,0,1,Sunny,70.27,227.97
109.68,20.3,96,0,4,Sunny,32.75,146.99
95.32,36.2,15,0,2,Sunny,50.01,208.11
106.35,38.8,65,0,1,Sunny,38.19,152.18
119.54,35.8,39,0,5,Sunny,92.51,270.5
118.12,22.6,73,1,1,Cloudy,72.64,230.8
91.3,21.6,61,0,3,Sunny,24.46,147.26
94.94,20.4,15,0,4,Rainy,17.16,157.06
93.95,32.6,16,0,3,Rainy,7.89,122.49
111.78,32.6,47,0,4,Cloudy,53.52,195.25
114.53,39.7,23,0,4,Cloudy,60.24,225.08
96.41,28.0,81,1,3,Sunny,50.68,180.88
105.18,26.6,72,1,6,Cloudy,75.96,239.72
115.22,32.5,82,0,2,Rainy,18.84,107.13
111.98,36.5,63,0,2,Sunny,62.28,207.69
106.27,38.7,6,0,4,Sunny,67.88,252.41
107.71,36.1,12,0,6,Sunny,83.2,269.2
105.25,28.5,26,0,6,Cloudy,63.32,227.39
98.93,32.7,81,0,3,Sunny,37.96,159.58
106.95,37.1,25,0,1,Sunny,66.28,228.25
110.67,29.8,89,1,4,Cloudy,58.63,201.02
116.2,24.3,96,0,5,Sunny,71.51,205.48
109.09,23.4,33,0,4,Cloudy,57.45,204.64
112.83,20.0,90,0,0,Sunny,54.96,186.14
94.8,34.4,94,0,2,Sunny,22.47,129.65
103.85,22.2,79,0,3,Sunny,47.9,180.99
90.28,24.9,79,0,1,Cloudy,16.04,121.59
97.4,26.0,87,0,5,Rainy,20.56,122.59
111.79,31.2,41,0,6,Sunny,72.54,237.98
119.75,28.0,82,0,1,Sunny,68.54,206.62
92.98,33.5,33,0,5,Rainy,25.32,148.78
102.04,21.1,87,0,4,Cloudy,31.99,122.56
114.0,22.5,41,0,1,Sunny,67.44,213.35
96.12,30.0,25,0,1,Cloudy,29.87,166.38
106.65,26.7,92,0,4,Rainy,15.08,95.93
111.99,25.9,94,1,2,Sunny,67.38,212.6
108.48,21.3,16,0,0,Sunny,66.44,250.57
95.64,37.9,52,0,2,Sunny,48.19,159.95
100.66,33.8,87,0,2,Cloudy,18.53,107.07
113.51,22.4,51,0,0,Sunny,69.07,241.3
106.63,21.3,98,0,4,Rainy,1.77,85.86
90.16,39.5,19,0,2,Cloudy,25.66,160.79
112.83,33.6,71,0,3,Cloudy,48.78,173.05
91.06,28.3,17,0,3,Sunny,44.87,201.95
112.37,34.0,63,0,0,Rainy,29.41,154.27
96.07,35.1,77,0,3,Sunny,36.42,141.9
118.74,35.6,17,0,4,Sunny,79.48,271.5
101.04,29.6,84,0,1,Rainy,0.0,86.19
99.81,28.6,82,1,4,Rainy,18.4,134.62
94.47,20.2,76,0,0,Sunny,30.64,150.34
99.17,38.5,23,0,1,Sunny,50.82,207.48
116.3,32.1,61,0,3,Sunny,47.99,184.45
119.89,24.1,36,0,2,Rainy,34.9,173.96
101.05,38.4,91,0,6,Rainy,13.07,100.17
103.46,38.3,25,0,3,Sunny,61.96,229.22
111.66,39.8,86,0,4,Cloudy,37.17,146.83
116.59,37.5,18,0,4,Cloudy,73.14,247.66
107.79,40.0,84,0,6,Sunny,54.01,192.72
101.75,24.9,28,0,0,Cloudy,45.5,192.61
102.38,36.8,53,0,2,Sunny,48.98,189.98
110.87,36.5,36,0,2,Cloudy,57.85,209.73
90.1,24.6,79,1,1,Sunny,36.4,158.1
108.59,22.0,15,0,1,Cloudy,50.64,224.09
100.66,39.6,64,0,4,Sunny,45.43,163.05
113.83,25.9,72,0,0,Sunny,51.51,182.13
92.79,37.4,65,0,6,Sunny,40.83,156.38
107.65,20.1,94,0,4,Cloudy,40.23,160.44
104.43,20.4,9,1,5,Sunny,99.79,309.64
109.27,29.3,40,0,2,Cloudy,53.75,198.0
91.95,24.8,68,0,2,Sunny,30.64,131.48
107.4,33.8,82,0,4,Cloudy,39.44,167.61
106.84,31.3,36,0,6,Sunny,74.36,230.23
106.82,21.5,75,0,2,Sunny,43.22,169.19
108.1,23.3,78,0,6,Sunny,77.18,232.37
110.29,27.8,70,1,1,Sunny,72.98,248.75
114.15,23.7,14,0,2,Cloudy,68.68,237.21
98.09,35.8,25,0,1,Cloudy,41.84,180.97
114.75,28.3,44,0,3,Sunny,66.26,218.85
104.95,21.9,46,0,6,Cloudy,56.49,198.98
92.31,29.7,76,0,0,Sunny,33.11,131.53
91.76,21.8,50,0,0,Sunny,28.94,165.18
100.03,22.6,86,1,2,Cloudy,46.3,172.0
113.55,24.8,77,0,0,Sunny,61.7,196.28
111.23,37.2,45,0,5,Cloudy,67.27,228.61
113.66,38.5,98,0,3,Rainy,15.62,115.2
105.52,36.5,8,1,2,Sunny,90.66,284.91
103.21,26.7,18,0,1,Cloudy,48.72,206.56
94.42,25.4,18,0,3,Rainy,0.85,107.8
99.85,31.0,57,0,6,Sunny,65.19,216.51
103.02,34.4,88,0,5,Sunny,48.25,170.19
92.66,39.9,33,0,3,Sunny,40.16,177.01
96.62,22.6,27,0,0,Cloudy,30.24,167.8
107.95,21.0,89,0,5,Cloudy,47.67,168.31
112.07,33.9,35,0,1,Cloudy,55.42,206.61
119.95,36.6,100,0,4,Cloudy,50.8,164.8
117.99,36.9,75,0,3,Cloudy,50.1,166.77
109.28,33.6,81,0,0,Sunny,59.53,182.93
102.64,39.1,65,0,6,Rainy,24.58,131.83
109.09,30.2,27,0,6,Sunny,84.93,256.31
113.57,38.3,12,0,3,Sunny,76.71,252.49
93.55,39.4,80,0,1,Rainy,0.0,84.39
102.3,36.9,20,0,6,Rainy,26.94,164.2
115.19,26.2,30,0,1,Cloudy,60.27,222.97
101.51,23.9,33,0,2,Sunny,49.76,199.33
107.16,31.0,97,1,4,Rainy,23.98,130.62
107.63,29.1,10,1,4,Cloudy,81.04,280.17
95.53,37.6,41,0,0,Cloudy,33.94,158.25
100.87,22.0,37,0,4,Rainy,14.83,126.53
100.04,25.2,99,0,1,Sunny,30.11,126.71
90.79,35.0,50,0,4,Cloudy,33.38,154.51
90.73,21.9,65,0,0,Cloudy,18.21,111.26
114.95,26.4,45,0,3,Sunny,57.8,211.15
98.19,27.7,22,0,4,Sunny,54.54,204.18
105.54,32.5,99,0,4,Sunny,41.41,164.53
98.96,23.2,20,0,6,Cloudy,63.24,230.15
118.22,37.2,55,0,1,Sunny,73.82,218.37
97.78,29.0,41,0,1,Sunny,39.84,181.56
102.89,38.3,18,0,6,Sunny,78.38,257.36
116.18,29.4,72,0,3,Sunny,63.17,205.03
115.26,25.5,34,0,6,Sunny,92.92,271.27
95.58,22.8,64,0,5,Sunny,56.91,188.0
114.08,20.1,57,0,5,Rainy,43.41,162.95
103.75,30.6,40,0,2,Sunny,58.0,199.14
104.49,22.1,34,0,4,Cloudy,51.7,190.12
94.0,27.8,68,1,1,Cloudy,41.4,172.66
92.42,31.8,18,0,2,Cloudy,43.02,193.02
111.84,25.5,27,0,4,Sunny,74.88,233.92
104.89,23.5,52,0,4,Rainy,13.81,131.09
103.11,35.5,32,0,2,Sunny,56.36,211.58
111.89,38.9,11,0,1,Sunny,78.83,280.81
112.97,22.0,46,0,3,Sunny,75.25,234.21
94.77,23.1,14,0,5,Sunny,66.06,254.76
108.31,39.2,72,0,4,Sunny,52.31,189.12
94.06,20.8,48,0,6,Sunny,58.01,189.74
112.54,39.6,17,0,0,Sunny,72.61,237.68
109.71,20.1,89,0,0,Cloudy,32.91,142.29
118.7,37.5,37,0,0,Rainy,45.47,174.36
92.07,26.1,96,0,6,Sunny,32.41,128.17
91.71,38.8,91,0,3,Sunny,33.85,127.68
98.47,26.3,36,0,5,Cloudy,53.16,219.8
97.85,33.1,52,0,4,Cloudy,34.73,170.3
97.41,21.6,9,0,1,Sunny,50.27,208.28
117.19,24.8,65,0,1,Rainy,37.6,172.29
97.49,35.5,94,0,6,Rainy,7.89,102.27
98.16,30.6,94,0,5,Cloudy,33.42,148.63
112.78,38.6,7,0,3,Sunny,76.57,254.85
103.49,28.6,28,0,5,Sunny,65.38,226.22
113.3,37.4,38,0,4,Cloudy,57.3,200.37
91.96,29.0,88,0,2,Sunny,24.27,123.78
104.63,39.6,98,0,2,Sunny,29.81,123.16
91.01,39.2,46,1,4,Sunny,57.82,207.48
91.88,26.6,24,0,4,Sunny,39.28,192.75
117.19,37.7,45,0,1,Sunny,73.51,240.2
94.18,37.0,86,0,3,Rainy,0.0,80.0
105.97,24.2,24,0,3,Rainy,27.88,170.75
102.33,32.5,10,0,5,Cloudy,60.28,230.98
100.42,21.5,61,0,6,Sunny,55.57,192.01
117.0,36.7,46,0,6,Sunny,78.86,256.67
90.65,23.5,29,0,1,Cloudy,22.87,154.11
109.91,21.4,45,1,0,Cloudy,70.55,253.72
118.9,28.0,45,0,2,Cloudy,63.49,221.32
106.81,31.5,7,0,4,Sunny,72.53,257.27
118.1,37.1,47,0,5,Cloudy,68.72,216.58
91.57,39.5,50,0,2,Rainy,0.0,95.54
102.56,28.8,61,0,2,Sunny,45.05,187.25
97.8,21.2,87,0,5,Sunny,43.32,168.77
111.92,35.0,78,0,3,Cloudy,39.92,154.99
119.44,31.3,55,0,1,Cloudy,68.17,209.38
97.7,29.0,9,0,0,Sunny,64.08,249.13
109.63,26.2,90,1,0,Rainy,23.87,141.49
95.94,30.0,77,0,5,Sunny,41.19,151.49
106.96,26.8,19,0,5,Rainy,39.72,177.84
103.92,35.1,92,0,1,Sunny,36.87,160.03
119.16,30.9,98,0,2,Sunny,65.62,190.05
108.26,37.5,43,0,1,Rainy,27.12,148.4
100.49,30.9,74,0,6,Rainy,17.76,114.52
93.42,24.8,83,0,1,Rainy,0.0,86.34
94.54,37.0,42,1,6,Sunny,72.61,233.5
96.76,31.1,43,0,4,Cloudy,35.93,170.08
97.53,24.1,56,0,4,Sunny,43.8,164.58
115.52,32.5,90,0,2,Sunny,59.23,175.42
106.84,27.2,7,0,3,Sunny,57.17,213.49
105.7,36.9,33,0,0,Sunny,58.72,203.58
93.44,29.1,97,0,4,Rainy,0.0,82.28
115.8,34.5,35,0,2,Sunny,78.16,253.97
111.68,21.9,70,1,5,Cloudy,82.72,247.6
92.03,27.9,49,0,1,Cloudy,26.13,142.48
111.24,39.7,77,0,6,Sunny,66.28,216.85
106.31,36.2,26,0,4,Rainy,31.36,174.0
92.45,23.2,87,0,1,Sunny,28.75,123.81
103.75,25.6,14,0,1,Rainy,18.29,153.72
104.54,26.6,25,0,4,Rainy,17.83,146.99
94.97,33.0,21,0,6,Rainy,29.97,174.2
118.37,35.1,71,0,2,Cloudy,55.39,211.2
115.5,35.0,11,1,5,Sunny,100.0,302.95
110.07,30.2,40,0,6,Sunny,79.32,252.2
103.87,36.2,71,1,0,Cloudy,57.97,215.81
102.35,28.7,81,0,2,Sunny,35.49,162.13
109.53,22.5,34,0,3,Rainy,30.79,164.87
106.36,31.3,91,0,6,Cloudy,48.96,157.16
91.87,39.0,75,0,6,Sunny,36.86,139.48
105.38,35.9,98,0,6,Sunny,58.67,188.22
114.19,31.6,33,0,3,Sunny,61.91,222.68
103.78,32.9,76,0,0,Cloudy,33.9,149.05
91.56,38.6,78,1,6,Sunny,52.47,192.7
113.59,28.6,37,0,5,Cloudy,69.17,238.84
96.04,26.6,63,0,6,Cloudy,45.09,179.04
97.76,39.5,24,0,3,Sunny,43.94,195.18
94.94,37.3,97,0,1,Cloudy,7.6,85.43
99.91,26.5,33,0,3,Cloudy,42.86,193.97
112.7,29.3,57,0,4,Sunny,56.4,193.4
105.58,28.3,89,1,6,Rainy,46.76,182.42
96.15,23.0,5,0,1,Sunny,55.94,220.06
116.33,39.2,38,0,6,Sunny,84.21,262.3
116.39,28.1,48,1,2,Rainy,60.08,233.26
116.12,37.5,100,1,5,Sunny,79.48,233.35
97.16,23.8,18,1,0,Sunny,72.71,268.21
103.54,31.0,41,0,4,Cloudy,36.77,167.72
119.55,20.5,39,0,4,Cloudy,65.01,223.28
113.16,35.3,63,0,0,Sunny,58.55,196.05
90.82,31.6,28,0,3,Sunny,44.23,177.34
91.96,32.5,69,0,0,Sunny,24.73,143.56
103.92,21.0,10,0,0,Cloudy,52.48,219.02
117.28,24.2,72,0,3,Cloudy,52.12,186.81
106.16,21.5,42,0,6,Cloudy,56.73,215.97
104.93,25.8,5,0,2,Cloudy,50.75,204.77
93.16,32.5,45,0,5,Sunny,52.79,186.52
109.7,31.3,35,0,0,Sunny,63.92,232.49
114.66,32.2,40,1,3,Sunny,93.81,283.29
101.41,31.0,77,0,4,Sunny,37.81,156.27
113.27,25.5,58,0,0,Cloudy,51.45,176.88
118.93,24.9,91,0,5,Cloudy,69.93,217.15
96.11,22.7,35,0,6,Sunny,56.81,215.13
105.7,37.0,33,0,6,Rainy,31.45,160.51
98.61,32.3,89,1,0,Sunny,55.46,207.01
113.79,23.7,7,0,6,Sunny,90.19,272.94
107.33,23.5,62,0,2,Sunny,52.73,186.27
109.04,37.5,94,0,2,Cloudy,32.22,143.9
113.94,34.9,65,0,4,Sunny,56.54,203.5
101.88,33.2,10,0,2,Rainy,15.33,135.64
117.45,28.1,24,0,6,Sunny,95.67,282.95
105.99,25.2,65,0,5,Rainy,12.52,121.0
94.74,39.6,50,0,4,Sunny,43.6,190.26
110.88,35.9,17,0,6,Cloudy,81.38,274.09
113.8,26.0,27,0,0,Rainy,33.05,176.59
99.5,37.0,83,0,3,Sunny,42.3,160.35
115.72,35.2,35,0,2,Sunny,83.38,256.14
117.18,25.9,8,0,4,Sunny,82.01,272.6
98.31,28.5,79,0,2,Rainy,0.82,98.44
119.51,23.7,70,0,2,Cloudy,58.94,194.38
94.22,22.2,20,0,1,Cloudy,42.9,190.03
96.06,34.5,35,0,0,Cloudy,26.63,164.59
95.53,25.4,52,0,2,Sunny,36.55,173.29
116.82,36.4,47,1,3,Sunny,95.73,279.81
109.63,39.9,8,0,5,Sunny,91.11,274.45
94.56,21.5,66,0,1,Sunny,31.83,135.59
103.21,29.5,52,0,4,Rainy,21.18,138.16
108.46,36.0,32,0,4,Cloudy,54.26,197.82
92.5,35.8,20,0,3,Rainy,8.32,137.15
116.47,35.2,93,0,3,Sunny,60.29,173.3
114.11,27.0,81,0,5,Sunny,71.56,226.21
105.16,29.1,73,0,0,Rainy,11.09,105.76
119.01,31.9,34,0,3,Sunny,74.38,235.5
102.53,39.5,69,0,4,Sunny,57.77,190.15
119.52,26.6,73,0,0,Sunny,65.02,198.61
110.04,38.5,18,0,3,Sunny,73.3,260.06
109.04,25.4,79,0,3,Rainy,24.4,134.8
94.98,39.8,38,0,6,Sunny,49.35,195.61
116.46,33.4,60,0,4,Rainy,34.74,147.91
102.82,29.3,33,0,0,Rainy,19.45,143.07
94.87,32.3,86,0,1,Sunny,35.47,139.69
90.38,25.5,83,0,1,Cloudy,6.12,80.0
106.79,25.5,29,0,5,Sunny,72.73,235.86
105.82,22.3,98,0,0,Sunny,39.08,151.19
111.58,22.3,70,1,3,Rainy,38.9,166.62
116.71,27.0,44,0,3,Sunny,69.57,227.06
92.38,35.3,95,1,0,Sunny,50.22,186.22
111.94,32.2,19,1,1,Sunny,92.85,299.53
95.62,22.1,36,0,5,Sunny,53.71,219.37
115.75,37.0,24,0,6,Sunny,89.47,256.49
114.57,32.0,57,0,6,Sunny,81.78,236.97
106.22,39.2,82,0,2,Sunny,46.42,174.83
111.31,33.4,95,0,4,Rainy,10.57,99.99
99.43,23.5,71,0,0,Sunny,29.71,143.77
104.14,29.5,53,0,5,Sunny,65.05,210.75
114.65,33.0,71,0,2,Sunny,60.29,199.83
103.78,20.6,81,0,4,Cloudy,28.14,136.5
100.73,20.3,93,0,2,Cloudy,29.6,116.96
104.83,22.6,86,0,2,Rainy,9.31,100.47
114.85,25.0,5,1,4,Cloudy,91.45,292.97
100.06,28.6,43,0,2,Sunny,45.38,191.91
95.21,29.7,65,0,1,Sunny,41.98,170.83
111.36,22.8,59,0,5,Cloudy,58.57,216.57
114.78,33.5,73,1,0,Cloudy,67.79,220.51
93.02,31.9,6,0,6,Sunny,60.47,222.11
97.2,25.9,98,1,5,Cloudy,52.89,161.29
94.26,20.3,21,0,6,Rainy,28.39,158.1
100.44,21.6,33,0,1,Cloudy,34.07,172.85
103.51,27.8,8,0,1,Cloudy,49.44,215.06
112.46,23.1,77,0,6,Cloudy,62.84,194.76
109.53,27.5,68,0,4,Sunny,50.58,178.6
108.63,32.6,89,0,4,Sunny,44.23,160.68
100.57,30.9,47,0,4,Sunny,47.62,190.26
115.24,24.6,80,0,2,Sunny,53.97,190.3
104.14,26.9,16,0,2,Rainy,27.8,162.33
119.37,32.3,54,0,6,Sunny,90.92,255.72
109.02,37.2,72,0,0,Cloudy,42.13,181.03
93.79,35.1,65,0,2,Cloudy,28.31,157.72
110.29,31.1,96,0,0,Cloudy,40.26,145.22
99.75,27.2,77,0,1,Cloudy,26.33,143.03
110.59,27.3,55,0,0,Sunny,57.78,219.14
92.09,37.6,100,0,0,Sunny,26.91,133.97
95.25,20.8,81,0,4,Rainy,0.0,80.0
115.67,39.8,87,1,2,Sunny,76.05,229.22
96.82,33.3,82,0,3,Sunny,28.57,121.42
115.11,33.6,9,0,3,Sunny,81.96,260.3
98.38,20.8,95,0,4,Sunny,40.34,150.0
109.29,32.1,32,0,5,Sunny,80.56,255.77
110.82,29.7,94,0,5,Rainy,26.43,120.02
105.38,22.1,14,0,5,Cloudy,69.81,221.65
99.16,25.6,92,0,1,Rainy,0.0,80.55
96.38,37.8,85,0,1,Sunny,28.13,138.96
91.0,31.0,56,0,1,Sunny,38.21,171.91
99.12,28.3,84,0,0,Cloudy,26.79,129.57
109.59,21.5,21,0,6,Rainy,54.25,211.06
118.15,34.3,69,0,2,Cloudy,61.59,203.33
116.14,34.1,25,0,1,Rainy,38.16,184.46
112.98,32.3,58,0,3,Rainy,36.63,161.19
113.65,30.2,53,0,0,Sunny,55.7,180.18
109.95,28.7,26,0,1,Sunny,68.79,246.99
97.81,31.9,73,0,1,Cloudy,14.51,110.91
117.22,24.7,68,0,5,Rainy,36.86,147.55
110.12,38.8,40,0,5,Sunny,82.86,251.01
106.81,31.8,25,0,2,Cloudy,49.26,202.07
93.33,26.2,60,0,2,Cloudy,28.22,140.92
103.41,29.0,77,1,0,Sunny,51.15,184.24
103.81,36.1,95,0,3,Cloudy,26.77,123.1
115.94,23.2,52,0,4,Sunny,62.23,213.9
106.4,25.9,80,0,5,Rainy,23.96,121.73
101.41,33.6,22,0,3,Cloudy,53.26,212.57
119.3,26.3,19,0,6,Rainy,72.22,234.44
93.32,35.9,48,0,5,Sunny,53.15,212.71
102.68,22.6,98,0,2,Sunny,26.64,132.53
91.26,35.3,49,0,2,Rainy,0.0,98.3
112.2,21.4,40,0,4,Sunny,67.1,228.45
117.54,20.3,44,0,3,Sunny,69.08,218.01
98.4,38.0,55,0,3,Sunny,44.39,181.9
115.75,31.6,34,0,4,Cloudy,71.81,244.01
98.77,27.0,30,0,2,Sunny,44.24,191.76
117.32,24.7,89,0,0,Cloudy,44.81,168.38
112.62,32.3,35,0,3,Cloudy,52.53,201.99
114.15,30.2,60,0,1,Cloudy,51.95,187.7
90.54,39.8,65,0,3,Rainy,0.0,87.22
118.88,39.7,21,0,6,Sunny,97.13,293.79
111.8,32.7,85,0,3,Sunny,56.69,177.85
99.14,28.9,28,0,6,Sunny,67.28,235.42
114.88,29.8,8,1,3,Rainy,64.63,249.76
98.45,33.6,13,0,2,Rainy,18.97,163.4
116.18,22.0,6,0,1,Sunny,82.9,275.89
93.38,26.6,39,0,6,Sunny,53.08,186.98
111.11,21.5,42,0,3,Sunny,60.68,207.92
106.22,21.5,49,0,0,Rainy,13.62,119.49
92.9,23.9,19,0,5,Cloudy,49.36,198.48
97.26,29.7,46,1,6,Rainy,39.59,190.99
90.37,35.7,7,0,5,Sunny,61.08,213.82
104.06,29.7,35,0,1,Sunny,55.95,219.61
99.04,26.7,56,0,4,Cloudy,31.83,162.28
107.95,21.6,45,0,0,Rainy,28.35,155.01
98.92,31.0,61,0,4,Sunny,33.05,156.79
99.0,25.4,46,0,3,Sunny,53.54,198.98
112.3,32.3,57,1,6,Rainy,50.42,198.52
91.44,39.5,60,0,2,Sunny,36.42,169.57
117.09,22.2,91,0,3,Sunny,59.33,184.51
115.57,24.2,80,0,3,Sunny,56.73,191.92
110.03,29.5,76,1,4,Sunny,64.89,206.84
107.8,39.4,57,0,3,Sunny,51.6,193.64
116.77,35.4,89,1,0,Cloudy,67.64,210.06
95.56,38.0,89,0,2,Sunny,27.61,133.63
92.37,26.7,36,0,4,Sunny,44.98,181.05
97.19,39.8,85,0,1,Cloudy,20.65,123.26
113.84,22.1,58,0,5,Rainy,44.95,176.54
91.04,21.1,41,0,3,Cloudy,26.01,163.84
107.48,37.1,92,0,5,Rainy,21.99,120.65
119.86,38.5,12,0,6,Rainy,65.23,240.37
115.67,21.8,86,0,4,Rainy,22.17,118.38
105.64,22.3,15,0,5,Rainy,47.1,204.77
91.91,20.7,58,1,3,Cloudy,35.9,174.41
114.94,22.1,64,0,6,Cloudy,65.68,208.39
107.97,24.2,14,0,3,Cloudy,59.54,221.71
93.45,39.4,94,0,4,Rainy,0.0,80.0
92.82,33.4,74,0,0,Cloudy,17.59,119.06
117.29,35.6,85,0,1,Cloudy,47.7,163.14
110.08,35.5,91,0,3,Sunny,50.34,172.45
114.88,30.7,46,1,0,Rainy,60.39,214.37
116.37,35.9,41,0,3,Sunny,69.53,228.68
107.15,31.9,96,0,3,Sunny,45.72,151.73
105.52,26.3,84,0,0,Cloudy,34.09,153.51
102.91,31.2,80,0,3,Sunny,38.45,154.41
99.51,30.7,62,1,1,Sunny,60.7,213.38
103.04,36.5,89,0,5,Sunny,59.35,192.09
113.22,39.6,63,0,4,Sunny,60.07,215.82
108.06,28.2,28,0,6,Sunny,85.23,265.07
116.78,35.3,32,0,6,Cloudy,79.96,241.01
103.3,22.0,41,0,5,Rainy,25.59,160.02
108.21,35.5,25,0,0,Sunny,64.09,217.0
108.94,27.4,37,0,5,Cloudy,59.86,210.27
107.75,20.8,6,1,2,Rainy,53.24,237.37
111.08,27.3,87,0,6,Sunny,63.74,193.55
97.12,32.2,32,0,3,Cloudy,45.17,185.73
105.37,22.4,19,0,4,Sunny,70.4,244.48
93.13,38.5,5,0,1,Cloudy,38.62,192.09
101.54,21.6,32,0,1,Sunny,58.76,209.22
104.63,38.6,54,0,2,Rainy,13.76,129.78
109.57,34.1,39,0,5,Sunny,70.51,242.25
118.52,26.6,100,0,1,Cloudy,50.41,176.85
108.02,27.8,32,0,5,Sunny,79.24,256.04
112.31,34.8,13,0,4,Cloudy,59.87,220.66
105.19,32.0,28,1,2,Sunny,74.92,245.81
109.02,33.4,67,0,5,Sunny,73.13,204.6
92.13,27.8,8,0,0,Sunny,37.37,196.54
97.63,29.8,60,0,5,Sunny,56.24,197.79
100.86,39.8,45,0,5,Cloudy,51.21,191.33
104.17,24.3,71,0,2,Sunny,47.76,160.0
91.37,28.4,52,0,0,Cloudy,26.4,137.05
94.2,25.8,90,0,1,Sunny,19.93,101.75
98.3,35.3,62,0,6,Sunny,48.16,192.22
119.15,35.3,43,0,4,Sunny,83.15,258.26
99.94,25.8,29,0,5,Rainy,30.92,155.72
104.46,21.6,64,0,3,Cloudy,39.13,176.52
95.88,20.2,90,0,2,Sunny,31.38,130.7
108.32,28.5,51,0,1,Cloudy,42.38,178.58
98.42,28.2,65,0,5,Rainy,22.64,136.07
96.21,39.8,88,0,4,Sunny,31.12,136.26
105.5,29.4,31,1,3,Cloudy,76.3,254.41
90.17,25.1,100,0,2,Sunny,22.51,115.79
90.23,37.8,46,0,4,Sunny,31.86,157.11
96.57,29.8,56,0,1,Sunny,41.82,174.27
91.1,32.0,97,0,6,Cloudy,22.78,119.81
93.24,21.9,52,0,5,Sunny,49.99,184.78
100.17,27.7,36,0,5,Sunny,58.8,221.66
114.08,38.9,28,0,5,Sunny,86.59,260.17
107.16,31.8,7,0,2,Sunny,59.67,232.02
105.38,26.9,31,0,5,Sunny,73.08,238.33
98.8,32.5,77,0,2,Cloudy,31.71,136.62
117.95,38.2,44,0,5,Sunny,92.62,267.49
101.91,25.5,27,0,0,Rainy,20.33,142.8
92.61,30.1,11,0,6,Sunny,59.61,232.07
108.51,39.2,85,0,5,Cloudy,49.57,170.96
93.42,23.4,41,0,0,Sunny,33.23,175.27
100.36,34.4,11,0,2,Cloudy,51.33,204.28
105.22,32.3,98,1,4,Rainy,15.76,96.79
116.23,33.6,81,0,1,Sunny,52.25,181.71
104.81,27.0,86,0,3,Cloudy,35.93,160.46
111.07,26.3,99,0,0,Sunny,47.94,165.7
119.78,33.7,26,0,1,Sunny,82.1,252.24
93.94,24.3,82,0,5,Rainy,7.35,89.05
98.24,28.4,86,0,2,Sunny,41.61,173.11
101.84,23.8,21,0,1,Sunny,56.74,213.59
102.65,20.2,23,0,1,Sunny,58.55,210.77
102.33,39.4,99,0,6,Sunny,59.09,191.38
117.23,28.6,43,1,6,Rainy,72.62,243.05
111.42,39.4,40,0,5,Sunny,88.76,248.55
108.24,22.8,19,0,1,Cloudy,46.12,215.18
99.28,31.7,67,0,2,Sunny,33.01,155.6
114.71,24.0,33,0,6,Sunny,83.83,247.3
118.65,35.8,64,0,0,Cloudy,61.7,215.22
114.64,35.7,60,0,3,Cloudy,62.82,199.7
90.05,22.3,44,0,4,Sunny,28.92,146.19
109.09,38.2,20,0,0,Rainy,37.53,175.42
91.53,23.9,37,0,3,Sunny,47.39,207.31
97.73,32.3,93,0,2,Sunny,36.52,160.59
91.79,39.7,20,0,3,Rainy,4.66,119.0
108.11,37.6,34,0,2,Cloudy,56.31,223.01
110.6,39.1,70,0,3,Rainy,21.59,110.57
93.43,26.9,48,1,6,Cloudy,57.45,221.73
101.52,22.1,42,0,0,Sunny,51.81,208.17
103.69,23.8,55,0,5,Cloudy,51.66,202.54
101.07,30.0,64,0,5,Sunny,58.03,198.07
93.63,35.9,22,0,5,Cloudy,41.95,194.05
102.57,23.0,9,0,2,Cloudy,42.34,190.97
112.54,33.2,44,0,1,Rainy,29.17,155.71
92.13,26.5,10,0,5,Cloudy,51.79,211.9
92.41,26.8,80,0,2,Sunny,18.97,117.37
100.64,33.2,16,0,6,Sunny,73.8,258.91
118.25,29.3,16,0,2,Sunny,82.79,267.74
110.06,36.2,77,0,3,Cloudy,45.24,181.47
110.36,23.1,26,1,2,Cloudy,82.47,272.43
100.86,35.8,53,0,3,Sunny,52.1,209.82
107.81,21.3,54,0,6,Rainy,38.53,177.17
90.3,23.9,84,1,0,Rainy,3.78,99.11
109.08,33.1,8,0,2,Rainy,37.17,189.3
117.4,37.1,54,0,1,Sunny,81.54,238.06
108.38,25.1,7,0,1,Cloudy,65.39,240.49
116.21,26.5,20,1,0,Rainy,63.67,231.75
111.72,30.7,18,0,6,Cloudy,76.43,264.21
93.62,24.2,68,0,5,Sunny,42.03,163.91
117.07,36.2,45,0,1,Rainy,31.17,161.46
91.99,35.5,72,0,3,Rainy,0.0,80.0
106.02,22.9,63,1,2,Cloudy,62.52,213.9
94.26,29.3,6,0,4,Sunny,43.25,196.88
90.35,35.5,14,1,6,Sunny,75.7,271.63
102.66,26.7,79,0,2,Cloudy,36.64,155.64
98.85,32.7,94,0,6,Sunny,42.84,163.26
104.58,21.0,30,1,6,Cloudy,78.8,265.38
107.32,32.2,8,0,2,Sunny,70.36,257.49
91.31,23.1,94,0,4,Sunny,22.06,121.06
93.69,36.6,32,0,5,Sunny,53.71,194.66
106.76,27.1,6,0,6,Sunny,80.34,265.89
100.3,25.6,70,0,1,Cloudy,31.75,146.83
111.88,36.8,20,1,1,Sunny,86.19,254.02
109.57,21.0,61,0,2,Cloudy,43.36,164.42
115.37,27.9,27,1,1,Cloudy,84.35,289.66
110.77,27.4,27,0,6,Sunny,86.76,265.47
102.9,25.7,81,0,6,Rainy,17.91,115.89
110.19,38.2,25,0,3,Cloudy,60.6,204.15
98.26,35.0,29,0,6,Cloudy,59.52,206.86
99.19,21.3,62,0,3,Rainy,2.65,102.65
113.67,34.3,41,0,4,Sunny,84.32,252.56
103.39,30.5,53,0,6,Sunny,71.29,217.95
113.95,38.0,81,0,2,Sunny,57.99,199.26
114.67,26.3,19,0,5,Sunny,90.4,272.61
115.73,31.5,32,0,3,Cloudy,61.21,208.78
117.5,30.0,71,0,0,Cloudy,63.25,203.68
102.93,29.8,91,0,1,Sunny,38.15,141.64
99.57,29.1,8,0,5,Sunny,64.75,231.03
107.47,24.1,51,0,2,Sunny,47.34,184.22
101.14,35.1,54,0,3,Sunny,46.06,175.77
108.03,29.0,64,0,4,Cloudy,43.52,158.0
111.17,39.2,66,0,3,Cloudy,42.37,172.73
110.65,25.2,71,0,0,Sunny,47.11,181.22
101.24,33.7,76,1,3,Sunny,49.24,183.63
95.01,38.8,47,0,2,Sunny,34.61,168.76
102.92,33.3,93,1,4,Cloudy,44.66,165.94
94.28,37.4,62,0,6,Rainy,16.28,108.02
116.7,36.5,56,0,4,Sunny,67.6,225.86
100.38,27.2,80,0,0,Rainy,6.88,96.6
94.63,32.0,73,0,2,Rainy,0.0,89.71
90.76,23.1,50,1,0,Sunny,53.71,205.83
109.37,30.7,29,1,0,Rainy,55.26,218.51
109.11,24.6,29,1,0,Sunny,78.03,262.09
100.22,34.9,39,1,3,Rainy,30.95,172.49
92.15,30.6,65,0,1,Cloudy,30.73,157.93
102.29,28.2,19,0,3,Sunny,48.2,205.77
99.34,25.4,94,0,2,Rainy,0.0,87.41
110.31,40.0,78,0,5,Sunny,69.45,223.07
108.17,21.4,92,0,0,Rainy,0.28,80.0
100.94,20.9,39,0,0,Sunny,45.94,198.41
96.54,24.3,33,1,1,Cloudy,64.89,240.52
119.64,39.4,42,0,4,Sunny,77.71,247.79
103.62,39.6,73,0,0,Rainy,5.66,106.6
110.65,33.1,28,0,3,Sunny,68.62,232.41
94.22,37.6,23,0,6,Sunny,56.54,220.1
104.57,24.3,50,1,0,Cloudy,70.41,228.28
90.83,39.4,53,0,2,Rainy,0.0,87.2
105.16,22.9,48,1,6,Sunny,85.73,269.57
118.92,22.0,77,0,1,Sunny,57.82,190.02
101.53,22.2,30,0,5,Sunny,66.81,230.24
91.17,31.5,29,1,4,Sunny,57.18,217.05
90.93,35.6,39,0,5,Rainy,20.67,145.84
101.64,27.3,40,0,2,Sunny,45.38,183.27
94.8,39.6,18,0,3,Cloudy,39.22,186.22
90.7,28.7,60,0,5,Cloudy,33.48,151.38
112.69,23.0,10,0,2,Sunny,66.57,233.4
103.76,29.3,36,0,5,Sunny,66.21,224.52
98.68,33.6,30,1,0,Rainy,30.19,183.83
117.0,36.6,19,0,1,Sunny,88.22,270.51
93.48,29.2,53,0,0,Sunny,37.05,164.19
118.68,31.9,99,1,1,Sunny,79.04,225.65
99.42,25.3,60,1,3,Cloudy,29.65,153.28
116.65,32.9,41,0,2,Sunny,63.14,227.98
108.09,39.7,57,0,5,Rainy,38.67,155.22
114.8,21.0,62,0,1,Cloudy,57.51,196.84
119.52,37.7,87,0,2,Sunny,59.47,181.8
98.65,31.2,82,0,6,Cloudy,38.52,157.87
118.83,25.0,40,0,5,Sunny,91.03,269.93
101.68,39.1,15,0,6,Rainy,38.87,196.93
101.57,29.7,31,0,6,Sunny,66.19,234.51
100.21,26.6,6,0,1,Sunny,62.59,235.32
106.24,23.6,26,0,0,Cloudy,57.09,220.72
94.62,24.9,70,0,1,Cloudy,16.14,125.74
106.61,36.7,88,0,1,Cloudy,27.55,123.28
106.25,32.3,21,0,4,Rainy,24.1,164.06
112.86,38.3,8,0,5,Sunny,92.13,289.21
115.01,24.6,18,0,5,Sunny,93.89,288.92
103.21,22.4,11,0,6,Sunny,80.46,261.07
99.07,20.1,83,0,3,Rainy,3.56,83.08
97.78,30.2,98,0,5,Rainy,9.08,84.07
95.84,40.0,20,0,0,Rainy,13.91,112.76
91.73,33.9,70,1,0,Sunny,54.84,193.03
100.27,26.2,23,0,2,Sunny,53.54,229.38
98.11,37.5,5,0,1,Sunny,58.61,234.58
118.99,35.6,35,0,1,Sunny,79.59,253.31
106.73,20.3,8,0,5,Sunny,81.83,275.98
100.42,36.3,95,0,1,Sunny,31.29,131.75
107.41,26.0,62,0,0,Sunny,59.13,197.3
94.18,23.0,60,0,4,Sunny,32.81,151.74
103.32,24.5,57,0,2,Sunny,46.12,173.63
108.79,29.4,93,0,1,Sunny,41.6,148.14
104.67,28.5,90,0,4,Cloudy,32.11,137.68
102.05,25.8,47,0,5,Sunny,61.42,212.57
119.82,23.4,78,0,3,Cloudy,57.98,200.98
116.41,35.2,53,0,0,Sunny,69.6,231.98
108.7,39.8,64,0,3,Rainy,16.72,111.21
107.08,35.6,98,1,0,Sunny,54.24,181.28
108.62,25.9,98,0,2,Sunny,38.38,136.25
96.04,24.9,20,0,5,Cloudy,48.7,181.79
101.85,24.4,77,0,3,Rainy,0.0,87.2
91.18,22.7,85,0,2,Sunny,23.55,129.51
104.27,31.0,64,0,6,Sunny,72.85,224.69
106.29,32.1,51,0,6,Rainy,31.58,159.84
96.83,34.1,19,0,2,Sunny,47.63,198.55
118.92,33.6,67,0,2,Sunny,65.36,200.92
117.28,25.8,32,0,3,Rainy,45.61,188.17
111.66,26.6,24,0,3,Rainy,37.43,191.32
106.0,33.6,67,0,3,Sunny,48.82,182.37
116.1,27.0,37,0,6,Rainy,46.98,178.9
93.92,24.3,40,0,6,Cloudy,39.04,176.31
113.72,27.5,17,0,1,Sunny,76.35,264.12
93.74,25.4,66,1,2,Cloudy,41.93,183.57
113.83,21.8,72,1,5,Cloudy,84.06,260.6
98.27,36.6,27,1,1,Cloudy,62.63,222.33
116.31,37.1,76,0,0,Rainy,20.56,125.01
118.32,24.4,17,0,6,Sunny,98.9,291.73
94.46,21.3,92,0,3,Cloudy,15.34,111.36
103.88,34.8,44,0,5,Sunny,62.83,209.3
119.43,24.2,34,0,4,Sunny,75.92,237.72
104.5,27.9,98,0,0,Cloudy,30.82,131.45
115.91,21.3,29,0,2,Cloudy,59.47,210.17
107.66,24.5,77,0,6,Rainy,40.71,161.86
101.26,35.9,30,0,6,Rainy,35.67,157.89
98.57,36.1,28,0,2,Cloudy,39.17,190.92
96.1,24.1,43,0,5,Sunny,54.98,180.19
112.85,26.7,93,0,1,Cloudy,45.32,167.32
101.6,22.7,83,0,6,Sunny,50.44,169.64
105.34,21.5,65,0,3,Sunny,46.66,164.88
104.77,39.8,53,0,6,Cloudy,63.52,214.19
107.32,33.1,45,0,5,Cloudy,60.12,217.8
115.97,30.8,74,0,3,Cloudy,52.43,191.64
119.42,35.3,24,0,6,Rainy,58.13,226.64
102.23,36.8,48,0,0,Sunny,50.24,184.56
114.83,36.1,20,1,5,Sunny,100.0,306.64
112.94,20.3,25,0,0,Cloudy,70.32,224.85
107.21,23.7,19,0,0,Cloudy,50.42,206.89
118.68,33.1,43,0,4,Sunny,67.88,228.39
96.01,27.5,46,0,4,Sunny,38.89,169.0
93.28,39.6,65,0,2,Sunny,27.33,127.01
115.62,33.3,8,0,6,Rainy,60.95,225.96
103.17,39.1,28,0,2,Rainy,23.97,169.41
115.41,24.0,7,0,2,Sunny,92.34,290.84
116.79,37.3,5,0,5,Sunny,96.43,292.2
91.87,26.4,98,0,3,Sunny,7.36,87.97
116.5,39.8,17,0,2,Sunny,78.47,260.82
103.45,23.2,58,1,1,Sunny,69.53,218.75
105.31,30.3,86,0,0,Sunny,37.32,137.2
108.8,35.9,44,0,5,Sunny,76.17,234.21
117.79,28.7,15,0,3,Sunny,82.87,262.58
90.57,29.4,46,0,6,Cloudy,38.36,185.4
104.31,39.7,97,0,4,Sunny,41.31,151.43
110.63,28.5,8,1,0,Rainy,58.13,231.51
111.68,32.1,29,0,2,Rainy,36.56,176.76
110.78,21.1,40,0,4,Sunny,55.17,188.11
94.03,36.8,68,1,4,Sunny,45.84,176.28
98.98,33.0,48,1,4,Sunny,62.37,217.27
100.76,28.1,44,0,5,Sunny,57.92,199.09
114.13,20.3,96,0,0,Sunny,52.43,181.25
98.36,31.8,49,0,3,Cloudy,31.13,161.81
96.32,20.3,12,0,0,Cloudy,38.61,178.81
118.72,20.0,89,1,1,Sunny,85.8,234.81
90.27,32.3,39,0,2,Cloudy,24.12,138.84
119.93,23.8,48,0,5,Sunny,85.08,252.66
110.3,23.8,22,0,3,Sunny,65.84,234.11
114.85,33.1,51,0,5,Cloudy,75.75,239.17
98.84,21.1,29,0,3,Sunny,50.56,193.39
90.43,26.3,45,0,2,Cloudy,28.12,151.7
112.14,23.0,9,0,6,Rainy,59.74,227.58
115.02,31.6,68,0,1,Rainy,25.19,145.92
112.21,33.2,66,0,4,Sunny,65.7,216.45
94.29,34.4,76,0,2,Cloudy,26.22,122.71
112.6,25.1,91,0,4,Sunny,42.68,141.25
113.07,21.8,7,0,2,Rainy,42.66,197.4
109.76,21.6,41,0,0,Rainy,24.59,143.66
112.98,28.5,99,0,5,Sunny,63.47,182.06
115.38,38.9,97,0,1,Rainy,14.89,97.24
108.41,24.4,45,0,5,Sunny,69.41,232.07
92.66,25.1,24,0,1,Sunny,46.29,184.3
104.63,22.0,71,0,2,Sunny,39.8,175.93
92.33,32.1,91,0,1,Sunny,21.66,112.75
102.23,33.6,44,0,4,Rainy,8.39,123.17
102.21,32.9,89,0,1,Sunny,42.97,152.49
91.98,37.2,81,1,1,Rainy,8.82,98.23
100.46,29.7,12,0,5,Rainy,40.82,191.31
93.33,22.7,9,0,1,Rainy,13.27,134.35
114.25,25.8,29,0,6,Sunny,86.4,267.2
118.43,33.2,43,0,3,Cloudy,65.09,220.46
92.17,32.3,41,0,6,Cloudy,48.49,186.23
118.65,30.6,9,0,2,Cloudy,70.79,249.14
105.68,33.7,12,0,0,Sunny,52.17,221.22
98.99,32.7,8,0,0,Cloudy,42.15,195.98
92.31,37.6,45,0,3,Cloudy,18.91,130.72
105.02,31.7,64,0,5,Cloudy,58.17,200.9
113.84,35.6,58,1,3,Rainy,47.47,194.99
111.21,25.0,26,0,0,Sunny,73.16,241.4
91.51,33.6,82,0,4,Sunny,22.82,136.06
92.19,38.0,23,0,0,Sunny,41.42,185.67
102.09,27.7,81,0,0,Sunny,39.65,167.77
98.86,35.6,72,0,6,Sunny,59.09,190.12
96.97,34.5,37,0,2,Sunny,45.29,194.82
98.43,21.2,26,0,0,Rainy,20.39,146.95
114.1,31.6,69,0,0,Rainy,30.68,147.88
117.88,22.6,15,0,6,Sunny,96.5,274.99
102.15,39.3,20,0,1,Sunny,56.86,234.7
117.18,36.2,72,0,3,Sunny,62.29,203.65
99.64,22.2,97,0,6,Cloudy,41.78,159.84
104.29,22.4,48,0,0,Cloudy,37.33,157.18
96.78,31.9,92,0,0,Sunny,23.96,123.49
109.21,26.9,13,1,4,Cloudy,78.54,268.44
119.37,20.7,76,0,6,Sunny,75.51,214.46
108.1,30.8,82,0,0,Rainy,9.6,111.56
100.73,27.8,83,0,2,Rainy,6.88,97.06
109.43,22.0,66,0,5,Rainy,37.61,159.26
93.69,36.0,90,0,4,Sunny,21.43,123.57
116.66,38.3,19,0,0,Sunny,83.3,258.61
105.09,35.1,10,0,5,Sunny,90.05,283.38
103.48,36.4,5,0,2,Cloudy,55.29,222.74
107.58,24.3,24,0,3,Sunny,71.27,242.35
108.74,25.3,40,0,0,Cloudy,55.37,212.89
92.15,24.2,6,0,3,Cloudy,34.96,181.53
110.48,35.3,74,0,0,Cloudy,44.5,163.87
97.26,39.0,6,0,4,Rainy,21.72,156.18
111.42,34.3,7,0,4,Cloudy,61.3,226.6
114.68,37.6,11,1,5,Sunny,100.0,318.32
114.12,32.8,88,0,2,Cloudy,40.61,153.53
106.58,27.8,68,0,1,Rainy,3.67,105.79
105.61,28.5,45,0,6,Cloudy,56.15,205.74
94.29,21.5,58,0,5,Cloudy,30.49,143.89
113.26,20.6,45,1,5,Rainy,70.79,227.87
98.14,33.9,9,0,2,Cloudy,38.6,178.36
104.9,28.8,93,0,0,Rainy,7.17,84.28
98.53,31.0,86,0,3,Sunny,35.83,154.64
94.01,31.2,67,0,3,Cloudy,24.43,145.88
108.89,25.5,5,0,0,Sunny,62.49,235.72
91.63,29.5,29,0,1,Sunny,44.36,197.76
112.46,29.4,85,0,1,Sunny,55.29,177.58
99.53,27.8,50,0,1,Sunny,48.31,181.94
90.0,36.4,19,0,0,Sunny,48.46,208.89
105.33,29.0,73,1,6,Sunny,85.07,252.96
91.41,32.1,21,0,4,Sunny,34.9,183.18
98.29,37.9,25,0,5,Rainy,33.19,172.66
111.21,37.3,57,1,4,Sunny,72.2,233.45
91.88,37.8,59,0,0,Sunny,29.81,147.43
115.18,25.4,91,0,4,Sunny,52.95,177.27
90.11,20.7,14,0,6,Sunny,56.02,220.76
97.4,25.2,85,0,1,Rainy,0.0,80.0
112.23,25.6,61,0,4,Rainy,18.07,126.05
99.49,38.2,69,0,0,Rainy,1.29,80.65
93.06,33.0,41,0,5,Sunny,51.17,193.82
100.81,21.6,11,0,4,Sunny,55.78,212.54
98.11,22.7,80,0,4,Sunny,40.42,133.39
115.28,23.1,44,0,4,Cloudy,61.84,231.99
99.4,32.6,54,0,4,Rainy,9.88,109.61
113.67,34.7,5,0,5,Rainy,57.09,217.73
116.76,37.2,24,0,0,Sunny,70.98,253.74
103.01,38.8,35,1,2,Sunny,74.0,241.33
117.3,24.0,72,0,4,Sunny,73.38,209.48
101.32,26.2,94,0,2,Cloudy,24.9,121.18
118.92,24.8,16,0,5,Sunny,100.0,293.04
92.68,27.2,26,0,0,Sunny,47.41,192.23
110.61,38.3,5,0,3,Rainy,42.21,191.15
104.81,31.5,5,0,6,Cloudy,71.82,250.27
101.63,34.8,7,0,2,Sunny,55.41,234.32
108.98,29.8,80,1,0,Sunny,68.43,205.29
111.12,20.6,25,0,3,Cloudy,57.37,222.49
90.13,21.3,17,0,4,Cloudy,31.75,185.91
95.01,30.8,65,0,5,Cloudy,30.94,143.19
111.39,34.4,17,0,5,Sunny,84.3,271.25
109.99,24.3,86,0,0,Rainy,16.21,110.2
118.98,34.4,37,0,1,Cloudy,63.86,207.7
112.83,36.2,10,1,3,Rainy,56.67,241.76
118.52,28.2,29,0,1,Sunny,75.13,246.01
111.08,34.9,27,0,5,Sunny,82.15,255.21
98.94,28.1,92,0,5,Sunny,33.91,127.86
93.16,33.6,30,0,4,Rainy,2.01,117.79
113.45,35.3,8,0,4,Sunny,82.55,270.8
109.32,39.8,39,0,2,Sunny,63.91,225.38
91.45,26.9,79,0,5,Sunny,40.57,162.97
100.8,28.2,29,0,4,Cloudy,33.36,164.05
118.7,23.3,24,1,2,Rainy,63.78,210.45
105.01,24.1,5,0,3,Rainy,30.44,176.41
102.98,33.9,98,0,1,Cloudy,27.39,123.89
103.73,38.3,72,1,3,Rainy,34.55,162.5
96.27,27.9,27,1,6,Sunny,86.07,288.58
101.06,23.6,26,0,1,Rainy,15.86,140.17
101.09,25.7,99,0,0,Sunny,29.13,133.47
91.57,29.1,66,0,3,Sunny,34.62,157.33
113.03,25.8,5,0,6,Sunny,91.24,275.65
102.5,24.7,63,0,0,Sunny,39.43,154.15
114.67,34.7,72,1,1,Sunny,79.36,251.08
115.51,20.2,23,0,5,Sunny,98.11,283.07
96.36,30.8,34,0,5,Sunny,54.82,209.62
109.72,35.9,5,0,2,Sunny,70.94,241.99
104.17,25.3,52,0,3,Sunny,46.34,188.37
116.4,32.1,23,0,3,Rainy,47.49,200.96
96.47,33.4,56,0,2,Rainy,4.35,102.44
110.33,33.1,89,0,2,Rainy,18.43,119.01
108.23,28.9,26,0,4,Cloudy,62.37,226.35
98.86,26.9,54,0,6,Cloudy,39.53,163.37
94.1,36.7,70,0,5,Rainy,6.35,101.53
109.55,35.2,10,0,4,Cloudy,59.16,231.83
112.16,26.4,68,0,1,Sunny,58.18,204.59
99.47,22.1,25,1,5,Sunny,89.23,282.09
109.34,21.4,23,1,3,Sunny,84.66,290.18
101.85,21.9,95,0,2,Rainy,0.0,80.0
111.4,31.7,41,0,2,Cloudy,59.58,199.28
95.98,21.0,67,0,6,Sunny,51.6,173.08
116.71,26.7,33,1,5,Sunny,100.0,298.42
98.62,35.1,64,0,0,Sunny,28.0,143.5
101.03,25.9,96,0,6,Cloudy,43.78,156.82
91.74,35.3,38,0,6,Cloudy,42.13,176.5
93.35,34.9,5,0,4,Sunny,47.71,226.18
105.48,24.9,52,0,5,Sunny,63.52,225.42
98.03,34.6,93,0,5,Cloudy,30.98,125.1
115.06,35.0,25,0,0,Rainy,35.64,175.84
90.44,27.9,38,0,2,Rainy,0.0,106.39
101.37,24.2,30,0,3,Sunny,48.97,203.63
100.12,30.4,40,0,3,Sunny,40.19,165.14
90.58,38.4,27,0,0,Sunny,37.47,165.23
93.73,32.8,85,0,6,Cloudy,24.34,116.57
102.41,23.5,51,0,4,Cloudy,41.96,187.07
104.79,33.7,80,1,1,Sunny,54.86,188.51
102.13,28.5,48,0,5,Cloudy,59.77,215.05
105.93,31.8,24,0,3,Sunny,65.88,236.29
107.85,34.7,31,0,1,Rainy,22.15,147.93
90.3,30.3,65,1,5,Sunny,60.48,217.97
103.92,36.3,41,0,4,Sunny,49.31,183.44
118.9,34.4,88,0,0,Cloudy,54.85,175.96
105.57,32.3,56,0,6,Cloudy,65.56,197.27
110.33,23.0,79,0,4,Cloudy,47.69,172.13
99.36,36.7,96,0,2,Rainy,0.0,80.0
113.22,38.7,66,1,4,Sunny,80.6,264.6
113.19,22.7,70,0,0,Sunny,66.39,209.98
105.64,29.8,28,1,0,Rainy,47.68,213.38
119.28,25.2,84,0,4,Cloudy,58.77,194.01
93.77,35.1,16,1,5,Sunny,84.11,277.77
90.51,34.4,20,0,0,Cloudy,30.14,177.2
113.1,22.8,40,0,2,Cloudy,57.31,208.42
114.21,37.5,6,0,1,Sunny,73.47,258.05
93.61,23.6,93,0,4,Sunny,18.68,130.99
97.97,35.9,66,0,0,Sunny,32.64,152.29
90.53,29.1,68,0,6,Sunny,38.63,156.32
98.8,26.6,33,0,5,Rainy,28.8,154.67
113.19,23.2,96,0,5,Sunny,65.45,194.15
105.54,23.4,78,0,5,Sunny,60.99,196.72
100.44,33.2,91,0,1,Cloudy,26.69,128.01
101.15,31.0,100,1,2,Cloudy,39.65,143.71
90.04,22.4,35,1,4,Cloudy,48.25,186.24
98.99,22.3,87,0,0,Sunny,38.08,142.3
109.39,21.4,19,0,1,Rainy,35.47,179.81
119.23,34.9,59,0,2,Cloudy,58.42,201.15
115.41,34.2,37,0,3,Sunny,76.75,248.29
90.71,21.2,85,0,0,Rainy,0.0,85.4
116.96,31.2,56,0,5,Sunny,86.73,249.12
113.5,21.7,24,0,5,Rainy,60.72,214.13
113.41,38.1,77,0,2,Cloudy,50.56,181.68
103.74,38.1,42,0,6,Rainy,40.88,179.4
101.94,34.0,7,1,6,Sunny,95.07,293.88
99.09,38.5,58,0,1,Rainy,4.07,108.33
91.97,36.2,70,0,6,Cloudy,37.7,165.52
96.85,36.6,22,0,5,Cloudy,48.74,208.05
97.4,31.4,91,0,4,Sunny,38.24,156.05
104.52,26.1,87,0,1,Rainy,12.19,97.44
112.42,24.4,11,0,5,Sunny,90.77,289.71
104.21,26.5,39,0,4,Sunny,60.63,213.37
91.74,32.6,88,0,2,Cloudy,14.51,123.48
118.73,23.5,88,0,2,Sunny,55.25,187.6
118.28,25.2,87,0,1,Sunny,57.24,187.97
113.56,29.4,84,0,1,Cloudy,46.56,180.54
119.74,24.7,89,0,4,Sunny,63.71,191.12
106.33,31.8,97,0,6,Rainy,26.94,129.4
118.88,38.5,64,0,0,Cloudy,60.63,220.03
92.27,35.0,28,0,1,Cloudy,23.66,160.09
100.97,33.3,97,0,5,Sunny,44.63,158.04
96.76,31.7,99,0,0,Cloudy,19.16,107.82
95.87,29.8,43,0,0,Rainy,0.0,95.75
94.22,23.7,16,0,6,Sunny,54.48,212.75
108.67,37.9,98,0,0,Sunny,41.75,144.59
113.44,25.0,57,0,2,Sunny,67.69,216.51
107.35,21.8,68,0,2,Cloudy,39.54,161.29
94.41,35.0,8,0,0,Cloudy,41.52,203.64
114.33,23.5,98,0,0,Sunny,52.12,166.56
109.08,27.4,9,0,2,Cloudy,60.21,224.11
101.64,20.6,20,0,4,Rainy,18.2,154.86
110.22,22.7,31,0,6,Sunny,85.23,268.5
97.8,23.5,8,0,6,Cloudy,53.02,214.5
100.36,21.1,76,0,5,Rainy,16.57,121.62
117.52,33.1,52,1,6,Rainy,76.42,244.46
98.72,36.7,12,0,3,Sunny,50.65,208.47
104.1,27.5,85,0,1,Sunny,32.87,154.09
116.7,37.5,50,0,0,Rainy,24.47,142.95
111.23,24.3,48,0,2,Sunny,65.78,216.16
91.87,26.5,71,0,6,Cloudy,35.17,152.94
94.42,23.0,95,0,0,Cloudy,11.41,82.31
90.24,32.4,56,0,0,Cloudy,12.2,117.61
108.93,28.4,38,0,0,Sunny,61.26,218.31
103.43,32.3,66,0,6,Rainy,31.24,164.08
94.03,35.2,25,0,0,Sunny,37.2,180.19
118.74,30.9,28,0,4,Cloudy,75.0,249.5
105.89,32.6,48,0,1,Sunny,45.96,186.5
97.26,38.7,45,0,1,Sunny,36.7,186.71
105.02,26.0,33,0,2,Sunny,58.17,221.23
110.39,27.2,10,0,4,Rainy,42.32,184.57
92.29,34.4,60,0,4,Cloudy,27.79,154.85
98.24,32.2,18,0,1,Cloudy,46.92,192.9
114.21,23.6,54,0,2,Cloudy,62.87,205.95
103.79,27.5,82,0,4,Sunny,42.0,149.19
106.4,29.4,56,0,2,Cloudy,39.69,183.02
102.98,28.4,92,1,1,Sunny,62.8,211.53
91.32,23.6,81,0,0,Cloudy,19.49,129.43
94.97,38.5,5,0,5,Sunny,70.61,257.89
103.37,35.2,16,0,5,Rainy,43.31,200.49
96.28,29.6,28,1,5,Cloudy,77.97,258.79
91.5,33.6,41,1,4,Sunny,56.66,218.13
115.31,37.9,88,0,2,Sunny,56.46,178.5
119.44,22.7,74,0,0,Sunny,70.58,208.24
113.79,25.0,80,0,1,Rainy,24.08,123.22
115.61,30.9,89,0,6,Sunny,76.15,236.4
97.26,36.0,7,1,3,Sunny,73.13,260.07
118.82,20.7,31,0,5,Sunny,98.47,294.76
95.91,39.7,57,0,4,Rainy,6.05,124.01
118.54,29.1,21,0,6,Cloudy,87.58,278.39
119.84,27.2,19,1,4,Sunny,100.0,299.2
111.35,25.9,43,0,2,Cloudy,60.33,206.2
119.43,23.5,8,0,1,Rainy,45.7,204.22
107.09,35.8,21,0,5,Cloudy,64.54,248.73
97.79,39.1,15,1,1,Sunny,73.02,270.32
103.11,28.3,16,0,4,Sunny,47.33,206.48
107.81,39.0,36,1,4,Sunny,88.63,274.89
92.19,36.5,31,0,5,Sunny,54.06,209.85
108.67,29.6,48,0,5,Cloudy,71.3,230.86
119.44,33.5,47,0,2,Cloudy,74.07,236.29
95.7,28.7,95,0,2,Rainy,0.0,80.0
113.78,31.2,53,0,3,Cloudy,61.51,202.07
117.24,21.2,97,0,0,Sunny,51.45,171.75
118.31,33.9,77,0,2,Cloudy,56.53,178.98
118.8,21.1,47,0,0,Cloudy,61.74,207.63
105.64,36.3,7,0,4,Sunny,69.85,247.46
119.32,36.5,33,0,3,Cloudy,73.49,243.43
112.72,24.7,89,0,3,Sunny,51.58,182.27
94.85,26.5,39,0,6,Sunny,58.3,200.41
104.31,29.6,52,0,6,Cloudy,60.58,198.05
111.55,31.9,78,1,6,Sunny,89.86,268.21
97.42,25.7,91,0,3,Cloudy,31.53,149.66
109.22,31.8,43,0,1,Sunny,60.24,203.58
110.0,26.0,93,0,5,Rainy,35.38,135.42
94.88,21.1,28,0,6,Rainy,29.65,168.73
106.95,20.1,24,0,5,Rainy,33.93,174.46
113.15,22.0,19,0,4,Rainy,46.49,199.63
104.97,35.8,89,0,1,Rainy,11.12,94.27
90.36,39.2,80,0,1,Cloudy,12.12,112.57
90.27,28.5,22,0,3,Rainy,5.65,122.27
100.71,30.3,64,0,1,Cloudy,34.33,152.63
117.79,22.9,91,1,4,Rainy,51.26,172.71
96.86,31.0,97,0,4,Sunny,24.13,126.26
109.03,22.9,45,0,6,Cloudy,72.98,230.97
96.66,32.2,73,0,1,Rainy,0.0,88.14
99.65,38.7,94,0,5,Cloudy,27.47,136.97
115.44,23.9,79,0,4,Sunny,62.43,189.5
111.87,35.3,15,0,5,Cloudy,84.59,269.08
92.86,20.5,60,0,0,Cloudy,20.4,119.25
102.86,27.5,22,0,1,Cloudy,36.37,175.28
90.88,22.2,16,0,3,Cloudy,24.06,170.61
104.43,27.0,20,1,6,Sunny,97.82,288.75
109.87,23.5,31,1,3,Rainy,50.46,212.21
93.56,27.5,21,0,4,Cloudy,40.45,200.15
98.67,28.4,89,0,4,Sunny,31.66,141.89
101.94,26.0,35,0,3,Rainy,13.7,127.49
117.59,33.1,39,0,0,Sunny,76.22,233.81
119.8,38.4,31,0,3,Sunny,85.47,247.92
91.35,28.0,91,0,1,Rainy,0.0,92.0
112.83,23.8,36,1,3,Rainy,52.89,208.84
101.15,25.4,21,0,2,Sunny,55.76,200.46
101.77,37.1,15,0,0,Sunny,62.06,221.03
112.63,31.4,5,0,6,Sunny,88.7,273.53
117.55,29.1,96,0,0,Rainy,26.21,120.22
118.53,23.0,86,1,3,Rainy,45.83,193.6
107.31,29.0,53,0,2,Sunny,54.69,204.33
100.71,25.6,45,0,1,Sunny,47.58,192.03
113.63,38.9,24,0,3,Sunny,73.89,255.58
97.53,37.7,75,1,1,Rainy,28.36,163.23
106.92,21.7,41,0,2,Sunny,55.74,209.05
100.76,30.3,20,0,6,Cloudy,58.05,231.02
109.7,24.5,43,0,3,Cloudy,58.88,204.36
97.21,28.2,49,0,3,Sunny,43.34,171.61
95.75,37.5,68,1,1,Sunny,57.06,195.45
117.55,30.6,51,0,3,Sunny,65.87,220.42
93.05,26.7,27,0,2,Cloudy,32.71,149.34
105.18,24.2,36,0,3,Rainy,26.02,164.43
96.63,36.0,53,1,6,Cloudy,60.67,213.75
91.17,32.5,85,0,6,Sunny,39.39,160.02
91.08,29.4,23,0,4,Sunny,38.7,172.02
95.26,24.3,82,0,2,Sunny,25.06,137.99
116.0,26.7,71,0,0,Sunny,67.77,222.55
98.47,39.2,43,1,1,Cloudy,60.5,223.23
118.51,30.4,93,0,5,Rainy,40.51,155.65
107.45,28.0,64,0,5,Rainy,34.23,146.4
103.1,30.4,15,0,2,Cloudy,56.77,220.05
107.4,35.6,53,0,5,Cloudy,58.23,211.09
105.5,26.8,19,0,0,Rainy,29.29,165.81
112.76,23.6,87,0,0,Cloudy,41.11,167.71
98.47,31.7,65,0,2,Cloudy,23.12,119.85
100.59,33.3,47,0,0,Sunny,44.81,179.54
116.82,34.3,19,0,0,Sunny,73.91,233.17
118.39,37.6,83,1,5,Sunny,99.82,275.7
116.78,27.4,83,1,4,Rainy,41.4,166.32
102.58,21.5,77,0,3,Cloudy,23.79,127.91
113.41,39.2,9,0,5,Sunny,96.13,299.45
104.29,28.7,87,0,5,Cloudy,48.72,166.93
104.93,32.5,92,0,4,Sunny,38.14,170.1
96.14,33.3,33,0,3,Rainy,12.83,138.06
107.73,30.9,66,0,0,Sunny,47.77,178.23
95.58,24.1,64,0,3,Cloudy,22.31,127.77
99.95,35.1,73,0,6,Cloudy,45.06,162.32
115.65,36.1,26,0,6,Rainy,60.85,225.02
96.21,31.1,17,0,4,Cloudy,37.31,179.44
92.13,29.8,54,0,1,Rainy,0.0,105.93
92.07,22.3,51,0,1,Sunny,37.72,166.73
118.22,21.7,33,0,3,Sunny,80.5,252.77
105.21,26.8,84,0,6,Sunny,58.36,188.96
102.28,26.2,21,0,1,Cloudy,53.03,208.74
114.33,39.1,24,0,2,Sunny,84.02,266.46
115.07,35.7,82,0,1,Sunny,59.84,208.27
99.97,33.2,10,0,3,Cloudy,44.0,203.53
110.81,30.4,26,0,0,Cloudy,60.9,225.01
113.13,23.3,13,0,4,Cloudy,61.7,235.86
109.64,39.6,36,0,1,Sunny,69.87,231.9
94.55,27.5,92,0,3,Rainy,0.0,80.0
116.28,22.1,37,0,6,Cloudy,77.35,221.58
106.17,29.9,81,1,4,Sunny,60.77,187.48
98.47,37.5,74,1,2,Cloudy,46.42,187.54
102.76,37.7,53,0,0,Sunny,49.32,190.23
91.13,20.2,34,0,5,Cloudy,45.2,188.18
93.84,37.7,20,0,4,Sunny,45.35,215.53
112.97,25.4,69,0,5,Rainy,38.98,160.39
90.0,20.8,86,1,6,Rainy,16.33,102.5
102.5,37.0,90,0,4,Sunny,35.31,149.57
105.68,37.3,94,0,3,Sunny,33.35,147.31
91.64,31.9,18,0,2,Sunny,49.03,210.01
119.19,31.5,60,0,6,Cloudy,75.32,239.98
96.78,36.3,41,0,1,Sunny,51.08,182.36
99.13,35.7,53,1,2,Rainy,27.18,158.19
99.12,37.8,82,0,0,Sunny,24.57,121.58
96.91,31.1,94,0,5,Cloudy,29.92,136.03
90.04,39.4,54,0,1,Sunny,28.85,162.1
111.88,39.9,40,0,5,Rainy,46.15,185.12
119.01,22.3,56,0,2,Sunny,75.09,237.38
96.73,37.0,27,0,0,Cloudy,37.86,172.64
109.89,30.0,70,0,4,Cloudy,42.15,165.73
112.26,27.8,75,1,4,Cloudy,61.31,203.75
115.45,32.3,49,0,5,Sunny,81.45,261.51
102.68,21.1,90,0,5,Sunny,55.04,170.44
99.09,30.1,32,0,4,Cloudy,43.32,187.69
99.76,37.4,24,0,6,Rainy,29.07,176.28
111.38,24.3,53,0,5,Sunny,81.2,229.11
114.5,28.5,61,0,4,Sunny,66.3,217.29
95.45,38.8,86,1,6,Sunny,57.94,197.18
101.13,28.6,92,0,5,Cloudy,40.33,146.14
117.06,27.2,63,0,1,Cloudy,58.54,208.59
114.2,28.8,30,0,5,Cloudy,71.98,253.29
119.55,30.4,23,0,4,Sunny,75.63,254.89
112.63,32.6,17,0,1,Sunny,76.21,251.3
101.8,36.0,78,0,1,Cloudy,27.02,123.06
107.72,29.0,66,0,2,Sunny,59.34,200.25
109.83,36.3,18,0,4,Sunny,77.95,255.08
92.35,30.7,77,0,6,Cloudy,32.79,144.78
106.33,26.8,15,0,3,Sunny,69.76,239.09
111.28,33.2,71,1,5,Rainy,50.5,185.72
95.02,34.4,16,1,4,Sunny,61.07,237.16
113.42,31.2,39,0,3,Sunny,67.72,217.55
107.51,21.1,43,0,4,Sunny,51.94,205.28
118.57,23.4,36,1,1,Cloudy,88.59,270.35
91.27,25.7,18,0,4,Cloudy,27.59,166.56
97.96,25.7,69,0,4,Cloudy,27.19,136.85
108.05,33.5,31,0,6,Sunny,76.9,253.13
98.9,20.4,64,0,4,Sunny,42.33,173.96
111.43,35.1,47,0,4,Sunny,64.68,221.98
112.77,25.3,69,0,2,Rainy,21.44,119.73
93.08,26.2,59,0,5,Sunny,40.07,166.09
105.42,30.6,97,0,2,Cloudy,29.84,143.02
105.27,24.3,92,0,1,Rainy,0.0,80.0
101.08,37.7,85,0,1,Sunny,42.35,167.12
117.99,21.7,39,0,3,Cloudy,67.93,227.69
114.83,28.9,99,0,1,Sunny,56.75,175.17
110.92,37.0,36,0,2,Sunny,60.73,217.8
111.43,32.3,23,0,1,Sunny,72.03,236.49
103.85,25.8,99,0,3,Rainy,0.0,82.7
117.63,28.4,43,1,3,Sunny,94.29,276.39
110.84,34.1,24,0,2,Sunny,64.06,232.75
111.87,39.5,32,0,6,Sunny,82.79,266.65
115.85,37.9,7,1,1,Sunny,94.78,305.52
98.22,26.8,36,0,5,Rainy,25.73,148.77
114.21,40.0,90,0,3,Sunny,46.1,164.46
95.86,20.1,62,0,6,Rainy,23.92,131.18
100.36,20.6,58,0,6,Rainy,23.94,137.41
100.07,36.5,46,0,1,Rainy,11.33,118.21
119.36,24.0,19,0,1,Sunny,86.71,265.5
115.7,21.2,87,0,5,Sunny,65.95,205.25
111.04,24.7,66,1,6,Cloudy,77.85,250.0
111.81,28.5,35,0,2,Sunny,69.87,241.7
106.86,34.6,65,0,2,Cloudy,41.6,169.32
118.41,32.5,30,0,1,Sunny,75.02,256.79
104.89,24.8,73,0,4,Rainy,13.67,107.69
101.42,30.1,61,0,4,Sunny,45.34,186.39
94.89,38.5,24,0,0,Sunny,47.66,206.07
113.59,36.3,70,1,0,Cloudy,71.33,228.71
112.03,26.5,25,0,0,Sunny,67.14,235.14
101.53,39.6,64,0,2,Sunny,42.72,178.18
90.76,34.2,67,1,1,Sunny,36.75,172.94
115.17,21.2,55,0,5,Sunny,78.7,241.25
90.34,20.7,96,0,5,Sunny,30.49,128.27
111.11,23.4,88,0,3,Sunny,53.4,169.73
119.11,34.6,43,0,1,Sunny,78.32,245.35
103.13,23.7,15,0,1,Sunny,56.43,209.93
97.05,30.2,61,1,0,Sunny,53.4,206.48
111.15,21.9,7,1,1,Cloudy,91.15,281.38
114.51,38.4,41,0,5,Sunny,83.0,256.36
106.39,26.9,88,0,0,Sunny,43.76,157.55
119.01,38.2,100,0,1,Rainy,27.44,120.88
91.55,38.9,29,0,3,Cloudy,28.23,159.1
105.14,20.1,25,0,4,Sunny,59.46,196.47
111.55,29.3,84,0,4,Rainy,15.55,107.46
115.88,20.5,46,0,2,Cloudy,57.47,198.51
95.38,38.2,5,0,3,Sunny,52.28,209.77
114.0,30.4,27,1,5,Rainy,63.79,261.29
106.58,21.5,28,0,1,Sunny,59.67,207.29
101.9,22.2,51,0,3,Rainy,15.25,130.11
93.95,27.7,93,0,1,Sunny,25.15,117.4
115.96,38.8,11,0,3,Sunny,87.69,270.05
94.72,33.9,42,0,3,Cloudy,33.66,153.82
99.29,37.4,51,1,4,Sunny,65.68,236.75
98.7,27.3,39,0,3,Sunny,46.5,198.83
116.14,20.9,82,0,2,Cloudy,47.33,164.23
110.18,39.5,66,0,1,Sunny,57.99,203.68
113.9,20.3,77,0,0,Rainy,24.37,122.08
97.51,39.0,7,0,3,Sunny,52.3,212.43
108.75,27.4,24,0,0,Rainy,26.58,166.28
107.15,20.2,48,0,4,Sunny,56.06,193.9
114.98,33.8,36,0,0,Cloudy,67.46,222.51
117.18,39.6,30,0,2,Sunny,77.32,249.38
90.36,39.3,52,0,2,Cloudy,20.09,135.46
110.22,23.2,9,0,4,Sunny,74.75,246.42
91.56,23.6,63,0,5,Sunny,45.84,193.87
106.47,31.3,65,0,2,Sunny,51.44,178.35
98.63,32.7,53,1,1,Sunny,61.83,227.42
99.2,34.8,34,1,5,Sunny,81.06,268.68
100.59,23.6,21,0,2,Cloudy,49.61,197.35
108.64,39.2,74,0,5,Sunny,63.62,206.23
100.02,32.8,62,0,3,Sunny,49.29,176.0
111.98,36.9,67,0,6,Rainy,38.64,161.62
102.14,30.8,65,1,2,Cloudy,53.97,206.23
92.05,28.3,67,0,5,Rainy,11.78,108.23
113.51,39.5,19,1,1,Rainy,56.3,230.14
98.57,31.6,5,0,4,Sunny,59.23,224.5
102.98,37.3,17,0,2,Rainy,24.95,162.82
110.56,39.1,52,0,1,Sunny,62.3,211.99
99.97,33.5,38,1,3,Rainy,30.14,167.32
91.7,31.0,34,0,6,Cloudy,38.88,163.34
101.22,20.1,23,0,0,Cloudy,35.76,184.12
118.33,20.8,68,0,0,Cloudy,54.81,205.59
109.25,24.0,70,1,4,Rainy,35.33,164.71
110.14,23.7,61,0,4,Cloudy,43.58,168.04
108.97,25.1,48,0,0,Sunny,58.48,207.92
95.97,26.1,16,0,0,Sunny,49.48,215.22
102.55,27.2,44,1,4,Cloudy,63.12,236.86
112.53,28.4,28,0,0,Sunny,73.22,250.09
93.04,22.0,15,0,2,Cloudy,38.31,190.03
98.34,20.8,70,0,5,Cloudy,44.96,176.34
98.29,33.5,5,0,6,Sunny,72.31,253.61
102.96,30.7,62,0,6,Cloudy,51.12,178.36
119.41,28.9,32,0,1,Cloudy,74.16,239.46
92.03,32.7,72,0,5,Rainy,9.9,104.24
105.56,36.6,98,0,4,Sunny,31.53,135.1
95.38,28.6,63,0,1,Rainy,0.0,80.0
119.12,32.8,75,0,3,Rainy,22.16,131.48
93.4,39.1,26,1,3,Rainy,18.18,138.63
102.11,36.8,94,0,2,Rainy,0.0,81.29
112.14,28.5,33,0,3,Cloudy,57.66,221.66
111.14,32.9,93,0,4,Sunny,46.68,169.69
102.68,23.5,78,0,2,Cloudy,21.74,117.97
100.4,31.2,88,0,5,Cloudy,43.07,163.51
101.93,39.6,82,1,2,Rainy,19.76,135.2
97.93,30.4,73,0,6,Cloudy,42.44,178.54
96.16,38.6,49,0,4,Cloudy,26.14,150.48
104.49,28.1,74,0,0,Cloudy,32.05,153.9
98.06,40.0,90,0,6,Sunny,47.25,161.56
98.62,31.6,21,0,1,Sunny,49.89,197.49
109.7,20.8,83,0,4,Cloudy,40.51,163.33
119.06,31.7,43,0,6,Sunny,92.07,276.25
108.11,25.5,44,0,0,Sunny,51.83,191.21
92.31,20.6,32,1,0,Cloudy,51.25,201.56
92.27,36.4,6,0,3,Cloudy,31.91,180.43
118.54,25.5,86,0,5,Cloudy,61.46,192.98
98.92,35.9,31,0,6,Rainy,25.45,157.17
92.76,25.8,25,1,6,Sunny,80.72,274.87
107.97,23.9,91,0,2,Sunny,36.66,153.71
108.71,39.5,11,1,2,Cloudy,83.02,279.0
109.46,27.2,65,0,3,Rainy,21.38,123.02
98.02,32.0,56,0,3,Cloudy,30.6,146.28
90.45,32.2,52,0,2,Sunny,31.31,150.59
118.95,31.2,23,0,4,Cloudy,70.08,238.67
97.53,38.3,77,0,4,Rainy,1.6,85.27
110.28,33.5,16,0,4,Sunny,68.49,238.32
111.2,28.1,98,0,4,Sunny,39.27,147.28
108.3,37.2,75,0,3,Cloudy,39.56,153.57
99.39,23.6,6,1,1,Sunny,81.29,280.89
98.13,30.9,21,0,1,Sunny,53.36,225.17
107.93,39.0,79,0,2,Sunny,57.27,187.25
115.98,32.5,80,1,1,Sunny,78.71,231.22
118.4,36.3,7,0,4,Sunny,84.7,276.41
93.18,33.1,25,0,3,Sunny,41.1,180.12
94.64,36.8,82,0,4,Sunny,23.49,125.1
118.34,38.9,83,1,0,Rainy,45.25,169.52
112.1,25.5,55,0,3,Sunny,56.45,190.55
116.49,23.4,14,0,0,Cloudy,59.07,217.29
96.08,29.7,59,0,0,Rainy,0.0,90.21
107.63,34.0,40,0,6,Sunny,74.56,230.87
111.03,24.5,55,0,2,Sunny,63.2,221.5
110.4,20.1,78,0,0,Cloudy,39.33,160.24
102.24,26.9,21,0,6,Sunny,69.25,246.68
90.46,39.4,93,1,1,Sunny,42.95,154.94
107.49,33.9,65,0,1,Rainy,10.08,108.28
97.59,28.0,95,0,0,Sunny,27.07,129.59
103.51,23.9,79,0,2,Cloudy,36.35,164.15
118.73,27.1,17,0,0,Rainy,44.45,190.49
101.97,23.4,69,0,6,Sunny,49.59,169.47
115.19,22.1,99,0,3,Sunny,61.63,187.95
95.66,38.1,89,0,3,Cloudy,20.78,112.52
110.17,40.0,84,0,3,Rainy,19.21,131.23
119.31,23.3,91,0,3,Sunny,61.22,194.03
93.06,21.1,78,0,0,Sunny,29.39,136.61
90.25,26.6,52,1,4,Sunny,37.32,173.92
103.01,29.2,90,0,4,Sunny,35.32,142.57
92.78,24.1,74,0,5,Sunny,46.71,157.47
112.45,26.0,51,0,3,Sunny,56.4,201.35
117.44,24.0,14,0,6,Cloudy,85.29,267.62
103.02,35.5,61,0,6,Rainy,27.83,149.65
97.76,34.3,84,0,5,Rainy,7.52,89.36
103.03,32.7,17,1,5,Rainy,59.49,239.03
111.7,27.7,65,0,2,Sunny,59.98,204.81
90.27,38.2,62,0,2,Sunny,28.32,146.25
107.68,39.4,88,0,0,Cloudy,33.12,150.65
108.4,23.5,72,0,4,Cloudy,36.85,140.26
109.13,24.5,88,0,6,Cloudy,54.28,182.25
97.26,30.5,90,0,6,Sunny,45.59,161.7
111.42,21.8,33,0,0,Sunny,68.68,231.54
92.74,28.7,20,0,1,Sunny,43.69,185.78
95.98,31.6,67,0,6,Sunny,50.57,171.16
116.32,30.4,51,0,6,Sunny,88.57,266.07
112.16,26.6,47,0,3,Rainy,30.69,163.05
90.41,30.8,27,0,1,Sunny,38.01,194.3
97.45,39.2,34,0,1,Rainy,8.34,138.72
96.43,24.1,61,0,5,Rainy,23.28,124.01
98.12,33.1,34,0,6,Cloudy,46.37,190.23
97.43,20.9,71,0,2,Rainy,0.0,91.51
91.88,21.3,60,0,6,Sunny,42.27,178.78
103.77,31.0,28,0,4,Cloudy,38.12,191.02
111.98,22.1,81,0,5,Rainy,35.44,140.06
108.2,20.4,100,0,5,Sunny,56.29,171.99
110.19,23.4,80,0,3,Cloudy,41.44,170.56
92.43,31.3,12,0,0,Sunny,44.16,185.1
118.54,34.1,92,0,3,Sunny,63.98,185.56
115.15,24.0,48,0,0,Rainy,37.74,172.43
114.15,33.4,84,0,0,Cloudy,40.52,172.38
114.69,23.6,100,1,4,Sunny,80.86,217.13
117.98,32.3,38,0,1,Rainy,39.37,177.34
106.33,28.2,39,0,0,Sunny,60.73,219.25
96.01,33.1,100,0,4,Rainy,0.0,86.76
108.5,39.9,54,0,1,Rainy,22.08,141.32
112.29,38.8,21,0,5,Rainy,54.91,198.61
112.14,20.1,6,0,5,Cloudy,88.0,270.11
105.64,37.7,94,0,1,Cloudy,34.15,150.45
92.05,21.3,58,0,3,Cloudy,19.46,134.56
101.13,39.1,48,0,3,Sunny,46.88,176.38
117.62,25.6,85,0,6,Sunny,73.12,218.06
107.53,27.6,53,1,3,Sunny,78.98,253.11
106.15,21.8,6,0,6,Cloudy,75.37,237.72
98.07,22.2,76,0,6,Cloudy,37.59,137.86
101.05,34.5,74,0,2,Cloudy,36.01,155.31
116.86,38.9,13,0,1,Cloudy,76.76,272.95
109.99,32.2,5,0,2,Cloudy,72.61,255.31
113.62,34.3,73,1,3,Cloudy,64.58,195.15
103.63,35.2,13,0,4,Sunny,61.04,215.48
108.91,25.3,18,1,3,Sunny,86.98,287.57
97.45,20.9,31,0,0,Sunny,59.9,223.19
111.16,20.0,13,0,4,Cloudy,62.89,230.16
102.83,27.0,40,0,6,Sunny,73.57,233.55
103.28,24.8,97,0,6,Cloudy,45.99,165.63
109.48,21.2,88,0,4,Sunny,47.4,175.16
118.09,23.6,83,0,6,Sunny,77.51,228.57
91.92,22.5,7,1,1,Cloudy,58.39,228.98
114.74,38.3,27,0,2,Sunny,80.3,263.24
98.77,22.8,77,0,0,Cloudy,24.2,127.23
103.32,30.8,34,0,4,Rainy,17.23,134.21
90.66,31.9,23,0,2,Cloudy,33.75,169.12
99.03,30.9,71,0,2,Cloudy,21.51,128.39
105.08,22.0,54,0,0,Cloudy,42.68,179.39
91.69,26.4,52,0,0,Sunny,37.23,149.85
104.73,21.0,7,0,3,Cloudy,57.15,218.52
117.81,27.9,70,1,6,Sunny,97.89,272.51
93.16,23.8,31,0,6,Sunny,50.44,208.58
112.93,31.2,91,0,3,Sunny,58.04,177.03
102.29,33.9,100,0,4,Cloudy,22.56,112.95
109.66,30.6,44,0,4,Cloudy,46.78,193.67
97.81,28.7,22,0,4,Rainy,20.8,151.77
94.78,27.7,31,0,3,Sunny,46.88,206.15
94.81,36.8,15,0,4,Sunny,42.46,192.73
92.11,24.4,43,0,4,Cloudy,37.84,186.68
95.57,34.7,23,0,3,Cloudy,33.75,190.75
109.93,35.1,93,0,3,Sunny,50.91,173.8
116.45,28.4,11,0,4,Sunny,91.31,287.2
114.42,25.9,99,0,4,Cloudy,46.38,163.45
110.55,29.4,61,0,2,Sunny,58.83,206.92
93.31,21.9,6,0,1,Cloudy,31.01,178.8
98.68,20.9,42,0,3,Cloudy,45.62,195.46
99.29,22.2,9,0,1,Sunny,60.57,233.52
97.5,23.7,82,0,6,Sunny,39.57,166.32
105.45,30.1,86,0,3,Rainy,15.1,97.55
106.07,37.0,40,0,5,Sunny,72.41,237.06
100.71,24.7,72,0,6,Sunny,53.07,192.65
100.61,38.7,92,0,6,Cloudy,35.46,133.7
114.86,39.1,81,0,2,Cloudy,48.84,175.86
113.68,39.2,89,0,6,Cloudy,62.86,198.51
99.23,36.8,61,1,1,Cloudy,48.08,204.86
117.41,27.3,24,0,2,Rainy,44.56,190.49
118.58,21.5,9,0,0,Sunny,100.0,302.19
99.8,31.4,28,0,6,Cloudy,58.68,212.18
100.63,31.2,34,1,1,Cloudy,65.58,234.92
105.17,37.0,32,0,1,Sunny,53.36,218.01
118.23,39.9,57,1,5,Sunny,98.46,283.5
116.29,30.2,55,0,1,Cloudy,65.26,209.29
93.08,26.9,11,1,0,Sunny,72.21,258.02
101.78,23.7,46,1,6,Rainy,57.44,211.24
106.6,20.1,39,0,0,Cloudy,47.8,188.02
105.09,30.2,98,0,6,Cloudy,49.51,160.81
95.82,31.1,38,0,2,Rainy,0.0,102.0
115.76,36.5,77,1,0,Cloudy,73.25,218.86
110.31,30.1,80,1,3,Cloudy,66.63,215.48
115.14,38.3,58,0,4,Cloudy,51.86,181.53
115.76,32.6,33,0,1,Cloudy,69.02,241.87
112.45,36.8,14,0,6,Cloudy,78.58,256.94
103.18,23.0,31,0,2,Sunny,55.07,211.89
108.32,37.1,87,0,2,Rainy,10.08,102.93
94.81,33.5,17,0,6,Sunny,70.02,227.85
110.21,23.4,46,1,2,Cloudy,69.24,234.5
95.38,23.8,41,0,2,Sunny,37.88,186.44
110.82,38.5,65,0,1,Cloudy,42.44,162.69
96.89,20.6,100,0,2,Rainy,0.0,93.17
93.53,29.3,83,1,1,Rainy,11.36,118.31
94.96,26.3,25,0,2,Cloudy,38.13,185.27
90.06,33.3,7,0,2,Cloudy,29.22,176.02
111.56,36.8,12,0,4,Sunny,75.61,263.46
111.97,27.2,74,0,6,Sunny,73.82,229.68
105.45,28.5,97,0,3,Sunny,34.41,138.29
94.84,39.6,87,0,0,Sunny,26.48,125.72
92.51,35.7,21,0,0,Rainy,7.04,115.77
90.57,37.9,14,0,0,Sunny,42.03,200.16
94.97,28.8,17,1,3,Cloudy,54.71,225.5
116.73,24.7,95,0,1,Rainy,20.91,108.39
97.25,28.2,16,0,0,Cloudy,41.22,186.56
100.63,34.3,70,0,0,Sunny,49.26,178.13
93.16,22.2,78,0,0,Sunny,26.56,125.96
96.67,25.4,89,0,6,Sunny,50.0,170.89
105.58,20.9,27,0,1,Cloudy,57.34,201.74
108.23,28.6,69,0,3,Sunny,45.05,167.34
97.36,36.5,56,0,3,Cloudy,27.78,137.72
91.73,20.5,65,0,5,Rainy,15.18,121.42
101.73,33.5,30,1,5,Sunny,89.5,273.28
97.03,38.6,19,0,1,Sunny,49.26,199.69
96.59,24.7,26,0,6,Cloudy,55.83,230.57
118.8,33.9,93,0,4,Sunny,65.63,203.56
108.49,39.5,69,0,2,Cloudy,41.89,170.7
106.71,39.2,30,0,1,Cloudy,49.67,209.78
102.47,24.7,25,1,2,Sunny,64.39,242.51
102.87,22.0,28,0,3,Rainy,21.14,137.81
106.23,23.0,20,0,2,Sunny,61.43,215.05
110.89,34.0,36,0,5,Sunny,75.51,221.23
111.06,34.5,20,0,0,Rainy,34.57,178.84
95.15,33.5,81,0,2,Sunny,26.34,123.43
105.0,26.7,46,0,5,Sunny,69.55,222.63
102.36,23.4,36,0,2,Rainy,16.34,133.86
116.12,31.6,54,0,3,Sunny,70.21,219.51
108.94,29.7,45,1,6,Sunny,95.78,284.63
105.98,34.6,28,0,6,Cloudy,71.93,238.21
93.46,28.8,17,0,4,Sunny,42.42,189.8
108.17,26.8,79,0,2,Cloudy,47.45,158.53
93.52,25.9,83,0,6,Sunny,45.71,167.71
100.12,24.2,14,0,3,Cloudy,53.41,231.54
94.29,25.3,46,0,0,Sunny,38.89,174.22
110.76,21.9,45,0,2,Rainy,26.24,167.88
96.19,26.9,7,0,2,Sunny,49.49,206.04
101.76,20.7,59,0,0,Cloudy,43.7,172.13
116.87,23.7,20,0,5,Rainy,64.79,231.46
96.13,34.9,48,0,6,Sunny,49.75,189.2
105.23,26.5,85,0,5,Sunny,62.24,203.85
102.58,33.4,93,1,5,Sunny,66.84,191.29
90.54,34.3,34,0,1,Rainy,2.24,108.39
113.78,31.6,41,0,4,Cloudy,62.5,230.31
92.07,39.2,64,0,0,Rainy,1.2,91.18
104.23,20.4,81,0,6,Cloudy,48.23,178.74
106.82,34.8,28,0,5,Sunny,76.16,252.92
108.85,39.2,30,0,0,Sunny,64.5,225.52
110.66,37.2,62,1,0,Rainy,47.72,192.43
97.6,23.4,13,0,1,Sunny,56.44,219.41
90.3,26.5,65,0,0,Sunny,25.87,122.05
111.7,23.4,23,0,1,Cloudy,51.34,209.59
106.07,32.0,32,0,4,Sunny,47.33,189.27
115.08,34.2,11,0,1,Sunny,80.45,253.3
114.64,26.3,49,0,4,Cloudy,51.36,196.04
115.3,30.8,90,0,4,Sunny,53.31,178.52
104.55,33.8,98,0,4,Sunny,36.29,149.18
100.01,28.4,67,1,3,Cloudy,60.3,207.94
113.75,37.1,41,1,4,Cloudy,78.93,263.45
103.54,35.4,20,0,1,Sunny,62.91,228.4
95.5,21.3,9,0,3,Sunny,53.08,218.8
115.65,32.4,33,0,6,Rainy,41.46,186.56
116.48,24.7,56,0,6,Sunny,80.92,232.01
103.99,31.2,27,0,0,Sunny,51.78,207.73
92.27,39.1,10,0,6,Sunny,69.04,245.11
101.63,37.6,40,0,0,Sunny,41.36,177.27
114.11,28.1,61,1,2,Cloudy,70.76,232.77
117.05,25.8,37,0,4,Rainy,38.18,195.61
96.1,24.7,53,0,6,Sunny,48.33,170.13
92.01,30.7,45,0,2,Cloudy,25.02,146.49
116.32,22.3,84,0,4,Rainy,24.07,132.82
101.68,31.0,59,0,6,Sunny,60.64,194.68
106.25,20.0,30,0,4,Sunny,62.89,226.17
119.04,26.5,41,0,6,Cloudy,82.45,255.32
92.0,24.4,81,0,5,Sunny,40.6,144.86
109.45,39.4,21,0,1,Cloudy,63.44,224.01
92.22,34.5,100,0,1,Cloudy,0.09,89.42
101.26,27.0,36,0,0,Sunny,54.6,192.55
114.11,21.9,32,1,3,Sunny,86.34,270.91
103.0,30.3,97,0,0,Sunny,32.19,133.13
119.92,24.3,29,1,4,Sunny,100.0,300.53
106.77,30.7,51,0,5,Sunny,71.91,225.64
99.63,36.7,26,1,3,Cloudy,64.3,238.39
96.6,32.3,95,0,2,Sunny,21.68,116.24
100.52,32.7,65,0,4,Cloudy,39.43,169.15
101.18,30.8,48,0,1,Sunny,45.27,189.25
92.06,38.5,24,0,0,Cloudy,27.3,165.65
101.09,38.6,54,0,0,Rainy,4.07,107.22
103.93,30.3,92,0,2,Rainy,0.0,80.0
111.68,26.1,51,0,0,Sunny,55.22,199.83
109.7,29.2,51,0,0,Sunny,60.82,217.9
111.26,23.7,76,0,6,Sunny,72.12,203.92
90.25,32.7,55,0,3,Sunny,24.56,131.16
96.53,30.0,59,0,4,Rainy,0.0,107.44
109.85,22.1,82,0,3,Cloudy,39.12,142.43
104.52,24.0,43,1,3,Cloudy,64.37,228.54
90.16,29.6,18,0,0,Cloudy,31.15,167.66
114.13,37.8,73,1,6,Cloudy,79.48,253.02
113.18,31.3,51,0,4,Cloudy,53.64,198.48
106.45,33.6,25,1,0,Sunny,90.01,290.86
91.99,26.8,19,0,5,Sunny,51.32,208.32
113.0,31.4,85,0,6,Cloudy,58.85,204.39
107.51,28.9,88,0,5,Rainy,27.37,124.31
113.46,33.2,5,0,6,Sunny,88.85,285.18
112.55,21.0,84,0,0,Cloudy,46.69,177.09
114.09,29.9,86,0,3,Sunny,48.64,181.42
105.54,25.9,14,0,5,Sunny,82.28,263.97
94.21,26.5,27,0,1,Sunny,43.43,173.48
110.13,39.2,22,0,5,Cloudy,66.5,230.64
108.61,23.7,62,0,1,Sunny,57.76,211.92
112.27,26.2,77,0,6,Cloudy,55.82,180.87
95.1,30.2,98,0,3,Sunny,22.48,118.79
95.85,37.3,81,0,3,Cloudy,22.62,122.77
116.71,28.3,56,0,0,Sunny,63.45,210.63
112.5,34.9,99,0,4,Sunny,46.41,169.53
117.25,37.1,50,1,5,Sunny,100.0,292.04
112.76,26.2,17,0,0,Sunny,63.69,247.48
107.91,27.9,100,0,0,Sunny,48.97,170.95
109.62,27.1,21,0,2,Rainy,25.81,162.02
116.67,36.7,71,0,0,Sunny,60.21,197.13
107.36,20.9,65,0,4,Cloudy,42.96,172.48
108.97,26.2,69,0,0,Cloudy,45.77,163.03
94.69,33.6,57,0,3,Cloudy,26.43,135.62
104.22,31.3,9,0,4,Cloudy,53.86,223.51
111.49,28.7,36,0,5,Rainy,44.26,194.02
98.13,30.8,93,0,3,Rainy,2.1,80.0
96.07,24.0,49,0,6,Sunny,58.27,212.26
99.41,28.6,60,1,2,Cloudy,57.0,206.19
97.25,30.0,9,0,2,Sunny,51.06,205.76
96.45,38.0,91,0,4,Sunny,15.73,105.3
102.75,25.2,80,0,5,Sunny,60.22,200.5
117.24,37.4,38,0,6,Rainy,56.23,212.09
105.21,32.9,65,0,1,Cloudy,39.23,165.5
95.64,20.4,91,0,6,Cloudy,28.32,133.5
92.31,34.5,84,1,1,Sunny,41.52,158.61
110.88,20.7,66,0,4,Sunny,53.53,192.73
101.48,39.9,73,0,4,Sunny,40.55,157.84
114.65,37.5,67,0,6,Cloudy,61.2,217.84
109.79,25.9,48,0,6,Sunny,79.09,240.32
113.89,25.1,32,0,3,Cloudy,71.41,255.35
98.16,27.6,74,1,2,Rainy,17.05,127.4
110.77,27.1,17,1,4,Rainy,48.09,212.31
97.92,27.4,47,0,0,Rainy,7.27,112.24
118.17,26.4,34,0,3,Sunny,78.63,239.48
109.09,32.4,30,1,2,Rainy,51.9,224.04
99.74,23.3,85,0,3,Rainy,7.12,96.08
98.09,36.9,67,0,2,Rainy,6.11,107.51
95.73,36.2,77,0,0,Rainy,0.0,99.42
110.84,29.5,61,0,2,Rainy,16.78,123.65
96.56,37.1,68,0,3,Sunny,36.47,155.9
107.86,24.9,84,0,6,Sunny,59.32,190.93
97.94,20.4,53,0,2,Cloudy,38.58,157.69
109.86,32.4,56,0,3,Cloudy,43.3,160.31
114.45,29.2,67,0,4,Sunny,66.38,198.95
113.34,31.3,86,0,0,Cloudy,40.96,165.67
112.83,38.0,17,0,3,Sunny,75.45,249.7
95.63,39.4,97,0,1,Sunny,20.21,119.15
92.65,32.7,92,0,1,Sunny,24.17,120.44
110.97,35.3,49,0,5,Sunny,82.12,235.69
101.05,21.7,50,0,5,Cloudy,52.84,202.04
102.97,23.2,81,0,2,Rainy,14.7,103.85
90.93,34.7,93,0,4,Cloudy,4.9,91.96
97.79,28.6,45,0,4,Cloudy,33.67,170.5
91.01,28.9,50,0,1,Sunny,35.74,163.99
116.38,26.2,5,0,2,Cloudy,68.31,249.26
97.3,32.1,77,0,4,Rainy,0.0,80.0
106.72,23.7,72,0,4,Cloudy,41.8,187.64
91.17,32.5,96,0,6,Sunny,37.6,148.2
110.01,23.5,16,0,2,Rainy,40.92,196.9
99.69,21.3,92,0,3,Rainy,0.0,86.47
116.94,26.6,77,1,1,Sunny,83.75,246.13
116.64,24.6,39,0,5,Sunny,81.69,253.17
99.76,37.8,37,0,6,Sunny,59.92,223.03
117.03,21.1,62,0,4,Sunny,66.07,209.99
119.88,23.5,39,0,6,Rainy,63.85,223.55
114.76,31.0,50,0,6,Rainy,49.78,193.35
115.35,29.6,88,0,3,Cloudy,46.82,159.4
97.47,20.9,70,0,3,Cloudy,27.45,142.96
107.3,20.1,48,1,3,Cloudy,69.16,221.93
92.02,39.8,30,0,3,Sunny,40.87,190.91
92.85,33.2,46,1,0,Cloudy,42.6,201.23
119.97,27.3,81,0,0,Rainy,25.87,138.31
99.8,29.4,34,1,5,Rainy,48.38,217.07
112.45,25.3,36,1,2,Sunny,83.9,261.92
114.2,26.9,40,1,1,Sunny,92.41,279.53
115.74,33.0,23,0,2,Sunny,84.36,266.34
119.93,37.7,26,1,6,Cloudy,100.0,303.03
97.24,23.7,69,1,0,Cloudy,36.12,162.01
91.21,36.8,61,0,2,Sunny,25.35,132.82
102.34,22.4,15,0,2,Cloudy,49.09,219.69
93.9,24.3,30,0,3,Sunny,34.68,165.76
90.67,20.7,52,0,4,Sunny,30.57,167.27
100.81,22.8,23,0,0,Rainy,21.67,156.46
113.51,38.3,87,0,0,Sunny,61.21,193.31
106.99,29.2,16,0,2,Sunny,74.77,255.93
99.38,21.6,71,0,4,Sunny,31.82,158.96
109.63,39.2,60,0,2,Sunny,55.86,174.56
96.96,37.6,22,0,1,Cloudy,38.32,185.85
90.43,35.1,9,0,0,Cloudy,29.38,174.58
112.93,38.7,28,0,3,Sunny,71.49,241.17
108.71,24.4,82,0,3,Sunny,48.07,178.05
112.87,36.7,42,0,3,Sunny,69.77,224.71
91.17,33.8,71,0,5,Sunny,47.24,165.32
115.11,37.4,74,0,5,Cloudy,66.13,195.96
108.59,35.9,80,0,0,Sunny,46.43,161.31
106.9,26.9,56,0,0,Sunny,48.43,189.66
108.74,35.5,79,0,3,Sunny,59.62,196.85
115.93,25.2,43,0,6,Sunny,90.53,273.53
107.61,26.6,63,1,0,Sunny,74.51,233.94
107.43,22.2,30,0,3,Cloudy,51.31,199.04
119.72,38.7,69,0,1,Sunny,76.94,242.22
112.7,25.8,84,1,1,Sunny,73.05,232.66
103.27,30.4,52,1,1,Cloudy,50.74,206.35
111.22,27.8,57,1,2,Cloudy,71.06,219.81
101.68,39.2,13,0,2,Sunny,52.48,228.62
96.87,26.7,9,0,4,Sunny,53.94,216.86
107.91,35.6,76,1,4,Cloudy,65.78,216.79
117.85,37.1,65,1,4,Cloudy,68.91,230.11
117.87,28.7,25,0,1,Sunny,74.81,248.48
100.26,27.6,67,0,1,Sunny,44.61,170.42
105.83,35.0,24,0,1,Sunny,59.05,220.45
96.35,38.3,62,0,0,Cloudy,28.0,149.49
119.87,35.1,49,0,0,Cloudy,67.19,228.23
119.43,24.5,26,0,1,Sunny,85.8,276.19
109.49,37.8,81,0,3,Sunny,46.69,159.77
114.13,27.8,79,0,4,Rainy,9.74,98.66
111.45,31.5,86,0,2,Sunny,53.36,184.88
107.79,36.6,67,0,4,Sunny,43.75,157.68
91.6,23.8,34,0,3,Cloudy,31.88,166.67
103.64,35.7,67,0,5,Sunny,60.15,193.49
110.24,31.9,48,0,0,Cloudy,49.49,194.48
110.33,37.9,71,0,6,Cloudy,62.64,195.49
101.19,23.4,62,0,1,Rainy,0.0,91.12
118.25,28.4,69,0,0,Cloudy,55.68,188.39
95.02,36.7,40,0,0,Sunny,42.77,183.96
105.01,20.4,10,0,3,Cloudy,55.78,228.07
110.73,22.2,41,0,0,Rainy,26.35,160.18
110.91,39.8,97,0,0,Sunny,44.88,158.92
109.46,25.6,79,0,6,Sunny,73.2,208.39
98.26,39.5,59,1,4,Rainy,29.25,178.79
94.69,23.7,81,0,4,Sunny,24.41,127.75
109.08,27.2,79,0,5,Sunny,71.66,216.68
107.98,35.1,63,0,3,Sunny,56.84,197.76
95.38,33.2,42,0,6,Sunny,57.91,211.07
111.15,31.6,29,1,1,Cloudy,80.66,258.92
103.66,30.6,83,0,6,Sunny,49.85,176.74
110.03,36.9,81,1,4,Sunny,78.28,249.97
115.12,24.7,37,0,6,Cloudy,81.34,236.84
95.09,28.8,17,1,5,Cloudy,73.76,259.53
90.57,23.1,42,0,0,Rainy,0.0,95.03
113.37,31.9,62,1,5,Sunny,96.0,284.72
108.29,25.0,92,0,5,Sunny,56.99,190.72
110.99,26.7,24,0,2,Cloudy,61.96,223.5
115.14,29.4,21,0,4,Sunny,72.44,245.38
114.08,20.5,28,0,5,Sunny,88.48,263.22
118.83,21.8,30,0,5,Cloudy,84.73,243.65
106.08,33.7,44,0,2,Sunny,57.84,204.96
104.65,28.6,36,0,1,Cloudy,50.89,196.89
102.06,37.3,97,0,0,Cloudy,26.0,123.65
94.61,33.9,82,0,4,Sunny,30.78,113.18
107.18,20.2,41,0,6,Sunny,63.77,205.48
98.31,32.3,90,0,1,Sunny,32.77,127.12
117.64,21.9,95,0,6,Sunny,73.33,210.17
107.5,35.6,96,0,6,Rainy,24.3,125.43
107.79,39.8,90,0,3,Cloudy,32.03,128.36
100.65,30.6,64,0,1,Sunny,47.53,176.34
91.56,33.7,61,0,3,Sunny,30.29,144.39
90.95,24.7,62,0,3,Sunny,24.1,153.64
102.7,28.8,71,0,4,Rainy,4.91,95.26
92.54,37.1,26,0,2,Rainy,10.52,127.52
108.21,23.3,62,0,3,Sunny,53.28,183.38
116.43,25.3,89,0,0,Rainy,22.92,106.55
116.49,28.9,84,0,4,Sunny,58.54,193.55
109.77,34.2,77,0,5,Sunny,71.61,213.27
96.34,27.5,81,1,5,Sunny,67.62,213.1
115.89,38.6,78,0,3,Cloudy,44.5,167.56
116.58,21.9,53,0,4,Sunny,64.1,201.25
95.9,27.4,89,0,0,Rainy,0.0,94.66
112.12,34.2,53,0,4,Sunny,59.07,190.26
98.6,24.5,46,0,6,Cloudy,38.29,185.13
114.08,33.1,44,0,4,Sunny,64.19,218.43
119.92,23.3,75,0,6,Sunny,80.98,230.18
90.9,21.1,50,0,5,Sunny,44.35,185.2
116.92,22.4,26,0,3,Rainy,46.19,192.36
108.68,38.6,86,0,1,Cloudy,26.05,136.34
119.2,31.0,25,0,4,Sunny,77.44,254.36
103.95,35.9,55,1,3,Sunny,73.4,245.33
115.42,26.7,18,0,5,Cloudy,79.39,267.23
91.87,31.9,78,1,0,Sunny,38.35,163.64
100.06,29.9,13,1,6,Rainy,52.78,231.23
92.01,38.9,22,1,0,Rainy,28.65,179.71
119.26,35.0,17,1,1,Cloudy,92.52,303.71
114.51,34.6,21,1,0,Cloudy,81.84,268.87
115.58,20.9,91,0,3,Cloudy,48.47,177.68
118.14,31.0,29,0,1,Sunny,80.38,249.0
92.55,29.3,58,0,6,Sunny,40.11,152.15
101.57,38.6,20,0,5,Sunny,71.83,233.37
92.13,25.1,28,0,3,Rainy,0.0,108.34
96.32,25.4,99,0,5,Cloudy,35.64,141.75
96.88,28.2,79,0,5,Sunny,52.78,180.63
104.07,24.9,27,1,1,Cloudy,66.57,247.62
98.06,22.6,45,0,1,Sunny,48.91,180.93
93.03,37.1,90,0,3,Rainy,0.0,93.8
95.02,31.2,37,0,1,Sunny,40.74,190.59
94.42,37.2,46,0,3,Cloudy,24.9,154.31
119.19,36.6,52,1,0,Sunny,93.07,286.64
112.78,25.6,22,0,6,Cloudy,77.9,241.8
119.03,31.0,67,0,0,Sunny,68.44,220.28
103.19,21.7,82,0,6,Sunny,54.74,188.45
98.35,38.3,96,0,4,Cloudy,19.36,119.59
113.95,28.1,15,0,2,Cloudy,72.7,255.14
99.79,27.9,28,0,2,Rainy,6.23,125.76
98.98,26.1,65,0,0,Cloudy,38.58,165.17
96.98,29.2,68,0,4,Cloudy,23.31,142.49
93.89,25.0,40,1,2,Rainy,23.45,152.22
97.69,27.5,87,0,3,Rainy,2.09,88.19
100.66,36.0,81,0,3,Cloudy,29.72,133.58
110.22,36.7,57,0,1,Cloudy,50.9,186.91
91.88,26.1,87,0,2,Rainy,0.0,80.0
96.32,29.4,51,1,5,Cloudy,63.35,216.56
114.27,37.5,56,0,3,Cloudy,59.2,200.07
94.41,21.1,100,1,2,Sunny,35.31,145.17
100.28,37.8,83,0,1,Cloudy,27.61,130.52
115.94,24.4,61,0,0,Sunny,68.42,208.17
94.65,33.6,79,0,4,Sunny,34.0,144.04
92.48,31.7,27,0,5,Rainy,24.16,163.68
104.54,31.1,63,0,1,Cloudy,38.93,161.18
99.07,37.2,73,0,1,Sunny,35.12,162.1
106.9,22.0,60,0,1,Sunny,50.71,196.14
114.11,26.9,90,0,4,Sunny,52.57,169.93
94.11,30.8,46,0,3,Sunny,30.88,162.14
107.42,36.2,22,0,2,Sunny,73.25,235.34
105.17,24.3,75,0,0,Sunny,50.24,169.5
94.32,36.1,37,0,6,Sunny,56.66,209.37
108.72,28.0,7,0,0,Rainy,40.05,197.67
98.21,23.8,32,0,5,Sunny,66.48,241.57
104.64,35.2,5,0,4,Sunny,60.49,230.07
92.47,21.8,67,0,0,Rainy,0.0,92.9
103.79,30.3,51,0,5,Cloudy,61.73,211.4
99.19,21.3,41,1,5,Sunny,78.1,269.43
114.67,27.1,90,1,4,Sunny,67.34,221.95
91.71,32.0,52,1,4,Cloudy,36.15,177.15
102.56,31.1,23,0,2,Sunny,56.46,221.47
103.75,28.1,18,0,2,Cloudy,44.13,198.23
111.75,28.6,71,0,4,Sunny,55.47,197.94
107.23,24.5,87,0,2,Rainy,6.47,100.04
110.02,29.1,89,0,3,Cloudy,38.32,147.06
113.31,39.1,69,0,1,Sunny,56.72,193.39
115.87,37.0,30,0,0,Sunny,74.62,245.61
99.42,22.9,14,0,0,Cloudy,47.94,205.5
106.14,20.6,81,0,6,Sunny,55.12,179.65
115.2,38.7,74,0,0,Sunny,62.01,202.32
119.68,30.5,47,0,0,Sunny,71.16,225.52
116.69,30.8,74,1,3,Cloudy,72.8,224.36
101.14,35.6,84,0,3,Cloudy,26.11,129.04
95.85,26.3,76,0,1,Sunny,32.76,148.12
104.68,29.6,63,0,4,Cloudy,39.05,173.59
112.25,39.4,7,0,2,Cloudy,72.47,257.62
104.78,33.4,9,0,1,Rainy,29.34,182.18
104.5,23.1,89,0,6,Rainy,16.91,125.11
115.15,22.7,99,0,0,Rainy,22.67,111.62
100.84,24.1,82,0,2,Rainy,3.32,95.66
115.79,35.3,87,0,6,Sunny,77.01,226.13
102.2,25.9,41,0,1,Sunny,50.41,197.28
99.85,20.4,88,0,0,Sunny,26.83,136.43
103.62,38.9,56,1,1,Cloudy,69.85,233.43
112.87,23.4,70,0,0,Sunny,55.3,194.9
93.78,20.2,67,1,5,Cloudy,49.77,179.75
95.89,24.7,11,0,0,Sunny,54.12,216.94
118.54,24.7,57,0,5,Sunny,80.99,247.95
95.26,28.4,10,0,3,Sunny,47.94,214.51
107.03,38.4,11,1,0,Rainy,52.87,217.78
107.38,37.6,48,0,1,Sunny,55.95,201.06
104.69,29.1,22,1,2,Rainy,43.62,194.0
109.34,28.2,58,0,3,Sunny,64.56,209.11
96.89,31.1,33,0,5,Cloudy,49.88,200.82
106.58,24.9,87,0,2,Sunny,39.27,160.47
101.17,21.0,29,0,5,Sunny,72.93,249.01
109.85,38.8,67,0,6,Rainy,31.06,149.19
94.24,23.7,72,0,4,Sunny,29.21,136.37
107.13,24.0,17,0,2,Sunny,61.07,225.3
95.56,29.4,36,0,4,Cloudy,33.59,187.77
98.36,29.8,31,0,6,Cloudy,53.44,194.5
96.56,20.4,55,0,4,Rainy,3.2,93.59
95.49,23.0,38,0,3,Cloudy,32.58,166.04
114.77,27.6,32,0,2,Cloudy,66.65,234.62
98.57,33.7,77,0,5,Sunny,53.27,189.3
117.81,24.6,76,1,0,Cloudy,68.72,223.01
119.1,28.5,89,0,3,Cloudy,48.57,155.78
107.14,31.1,34,1,3,Sunny,85.13,269.47
94.29,37.8,97,0,0,Cloudy,8.42,80.0
101.24,26.5,13,0,2,Sunny,60.41,230.41
113.93,22.7,17,0,5,Sunny,95.0,291.14
101.02,29.8,86,0,3,Sunny,27.52,130.53
92.61,34.9,68,0,4,Sunny,26.48,129.21
106.7,22.2,42,0,0,Cloudy,51.53,190.2
115.35,28.5,26,0,5,Sunny,89.5,260.11
113.88,20.4,35,0,1,Sunny,68.3,230.02
95.25,20.7,46,0,3,Sunny,43.24,205.17
110.18,29.7,66,0,5,Sunny,75.99,227.97
96.62,26.0,68,0,4,Sunny,31.13,143.67
96.55,36.9,78,1,2,Cloudy,50.25,188.19
116.22,32.0,13,0,2,Sunny,71.51,238.02
97.49,29.1,99,0,0,Sunny,19.0,100.77
97.9,28.2,48,0,4,Cloudy,30.17,150.36
90.02,29.9,67,0,0,Cloudy,13.26,122.44
116.12,20.8,44,0,3,Sunny,69.54,230.83
113.78,37.9,92,0,0,Rainy,15.39,105.43
108.82,40.0,45,0,1,Rainy,21.1,146.47
112.51,23.6,76,0,0,Sunny,54.86,199.42
94.56,22.4,54,0,0,Cloudy,22.69,144.74
103.75,22.9,24,0,3,Sunny,61.83,216.16
100.54,33.2,85,0,4,Sunny,35.46,131.26
92.81,33.2,96,0,5,Sunny,34.31,124.81
104.58,37.0,74,0,5,Rainy,24.32,138.72
117.62,35.0,46,0,1,Cloudy,68.2,218.7
91.2,29.0,37,0,0,Sunny,33.29,172.96
98.74,32.3,96,0,3,Sunny,22.95,114.67
96.23,33.8,67,1,3,Sunny,49.35,193.44
97.14,30.3,61,0,5,Sunny,51.25,192.36
117.25,29.5,69,0,3,Rainy,32.59,142.89
104.04,32.9,56,0,4,Cloudy,43.66,182.17
103.99,31.1,92,0,0,Sunny,46.63,157.65
112.82,32.9,10,0,2,Sunny,79.92,258.24
94.63,32.3,11,0,5,Rainy,24.24,169.7
104.62,34.4,13,0,6,Cloudy,67.01,244.18
102.9,32.9,65,0,6,Sunny,49.03,184.44
107.91,30.4,84,0,5,Sunny,60.1,182.36
119.99,33.6,38,1,1,Sunny,95.55,284.93
113.08,29.0,39,1,2,Rainy,41.36,195.46
101.94,24.8,24,0,4,Sunny,66.24,250.5
114.83,20.0,62,0,6,Sunny,76.75,246.64
95.12,31.2,91,0,5,Sunny,29.85,129.48
90.91,31.8,64,0,0,Sunny,25.8,134.17
96.13,39.4,58,0,2,Cloudy,35.05,172.94
100.21,27.2,39,1,2,Sunny,78.15,260.98
105.32,27.9,51,0,6,Sunny,67.97,218.1
108.45,24.0,50,1,5,Sunny,93.16,278.71
117.32,21.4,91,0,2,Sunny,64.81,186.15
105.3,35.5,8,0,1,Sunny,64.79,245.7
105.04,25.0,14,0,0,Rainy,30.66,184.38
91.51,32.2,79,0,3,Sunny,27.76,147.79
91.05,33.8,44,0,0,Sunny,27.99,162.39
106.53,29.4,59,0,6,Cloudy,64.79,209.55
103.15,37.5,77,0,5,Rainy,17.22,124.65
115.18,28.9,44,1,2,Sunny,86.39,280.2
94.82,25.7,80,1,0,Sunny,48.73,190.27
90.75,37.9,85,0,3,Cloudy,15.32,116.91
103.47,37.2,100,0,1,Sunny,38.59,146.0
97.12,23.3,27,0,0,Rainy,12.34,126.46
91.49,20.5,19,1,0,Rainy,27.95,190.66
111.74,21.8,96,0,1,Cloudy,44.17,156.22
93.35,25.7,9,0,1,Sunny,47.36,215.47
108.25,39.4,44,0,5,Sunny,70.11,249.03
98.43,31.2,22,0,2,Rainy,13.03,144.73
95.2,27.5,25,0,2,Cloudy,39.85,193.64
101.39,37.8,83,0,5,Sunny,48.13,162.65
114.04,29.1,7,0,1,Sunny,71.13,243.71
101.76,26.3,50,0,3,Cloudy,36.12,175.14
112.52,38.8,94,1,2,Rainy,35.21,146.98
93.76,37.0,83,0,3,Cloudy,20.05,108.86
113.18,36.9,57,0,1,Sunny,55.39,182.91
97.11,30.2,24,0,0,Sunny,50.19,201.62
110.32,35.8,63,0,5,Sunny,77.34,230.88
106.97,23.6,25,0,6,Rainy,38.87,190.46
117.87,31.5,94,0,1,Sunny,59.02,176.32
101.62,39.7,91,1,1,Cloudy,34.38,162.4
91.98,25.8,55,0,4,Sunny,35.84,152.32
90.57,35.9,29,0,1,Sunny,41.14,175.06
114.81,29.8,72,0,2,Cloudy,50.51,181.02
105.74,20.8,14,0,6,Rainy,37.78,186.42
113.26,35.3,90,0,0,Sunny,56.22,185.83
97.03,23.4,71,1,3,Sunny,53.02,185.54
100.35,32.6,87,0,4,Cloudy,10.53,103.27
90.9,21.7,99,0,6,Cloudy,25.55,108.06
118.84,38.9,13,0,5,Cloudy,95.19,272.27
110.04,25.8,33,0,2,Sunny,71.85,252.46
118.0,24.5,41,0,0,Cloudy,58.31,217.83
97.96,22.6,75,0,6,Rainy,4.86,96.22
108.34,38.9,42,0,3,Rainy,22.86,128.97
110.35,34.2,92,1,0,Cloudy,60.52,194.27
99.53,34.8,76,1,2,Rainy,16.78,130.79
115.44,30.0,63,0,5,Sunny,71.31,218.18
118.41,29.5,61,0,5,Sunny,87.95,265.29
116.55,22.2,94,0,0,Cloudy,44.89,163.84
112.17,31.2,64,0,1,Sunny,62.17,197.52
98.32,24.9,32,0,0,Rainy,12.96,119.57
98.45,39.5,32,0,1,Sunny,47.24,201.03
118.9,35.9,50,0,6,Sunny,88.03,265.18
90.31,28.3,75,0,5,Sunny,36.17,158.66
111.48,23.0,71,0,2,Sunny,53.63,199.52
111.19,35.7,90,1,4,Cloudy,54.27,191.36
108.68,22.4,59,0,1,Sunny,57.74,200.18
119.7,23.8,42,0,5,Sunny,98.19,286.86
99.36,24.2,22,0,6,Rainy,29.93,177.76
100.2,31.1,80,0,0,Sunny,45.63,172.63
92.37,35.7,99,0,5,Rainy,0.74,80.0
103.28,26.3,67,0,0,Sunny,46.12,182.26
97.83,21.7,9,0,0,Sunny,57.32,224.45
100.3,29.3,48,1,5,Sunny,85.93,261.77
115.04,35.0,33,0,2,Cloudy,60.38,218.16
118.06,24.4,18,0,3,Cloudy,74.47,247.49
95.57,24.4,62,0,0,Rainy,4.99,102.3
101.18,38.9,48,0,0,Sunny,45.47,176.07
117.86,39.1,22,1,1,Cloudy,90.21,294.37
91.85,39.8,11,0,4,Sunny,40.65,194.37
92.77,36.2,91,0,5,Rainy,0.0,85.18
94.88,23.8,66,0,0,Rainy,0.0,95.86
107.86,24.2,49,0,6,Sunny,67.56,214.9
94.51,26.8,20,0,2,Sunny,45.46,207.41
119.04,26.4,68,0,3,Sunny,69.82,214.87
103.4,39.1,41,0,3,Cloudy,44.94,182.51
105.05,35.8,29,0,6,Rainy,34.83,174.9
97.4,34.5,13,0,3,Rainy,14.17,145.87
104.13,23.7,59,0,2,Cloudy,42.75,193.25
109.86,38.2,32,1,3,Cloudy,72.14,253.63
112.54,36.6,13,0,5,Sunny,94.02,283.86
112.62,23.3,16,0,3,Cloudy,60.46,241.02
107.34,37.4,22,0,1,Sunny,66.29,220.28
117.13,25.4,95,0,3,Cloudy,50.96,165.37
114.52,21.6,94,0,1,Sunny,40.33,146.16
112.71,33.1,60,0,1,Sunny,65.41,212.7
91.67,33.1,94,1,1,Cloudy,35.82,155.25
90.21,21.9,78,0,2,Rainy,0.0,89.49
96.37,26.4,62,0,0,Cloudy,27.69,147.18
109.91,39.9,85,0,4,Cloudy,35.16,150.83
102.34,33.6,55,0,6,Rainy,28.82,148.9
102.07,34.6,36,0,6,Sunny,79.61,260.62
116.54,24.3,92,1,5,Sunny,81.22,222.31
116.87,21.6,52,0,5,Rainy,47.2,163.54
117.28,25.5,12,0,3,Rainy,51.3,217.26
99.42,25.0,34,0,4,Sunny,55.23,204.77
110.73,24.7,30,0,0,Sunny,60.19,232.07
98.15,23.9,28,0,1,Rainy,10.63,138.48
95.72,31.5,31,0,1,Cloudy,31.38,170.69
95.54,26.6,83,0,6,Sunny,40.14,151.86
100.26,36.4,96,0,1,Sunny,31.01,138.23
102.9,23.7,79,0,6,Rainy,13.5,106.64
114.93,29.3,43,0,1,Sunny,68.22,226.77
93.6,20.3,70,0,3,Sunny,24.71,131.88
112.05,29.6,55,0,0,Cloudy,51.23,191.78
105.94,21.1,77,0,6,Sunny,57.29,187.61
98.64,39.6,54,0,0,Sunny,40.91,179.65
104.78,35.8,49,0,6,Sunny,62.29,216.25
99.0,29.8,91,0,6,Sunny,50.96,167.16
107.88,21.7,37,0,0,Rainy,24.1,146.29
103.02,31.8,23,1,4,Cloudy,67.69,235.19
94.93,35.2,17,0,5,Sunny,61.57,211.71
93.5,23.8,82,0,6,Sunny,40.68,164.69
106.4,31.4,100,1,1,Sunny,59.61,189.45
117.07,36.3,26,0,2,Sunny,81.83,249.56
100.32,35.4,24,0,5,Cloudy,56.85,218.88
111.99,36.1,9,0,0,Sunny,71.69,243.76
109.76,37.6,88,0,4,Sunny,48.45,167.65
117.95,38.8,82,0,3,Rainy,24.26,117.32
114.63,28.1,95,0,1,Sunny,53.07,178.22
107.0,31.4,94,0,4,Sunny,37.04,145.37
109.71,35.8,36,0,5,Rainy,49.02,199.23
116.95,33.9,34,0,2,Rainy,36.32,169.96
101.99,39.9,95,0,2,Rainy,5.48,89.33
99.8,20.3,30,0,3,Cloudy,40.4,171.08
90.32,27.1,86,0,0,Rainy,0.0,100.2
114.8,25.6,91,0,0,Rainy,16.06,111.72
114.03,25.2,92,1,4,Sunny,63.61,217.16
93.13,24.5,8,0,6,Cloudy,44.06,198.17
107.31,34.2,71,0,5,Sunny,77.17,220.01
103.92,21.7,47,0,4,Cloudy,38.79,167.39
93.56,34.8,34,0,5,Sunny,60.62,216.77
119.42,33.9,20,0,0,Sunny,76.64,252.01
96.44,25.0,75,0,0,Sunny,33.06,161.89
92.02,25.1,43,0,4,Sunny,36.87,163.02
107.85,32.6,90,0,1,Sunny,58.95,181.27
112.17,35.2,45,0,5,Cloudy,68.16,230.89
90.97,37.5,35,0,5,Sunny,47.4,180.13
109.76,37.0,53,0,2,Cloudy,50.5,189.07
105.97,39.3,17,0,2,Cloudy,49.23,206.25
93.1,31.6,45,0,3,Cloudy,28.19,156.72
95.18,38.2,97,0,2,Sunny,23.4,121.4
107.04,36.2,32,0,5,Rainy,37.19,191.84
98.89,37.9,68,0,6,Cloudy,45.41,165.66
118.15,20.2,23,1,4,Rainy,65.87,236.9
114.56,39.3,91,0,1,Sunny,58.34,189.4
119.51,29.5,76,0,4,Sunny,74.72,223.31
97.79,36.0,29,0,0,Sunny,45.48,195.17
119.09,22.5,42,0,5,Sunny,88.98,252.92
102.94,27.9,94,0,0,Sunny,29.48,148.51
100.43,25.4,7,1,5,Rainy,61.14,245.17
91.51,25.8,6,0,2,Cloudy,32.24,167.38
91.58,22.5,9,1,1,Sunny,66.4,254.91
110.76,36.1,65,0,5,Cloudy,67.47,205.12
103.74,20.2,24,0,3,Sunny,54.98,219.41
96.8,26.3,80,0,4,Sunny,28.82,126.35
108.42,23.5,42,0,3,Cloudy,55.1,211.23
97.59,31.8,84,1,3,Cloudy,44.72,163.72
107.33,25.1,40,0,3,Cloudy,52.0,190.81
100.78,25.2,50,1,3,Sunny,64.21,226.67
114.71,29.8,97,0,4,Sunny,45.78,154.01
114.62,33.1,41,1,0,Rainy,51.07,201.99
104.32,22.4,58,0,4,Rainy,9.03,100.02
100.52,23.5,25,0,0,Sunny,56.19,211.01
100.88,24.9,25,0,0,Cloudy,45.24,201.0
114.17,39.5,96,0,4,Sunny,49.46,181.06
99.85,27.9,74,0,4,Sunny,35.43,158.39
96.27,32.0,88,0,4,Cloudy,20.39,123.17
92.54,24.8,64,0,5,Cloudy,33.01,138.92
104.0,29.8,40,0,0,Rainy,16.1,133.74
104.46,21.5,81,0,4,Cloudy,42.29,155.41
115.23,20.7,15,0,1,Cloudy,65.59,223.48
96.64,29.4,92,0,2,Sunny,30.7,124.08
101.43,28.0,87,0,2,Cloudy,28.01,137.26
114.25,22.7,91,0,1,Rainy,11.46,95.67
114.71,33.8,35,0,2,Sunny,68.17,218.4
101.54,39.9,41,1,0,Sunny,74.1,242.8
103.77,27.9,64,0,4,Rainy,10.8,114.76
99.1,32.5,65,0,4,Sunny,31.82,144.39
117.98,39.3,71,0,6,Sunny,82.64,228.57
93.56,36.6,33,0,5,Sunny,52.53,195.69
118.01,29.3,71,0,4,Sunny,67.9,218.79
110.52,34.7,83,0,1,Sunny,64.31,182.64
105.95,22.6,75,0,1,Cloudy,38.33,154.36
90.98,30.2,71,0,0,Cloudy,18.23,121.39
104.27,25.6,20,0,1,Cloudy,49.13,197.39
102.23,23.2,49,0,5,Cloudy,48.05,179.33
94.84,28.5,38,0,4,Sunny,45.97,196.62
109.69,22.6,88,0,5,Rainy,25.11,134.04
119.13,34.0,48,0,6,Rainy,53.16,197.52
106.87,29.1,82,0,0,Sunny,54.67,178.05
111.44,30.6,46,1,0,Sunny,81.68,259.92
92.05,22.9,39,0,4,Sunny,42.46,185.16
102.53,22.8,79,1,3,Sunny,62.03,206.26
93.49,31.7,88,1,4,Rainy,6.07,105.38
108.38,39.7,34,0,0,Sunny,64.08,220.52
118.15,21.9,57,0,3,Cloudy,56.55,173.08
109.85,25.7,62,0,4,Sunny,60.7,201.72
92.3,37.4,32,0,4,Cloudy,35.09,177.64
100.64,21.4,19,0,3,Sunny,55.51,215.65
106.52,37.5,42,0,3,Cloudy,53.89,203.76
102.1,30.5,54,0,2,Rainy,12.74,118.77
115.01,28.2,17,0,5,Sunny,96.99,289.53
114.44,26.2,39,0,6,Sunny,99.72,286.36
108.35,25.9,28,0,3,Sunny,76.51,264.26
101.2,26.1,69,0,1,Cloudy,30.19,151.59
97.66,37.7,92,0,3,Sunny,30.36,139.32
93.18,34.5,95,0,0,Rainy,0.0,80.0
100.65,33.4,22,0,6,Sunny,73.36,235.4
102.4,36.0,62,0,3,Sunny,46.94,188.3
110.27,25.1,30,0,4,Cloudy,52.54,211.83
109.74,32.4,33,1,1,Sunny,90.65,284.6
92.1,29.2,76,0,6,Cloudy,29.03,138.9
101.86,35.6,48,0,6,Sunny,60.78,214.78
95.45,26.2,94,0,3,Rainy,0.0,80.0
94.7,32.9,9,0,1,Sunny,47.03,210.98
114.82,37.6,37,0,5,Cloudy,75.97,236.54
91.26,28.0,9,0,6,Sunny,67.92,227.47
102.58,21.3,40,0,6,Sunny,63.79,210.21
95.05,30.3,81,0,2,Cloudy,21.65,124.59
116.38,26.9,85,1,1,Sunny,76.15,227.16
106.71,33.4,17,0,4,Sunny,60.1,223.5
96.94,39.0,29,0,2,Sunny,46.3,183.48
105.07,29.7,62,0,3,Sunny,62.43,208.79
111.94,29.3,6,1,5,Cloudy,100.0,303.71
118.74,33.1,92,0,6,Rainy,42.83,160.06
96.61,22.1,40,0,5,Sunny,55.3,193.22
116.59,25.1,29,0,6,Rainy,54.26,201.45
118.03,38.4,38,0,5,Rainy,48.23,185.02
117.49,33.4,16,0,1,Sunny,90.41,284.34
109.06,20.3,23,0,2,Sunny,68.04,232.27
108.89,24.1,98,0,3,Sunny,44.85,160.13
102.1,33.7,41,1,5,Cloudy,76.86,261.98
112.57,35.3,5,0,5,Sunny,100.0,316.74
105.94,36.8,64,0,5,Sunny,66.21,214.02
110.32,25.8,71,0,5,Sunny,68.22,203.48
102.85,38.6,53,0,3,Cloudy,47.38,193.79
111.94,31.1,94,0,1,Sunny,49.07,178.42
114.73,33.9,83,1,5,Cloudy,73.74,225.76
94.39,31.9,50,0,5,Rainy,8.95,126.67
114.99,22.5,52,0,1,Cloudy,55.92,202.33
106.21,39.3,96,0,2,Sunny,41.97,139.28
115.34,22.5,72,0,1,Sunny,65.52,201.89
102.94,25.1,23,0,3,Sunny,52.92,204.71
101.37,36.3,92,0,4,Rainy,0.0,80.0
117.45,32.4,44,1,6,Rainy,68.93,229.61
97.54,36.8,10,1,2,Cloudy,68.87,246.25
115.33,30.3,84,0,4,Sunny,64.2,209.33
104.52,27.5,100,0,5,Cloudy,51.57,153.94
105.42,38.4,98,0,4,Rainy,5.49,80.09
99.25,20.7,67,1,3,Rainy,33.11,166.06
107.19,37.1,39,0,4,Cloudy,45.62,183.16
99.76,24.6,76,0,0,Cloudy,27.91,140.45
91.18,37.0,65,0,2,Cloudy,11.96,110.82
98.16,22.8,9,0,3,Rainy,22.41,164.33
90.19,31.6,41,0,1,Cloudy,24.41,140.14
119.35,37.8,80,0,6,Sunny,67.76,192.09
118.97,29.5,93,0,3,Cloudy,56.11,176.28
101.85,34.9,92,0,1,Rainy,4.46,80.0
111.85,36.1,15,0,3,Cloudy,60.5,225.86
100.37,34.7,44,0,0,Cloudy,38.77,163.69
110.13,38.5,69,0,2,Cloudy,37.03,148.16
114.16,28.9,12,0,5,Cloudy,78.79,272.6
118.4,23.5,91,0,5,Sunny,83.65,232.26
102.01,21.0,88,0,4,Cloudy,20.84,106.22
113.5,24.9,100,0,6,Sunny,65.3,192.15
97.98,22.9,15,0,3,Rainy,10.48,135.23
119.71,31.2,75,0,2,Rainy,33.75,131.71
90.77,23.7,62,0,2,Sunny,30.37,151.45
108.11,20.8,98,0,2,Rainy,11.38,104.11
109.79,20.7,52,1,2,Sunny,81.42,252.17
110.64,36.6,17,0,2,Cloudy,68.0,236.56
93.61,31.8,64,1,6,Sunny,63.45,212.75
118.16,27.2,53,0,4,Sunny,66.04,220.46
95.44,37.9,71,0,5,Rainy,8.92,103.56
108.68,21.4,11,1,4,Rainy,47.99,214.21
96.68,39.6,81,0,3,Cloudy,21.11,116.03
99.22,32.3,29,0,5,Sunny,64.43,242.8
106.39,23.7,27,0,5,Sunny,78.88,251.4
102.52,33.6,55,0,1,Rainy,4.19,110.65
94.81,35.3,51,0,3,Sunny,36.85,167.94
95.13,28.6,9,0,6,Sunny,71.06,227.94
102.54,37.2,100,0,2,Cloudy,26.68,120.05
112.72,23.0,98,0,1,Rainy,5.2,80.0
116.94,25.6,99,0,5,Sunny,70.65,210.48
92.52,21.9,17,0,6,Rainy,20.02,142.41
101.79,24.2,46,1,6,Cloudy,73.95,249.08
93.01,24.8,9,0,3,Sunny,44.91,209.31
90.5,38.4,27,0,1,Cloudy,36.34,179.16
109.85,21.6,66,0,5,Cloudy,60.41,200.76
108.07,28.5,5,0,4,Sunny,72.19,249.28
94.89,30.6,78,0,2,Cloudy,18.72,118.7
97.01,38.0,95,1,6,Cloudy,54.39,174.69
90.71,40.0,58,0,1,Sunny,27.58,147.07
115.05,35.1,76,0,0,Sunny,63.64,209.96
119.24,39.4,7,1,2,Sunny,100.0,304.52
94.06,35.7,87,1,4,Sunny,51.88,185.03
96.94,39.3,68,0,4,Sunny,37.5,157.67
116.05,34.1,55,0,3,Cloudy,56.82,202.27
117.79,21.6,6,0,6,Sunny,100.0,297.71
102.59,28.0,53,0,5,Sunny,65.45,204.24
91.52,32.9,35,0,0,Sunny,40.91,172.18
91.18,27.0,78,0,1,Cloudy,13.8,92.3
107.22,25.5,84,0,6,Cloudy,49.42,178.17
101.79,31.5,88,0,3,Sunny,36.96,150.7
90.86,38.7,7,0,4,Rainy,6.69,133.42
107.5,20.7,39,1,1,Cloudy,74.44,243.92
90.34,35.4,89,0,4,Cloudy,16.15,108.28
113.62,34.5,40,0,4,Sunny,71.33,233.16
99.19,39.3,68,0,0,Sunny,45.48,168.69
91.21,38.6,36,0,2,Rainy,6.65,115.1
107.65,35.2,22,1,1,Sunny,83.53,284.84
101.93,30.4,38,0,0,Cloudy,45.67,178.21
119.21,24.1,60,0,5,Cloudy,69.41,227.87
106.33,30.9,71,1,6,Rainy,49.12,174.99
98.26,35.3,57,1,4,Sunny,54.37,217.24
111.28,37.9,71,0,4,Cloudy,45.08,151.52
98.14,35.8,95,0,0,Cloudy,11.52,101.96
117.13,23.9,70,0,5,Sunny,85.16,238.02
101.24,32.0,68,0,1,Sunny,39.49,160.74
106.5,26.6,71,1,4,Sunny,72.98,229.77
91.52,20.2,85,0,5,Sunny,36.4,152.86
102.78,24.0,43,0,1,Sunny,42.05,163.51
114.97,22.3,42,0,0,Cloudy,57.44,207.14
114.17,36.9,44,0,4,Cloudy,55.4,204.2
96.73,25.2,23,0,3,Rainy,13.12,131.83
96.78,25.7,87,0,3,Sunny,36.61,146.52
114.52,39.2,9,0,4,Sunny,87.45,272.59
117.91,27.6,73,1,2,Rainy,48.81,190.8
92.86,20.2,18,0,4,Rainy,2.59,123.57
103.5,25.7,95,0,4,Cloudy,23.03,120.69
100.12,22.4,53,0,4,Sunny,46.68,187.83
116.12,22.1,68,0,0,Rainy,28.24,151.81
92.51,21.5,61,0,4,Sunny,22.58,127.22
96.33,31.9,39,0,4,Sunny,40.28,195.79
112.57,23.8,89,0,0,Cloudy,48.72,171.34
91.54,27.2,9,0,4,Cloudy,36.07,181.42
104.78,37.2,92,0,3,Sunny,39.8,169.04
103.26,28.5,43,0,3,Cloudy,40.05,172.27
100.03,38.3,28,0,6,Cloudy,54.35,199.14
101.84,30.0,44,0,5,Rainy,32.28,157.02
105.9,28.0,54,0,6,Sunny,68.36,216.58
94.84,35.0,81,0,6,Sunny,46.82,177.45
107.16,21.5,62,0,4,Cloudy,44.87,173.87
114.16,21.8,5,0,0,Rainy,44.84,204.02
112.8,33.0,47,0,4,Sunny,67.03,222.66
94.62,29.7,43,0,4,Sunny,36.06,177.74
94.48,35.8,14,0,5,Sunny,62.28,227.52
98.05,38.3,6,0,1,Sunny,61.97,231.91
100.83,27.8,67,0,6,Rainy,21.2,124.15
102.25,31.9,20,0,5,Sunny,71.29,239.96
110.39,30.0,41,0,2,Cloudy,54.34,206.51
91.7,39.6,20,0,0,Sunny,35.72,185.13
91.04,36.6,91,0,6,Sunny,35.36,156.75
101.76,38.2,94,0,2,Rainy,7.92,91.42
110.91,25.1,84,1,1,Cloudy,57.13,193.72
95.8,35.5,31,0,2,Cloudy,35.74,177.01
109.25,25.3,67,0,4,Cloudy,43.65,166.32
97.79,24.2,98,0,3,Sunny,27.05,119.56
116.58,38.9,68,0,0,Cloudy,54.14,191.04
116.87,20.4,36,0,0,Sunny,78.08,244.41
98.92,39.3,13,0,4,Rainy,13.99,141.36
96.9,23.0,15,0,5,Cloudy,59.29,229.07
102.34,36.4,74,0,6,Sunny,56.65,192.46
97.22,25.5,34,0,6,Rainy,16.81,154.26
110.17,27.0,19,1,6,Cloudy,96.46,306.5
114.78,24.3,63,0,2,Sunny,63.84,202.28
110.19,31.7,52,1,0,Sunny,75.33,241.4
114.73,27.0,98,0,5,Rainy,33.5,125.31
101.91,33.1,86,0,6,Rainy,10.48,93.09
94.69,20.3,80,1,6,Cloudy,49.61,194.4
112.14,21.3,64,0,1,Sunny,59.19,197.32
100.81,22.0,72,0,6,Sunny,46.19,161.06
110.14,28.4,61,0,1,Sunny,51.15,170.99
98.12,36.3,68,0,2,Cloudy,21.77,118.41
92.44,37.8,58,1,1,Sunny,51.65,192.55
119.78,24.9,84,0,6,Rainy,46.67,167.04
94.69,31.5,91,0,3,Sunny,20.27,112.8
119.65,35.4,79,0,4,Cloudy,51.03,182.95
119.32,25.8,58,0,6,Sunny,87.27,245.6
113.81,28.2,63,0,0,Sunny,62.38,215.59
109.78,30.5,92,0,5,Cloudy,48.57,165.34
107.33,22.7,90,0,4,Cloudy,43.14,161.33
115.98,20.5,43,0,2,Cloudy,62.0,210.93
98.68,23.1,19,0,4,Sunny,51.47,216.29
104.03,32.5,83,0,0,Sunny,39.22,143.47
108.58,21.5,78,0,6,Rainy,34.52,138.26
102.34,23.8,32,0,5,Cloudy,61.63,212.18
102.82,26.8,40,1,0,Cloudy,53.55,220.8
99.91,21.6,58,0,2,Sunny,38.98,164.27
106.93,23.8,21,0,0,Cloudy,51.86,200.25
115.52,38.2,90,0,1,Sunny,56.22,179.62
96.05,20.4,91,0,5,Sunny,44.9,161.7
118.03,33.1,97,0,5,Sunny,67.6,189.56
110.67,27.7,26,0,4,Sunny,67.81,235.34
114.7,33.5,79,0,3,Sunny,66.84,204.73
106.69,31.8,40,0,3,Sunny,58.17,205.67
113.39,24.5,33,1,3,Sunny,86.71,264.44
90.49,36.9,59,0,2,Cloudy,11.36,123.05
114.55,29.8,46,1,3,Rainy,50.59,199.32
91.2,36.5,36,0,5,Sunny,45.61,165.62
116.7,28.1,18,0,6,Sunny,92.67,285.66
119.76,39.7,22,0,5,Sunny,100.0,297.05
98.82,35.4,42,0,4,Sunny,45.82,193.94
96.31,39.3,38,0,0,Sunny,40.66,182.5
112.96,30.3,49,1,1,Sunny,75.79,248.03
97.59,29.5,91,0,6,Cloudy,38.25,144.45
115.97,35.1,36,0,3,Rainy,36.39,168.63
93.09,37.6,71,0,3,Rainy,0.0,94.91
93.78,39.3,67,0,6,Cloudy,31.01,146.06
119.37,26.5,59,0,3,Sunny,69.32,208.77
110.22,36.0,47,0,1,Cloudy,48.32,185.73
115.41,24.2,26,0,4,Cloudy,58.64,217.12
99.73,30.9,91,0,6,Sunny,42.75,140.53
110.29,23.6,72,1,6,Rainy,53.77,201.76
107.83,26.9,81,0,3,Cloudy,38.93,154.59
108.09,38.6,100,0,0,Cloudy,28.72,115.8
110.48,22.9,33,0,2,Sunny,59.8,213.76
107.26,32.6,44,0,1,Rainy,20.91,139.82
102.87,31.9,49,0,4,Cloudy,43.51,186.38
98.28,22.4,14,0,5,Sunny,63.52,239.67
113.06,26.5,81,1,0,Sunny,75.35,238.76
96.79,31.3,49,0,1,Sunny,37.18,170.43
110.77,23.7,21,0,5,Sunny,90.5,272.17
97.0,36.0,6,1,1,Cloudy,61.17,234.84
108.76,39.4,21,0,2,Sunny,70.15,235.16
112.41,24.3,94,0,2,Rainy,20.49,114.36
96.56,23.7,42,0,5,Rainy,29.95,157.71
91.8,29.1,41,0,5,Sunny,43.63,191.27
93.93,35.0,67,0,4,Sunny,23.8,132.31
108.18,25.6,9,0,3,Sunny,75.4,240.02
115.48,20.4,29,0,6,Sunny,94.53,271.12
91.35,30.8,77,0,5,Sunny,35.84,143.21
112.02,39.1,96,0,2,Sunny,33.05,128.68
100.24,27.8,26,0,4,Rainy,17.96,121.89
104.36,28.4,97,0,1,Rainy,0.0,89.06
117.87,39.4,67,0,6,Rainy,42.56,150.65
99.96,33.9,39,1,3,Cloudy,59.14,217.37
103.96,34.4,59,0,0,Rainy,14.82,127.44
90.41,31.3,24,0,1,Cloudy,36.32,183.1
92.45,39.5,9,1,6,Sunny,79.11,261.14
97.76,33.8,43,0,4,Cloudy,28.86,165.09
90.84,37.9,67,1,0,Rainy,15.74,138.32
108.94,34.0,36,0,6,Sunny,79.5,248.64
102.79,34.7,67,0,1,Sunny,42.27,167.81
106.44,25.8,78,0,2,Sunny,46.43,162.26
95.24,26.1,44,0,4,Sunny,37.77,173.0
98.88,35.7,21,1,0,Sunny,75.48,262.17
109.91,25.9,83,0,5,Sunny,73.41,211.75
118.96,31.3,77,0,2,Rainy,26.71,139.74
91.51,25.0,36,0,5,Rainy,18.57,143.08
116.71,36.3,27,0,5,Rainy,49.32,225.98
107.31,22.2,79,0,0,Sunny,41.9,153.7
106.92,36.6,64,0,3,Sunny,53.99,200.84
105.01,32.1,81,1,6,Sunny,77.86,227.83
92.08,23.7,86,0,6,Rainy,0.0,86.22
92.7,30.8,60,0,3,Sunny,31.09,130.16
108.03,25.6,13,0,4,Cloudy,62.54,226.97
100.23,26.5,73,0,0,Sunny,31.21,148.45
117.52,27.0,66,0,6,Sunny,90.21,256.3
102.2,21.3,68,0,3,Sunny,45.76,157.33
94.3,39.7,26,0,1,Cloudy,36.61,174.61
111.44,20.6,36,1,1,Sunny,86.36,284.25
98.8,33.2,51,0,3,Sunny,51.64,200.68
105.76,27.4,6,0,6,Sunny,86.66,285.67
110.93,32.9,89,0,5,Cloudy,52.86,194.47
117.01,27.1,96,0,5,Sunny,75.5,198.94
113.77,33.5,56,0,3,Rainy,25.18,139.17
110.29,34.6,92,0,4,Sunny,46.44,162.83
110.39,33.8,92,0,5,Sunny,70.32,199.72
118.38,22.3,18,0,4,Cloudy,74.1,250.39
98.87,33.1,41,0,1,Sunny,49.32,203.68
90.03,25.6,31,0,2,Cloudy,31.6,167.26
98.16,20.6,28,0,0,Rainy,16.58,123.21
96.54,28.3,68,0,2,Rainy,0.0,96.42
109.86,28.7,74,0,4,Sunny,60.89,197.48
109.01,29.3,30,0,5,Sunny,82.1,240.34
107.8,34.1,58,0,2,Rainy,22.24,131.11
90.49,26.2,19,0,4,Sunny,40.31,174.17
111.86,26.3,33,0,6,Cloudy,78.45,247.41
99.71,21.2,78,0,2,Rainy,10.73,101.29
109.95,33.7,32,0,1,Cloudy,53.45,193.01
106.7,31.4,63,0,4,Sunny,56.47,197.16
100.28,27.0,77,0,1,Cloudy,27.49,127.33
94.04,34.1,25,0,2,Sunny,33.57,183.51
92.83,30.7,14,0,3,Sunny,38.03,187.8
114.95,29.4,8,0,3,Sunny,82.14,266.77
117.55,30.2,66,0,0,Sunny,71.58,230.88
109.49,32.7,8,1,6,Cloudy,99.89,312.88
93.1,33.2,10,0,3,Cloudy,40.5,195.67
102.06,25.8,94,0,6,Cloudy,52.84,172.59
111.87,22.8,84,1,0,Rainy,40.24,162.93
113.39,23.1,76,0,2,Sunny,55.97,190.97
93.55,32.8,96,0,0,Cloudy,10.89,108.79
90.0,37.5,20,0,0,Sunny,47.18,172.56
111.36,28.2,42,0,0,Cloudy,48.1,205.53
100.7,23.4,53,1,6,Rainy,51.34,192.84
97.63,35.1,65,1,1,Sunny,57.03,206.7
90.39,36.6,69,0,6,Cloudy,25.72,123.06
106.21,37.6,87,0,6,Sunny,50.96,185.16
115.53,32.1,54,0,0,Cloudy,64.5,203.05
118.73,37.2,21,0,5,Cloudy,82.51,271.99
106.97,20.3,32,0,4,Cloudy,51.17,199.18
105.43,22.1,48,0,2,Sunny,48.88,187.68
92.55,21.9,16,0,1,Cloudy,43.86,185.87
106.47,34.3,74,1,4,Cloudy,57.99,212.14
101.4,21.4,75,0,2,Sunny,32.87,145.48
108.21,29.9,76,0,6,Sunny,62.38,205.02
101.66,29.5,7,0,1,Sunny,67.36,226.21
97.21,26.2,53,1,6,Sunny,70.03,227.42
92.85,37.4,25,0,2,Sunny,39.97,186.44
99.45,23.4,12,0,3,Sunny,61.51,217.09
92.9,27.0,68,0,2,Rainy,0.0,93.89
95.31,35.5,96,1,3,Rainy,3.06,87.22
119.62,20.6,63,1,6,Rainy,71.65,226.24
103.32,33.5,34,0,3,Rainy,19.02,146.34
105.96,36.3,36,0,5,Sunny,73.4,240.48
116.21,38.6,79,0,2,Sunny,65.35,194.13
119.87,37.5,24,0,6,Rainy,63.8,236.83
107.48,26.4,20,1,6,Cloudy,89.76,290.61
114.37,31.7,29,0,3,Sunny,72.15,224.26
99.81,21.5,64,0,5,Sunny,60.9,200.19
99.17,25.2,49,0,1,Sunny,40.46,176.31
102.08,21.9,13,0,3,Sunny,48.38,204.7
110.18,26.3,55,0,0,Sunny,57.64,174.66
110.47,37.5,65,0,1,Rainy,23.09,134.57
99.46,26.9,44,0,6,Cloudy,48.9,197.09
94.0,31.2,65,0,5,Sunny,43.87,170.81
108.97,28.7,71,0,1,Sunny,50.34,180.55
93.85,29.2,84,1,1,Rainy,10.45,119.97
107.35,39.4,80,0,6,Sunny,55.54,172.3
110.8,25.9,19,0,0,Cloudy,63.81,236.25
111.02,32.5,57,0,0,Sunny,46.12,182.23
112.6,28.4,8,0,0,Sunny,79.21,250.58
116.19,21.2,27,0,0,Sunny,77.75,257.02
105.0,29.8,31,0,5,Rainy,40.68,197.18
111.91,36.3,41,1,0,Sunny,75.92,253.82
108.58,22.0,81,0,5,Sunny,65.03,205.98
95.6,21.4,47,0,5,Sunny,51.59,185.83
90.77,23.1,41,0,4,Cloudy,31.87,156.91
98.54,35.3,89,0,6,Cloudy,37.91,140.6
103.29,34.5,33,0,4,Sunny,49.15,200.14
108.51,31.3,33,1,0,Sunny,74.42,248.31
115.5,29.4,53,0,5,Cloudy,69.27,218.56
95.89,37.8,79,0,1,Cloudy,24.19,134.67
93.77,35.3,55,0,3,Rainy,4.91,119.7
118.9,36.2,54,0,3,Cloudy,63.06,210.81
93.24,36.3,32,1,4,Cloudy,50.66,197.59
104.35,32.9,78,0,0,Sunny,41.47,160.97
107.57,29.2,9,0,2,Cloudy,58.54,227.41
106.24,37.3,60,0,3,Rainy,22.44,142.04
92.58,38.5,68,0,6,Sunny,41.74,163.54
91.71,20.5,93,0,6,Sunny,37.96,153.88
93.16,21.0,21,0,5,Cloudy,45.8,202.77
107.57,39.2,93,0,6,Cloudy,53.52,172.45
106.33,25.5,59,0,5,Cloudy,59.69,209.5
97.01,37.5,13,0,3,Sunny,56.48,227.6
109.13,27.8,95,0,1,Sunny,54.61,167.07
114.6,22.4,93,0,3,Sunny,41.09,160.15
91.25,21.6,72,0,4,Rainy,0.0,88.04
104.94,23.1,77,0,6,Rainy,26.66,132.51
110.68,25.0,83,0,0,Sunny,53.36,178.68
97.57,29.8,20,0,0,Sunny,51.56,217.73
99.23,34.0,20,0,5,Sunny,69.05,249.2
108.41,39.7,17,0,3,Sunny,69.2,244.86
116.94,28.8,82,0,2,Sunny,65.34,203.76
114.3,30.4,90,0,4,Sunny,58.58,184.61
107.49,30.4,89,0,5,Cloudy,49.42,191.04
111.91,30.8,77,0,3,Cloudy,43.82,159.9
100.94,30.4,67,0,4,Sunny,41.42,162.47
109.23,20.2,45,1,2,Cloudy,68.28,237.82
103.99,20.0,57,0,5,Cloudy,62.78,202.25
95.7,22.0,72,0,6,Sunny,40.59,170.46
111.05,22.0,78,0,4,Cloudy,46.93,158.7
106.69,34.1,13,0,5,Sunny,84.86,265.54
100.76,24.1,55,0,4,Sunny,41.99,169.86
117.34,37.9,52,0,4,Sunny,71.89,220.37
90.63,38.6,84,0,6,Rainy,7.06,104.03
99.47,39.5,53,0,5,Cloudy,46.66,171.97
91.71,38.8,22,0,0,Sunny,47.52,191.83
113.0,25.4,14,0,6,Rainy,60.88,222.18
111.06,30.2,89,0,2,Sunny,46.35,170.67
99.94,23.5,58,0,5,Rainy,16.97,138.17
110.27,36.1,83,0,0,Cloudy,41.33,162.08
101.88,37.8,19,0,1,Cloudy,40.92,178.64
112.69,37.0,15,0,3,Cloudy,50.01,202.55
103.63,28.7,44,0,5,Cloudy,54.79,214.2
102.37,35.2,51,0,0,Rainy,24.12,143.15
118.04,22.0,24,0,5,Rainy,57.63,205.16
97.53,20.8,26,0,5,Sunny,65.39,247.25
93.61,35.1,52,0,5,Sunny,53.32,190.42
107.54,28.5,86,1,6,Sunny,80.3,235.97
119.08,39.9,20,0,4,Sunny,80.95,255.23
101.34,21.9,9,0,1,Sunny,65.45,230.66
91.86,37.1,69,0,2,Sunny,27.29,149.99
100.18,29.6,87,0,2,Sunny,33.71,143.75
105.18,36.5,78,0,5,Cloudy,53.35,184.56
94.86,36.3,25,0,0,Rainy,4.64,110.61
109.74,38.3,65,0,6,Sunny,63.8,204.94
119.93,26.0,81,1,5,Sunny,92.47,255.98
103.55,39.0,59,0,4,Sunny,50.47,179.74
100.64,23.0,28,1,4,Rainy,36.74,190.88
102.02,21.6,27,0,5,Sunny,74.06,242.11
93.45,28.6,91,1,2,Rainy,8.14,109.69
116.5,36.6,15,1,4,Rainy,58.39,238.37
102.44,29.5,51,0,3,Rainy,11.59,116.88
101.62,36.6,6,0,0,Sunny,65.11,242.83
109.79,34.6,74,0,0,Sunny,51.18,176.42
103.26,24.2,57,0,4,Rainy,18.73,123.9
109.45,39.0,15,1,2,Sunny,87.4,276.34
91.84,21.2,19,0,6,Cloudy,50.66,207.38
114.41,38.0,77,0,5,Sunny,64.6,196.85
118.22,26.1,16,0,3,Sunny,81.39,274.53
109.46,30.0,40,0,3,Rainy,25.26,163.47
118.64,28.4,96,0,5,Cloudy,57.17,183.7
94.54,23.4,27,0,6,Cloudy,54.27,211.14
104.32,27.2,31,0,3,Cloudy,43.98,188.82
108.05,23.9,92,0,1,Cloudy,30.76,153.37
107.45,24.1,18,1,4,Cloudy,82.28,289.81
102.04,23.7,58,0,3,Rainy,11.47,115.01
100.14,29.8,31,0,6,Rainy,34.81,170.57
93.8,36.0,25,0,4,Cloudy,24.69,159.56
101.75,31.4,53,0,2,Sunny,42.74,165.99
94.88,37.9,66,0,2,Sunny,42.95,154.91
112.03,32.7,81,0,5,Sunny,73.02,205.23
96.26,33.8,76,0,2,Sunny,26.23,131.8
91.76,33.4,48,0,1,Sunny,34.36,155.29
106.57,29.0,48,0,2,Sunny,50.48,203.5
107.86,33.8,65,0,4,Sunny,59.25,187.4
116.16,21.4,46,1,0,Sunny,79.09,243.67
107.31,37.2,27,0,0,Cloudy,54.24,194.46
100.36,35.6,77,0,4,Sunny,38.75,151.08
114.09,24.9,5,0,0,Cloudy,64.07,234.64
106.21,35.4,40,1,3,Sunny,75.95,251.07
92.38,20.3,59,1,0,Cloudy,42.75,182.16
106.98,24.3,20,1,6,Rainy,55.57,220.06
117.24,21.3,93,0,1,Sunny,51.56,162.89
101.89,35.6,22,0,2,Rainy,20.46,154.18
98.89,35.1,42,0,0,Cloudy,31.57,153.63
94.3,36.3,71,1,0,Sunny,47.84,191.86
94.54,20.1,24,0,6,Sunny,59.51,208.27
102.98,30.0,23,1,5,Rainy,53.02,212.96
107.87,34.1,17,0,1,Cloudy,56.57,234.67
92.42,23.1,21,0,5,Sunny,58.82,237.8
118.19,33.0,82,0,1,Rainy,31.57,129.95
112.65,21.7,34,0,0,Cloudy,52.55,212.25
107.6,23.6,90,0,3,Cloudy,31.26,149.17
114.85,29.5,47,0,0,Rainy,36.12,175.03
92.41,33.1,52,0,3,Cloudy,15.6,126.54
104.31,22.9,47,0,5,Sunny,67.89,208.26
108.9,23.7,97,0,6,Cloudy,49.39,166.09
114.86,24.1,70,0,2,Rainy,13.36,117.33
113.5,24.8,57,1,4,Sunny,80.68,253.64
98.31,24.5,76,0,2,Sunny,36.32,156.2
118.23,27.9,82,0,0,Sunny,61.68,188.53
93.73,33.1,38,0,0,Sunny,36.82,168.41
116.25,28.8,81,0,3,Sunny,60.86,174.9
119.13,35.5,78,0,1,Rainy,35.24,156.55
95.31,34.4,76,0,5,Rainy,12.86,102.97
111.66,22.5,75,0,5,Sunny,66.21,204.69
91.21,21.0,17,0,5,Cloudy,39.42,189.48
102.16,37.6,94,0,3,Cloudy,27.64,123.27
105.49,21.6,60,1,1,Sunny,64.34,212.24
107.42,23.0,63,0,1,Sunny,49.59,184.81
118.08,20.4,36,0,6,Sunny,92.32,258.91
110.17,32.6,87,1,1,Cloudy,64.88,214.43
104.44,31.6,83,0,1,Sunny,48.19,175.52
114.29,39.7,58,0,0,Sunny,64.34,207.41
118.52,37.7,6,0,4,Sunny,83.43,268.22
90.66,28.2,41,0,5,Rainy,7.69,110.44
119.48,27.4,87,0,4,Cloudy,62.91,191.67
92.58,25.9,37,1,2,Sunny,56.33,216.28
114.43,23.0,5,0,2,Rainy,48.54,207.32
98.41,22.8,32,0,2,Sunny,49.0,208.79
93.97,22.6,21,1,3,Cloudy,52.17,204.41
103.2,22.3,61,1,2,Sunny,63.8,212.08
109.32,24.8,74,0,5,Sunny,59.86,201.6
101.43,26.1,56,0,6,Rainy,30.95,169.16
91.64,39.2,48,0,2,Cloudy,22.45,134.5
107.98,31.6,88,0,2,Sunny,52.72,184.0
117.07,39.8,51,0,6,Sunny,83.06,239.81
101.5,27.4,17,0,0,Sunny,55.65,213.56
96.49,29.2,80,0,2,Cloudy,15.07,112.2
103.28,26.5,34,0,6,Sunny,68.16,225.16
91.45,23.7,89,0,4,Cloudy,4.28,84.84
114.61,22.9,70,0,0,Rainy,27.94,129.37
114.79,38.9,57,0,1,Sunny,65.62,220.02
107.64,39.7,22,1,3,Rainy,57.23,219.84
100.59,20.9,32,0,0,Sunny,44.0,182.89
113.99,23.0,8,0,0,Cloudy,74.67,249.15
106.64,28.5,46,1,4,Cloudy,61.27,216.45
114.78,23.7,10,0,6,Sunny,95.89,293.75
108.94,27.3,13,0,5,Sunny,78.79,260.82
113.53,22.6,24,0,5,Rainy,54.11,230.55
107.96,29.1,98,0,2,Sunny,29.98,128.01
102.42,25.4,42,0,1,Cloudy,37.68,171.03
118.74,27.0,72,1,6,Sunny,100.0,289.7
106.23,21.9,54,0,4,Sunny,61.93,211.27
108.15,28.6,64,0,6,Cloudy,47.39,177.51
96.61,39.7,17,0,6,Cloudy,54.81,214.09
108.77,26.6,98,0,4,Sunny,41.16,151.64
107.15,37.5,46,0,0,Cloudy,37.34,177.01
95.55,36.9,72,0,1,Sunny,26.09,146.73
91.79,39.0,29,0,6,Sunny,51.63,211.68
108.13,35.8,35,0,4,Sunny,64.03,226.49
112.91,33.2,16,0,5,Cloudy,80.01,262.7
105.7,37.1,68,1,3,Sunny,61.59,228.17
96.8,21.5,83,0,6,Cloudy,26.13,126.75
110.0,29.3,65,0,3,Cloudy,47.58,183.73
92.4,39.8,57,0,4,Sunny,30.53,160.84
103.26,35.4,30,0,0,Cloudy,53.94,215.45
94.9,39.2,65,0,6,Rainy,11.09,106.36
95.53,35.6,14,0,3,Sunny,54.82,239.19
96.07,37.5,16,1,0,Cloudy,62.02,252.0
101.6,34.1,26,0,2,Sunny,58.71,226.16
91.53,35.2,57,1,2,Cloudy,42.36,174.7
101.93,30.5,25,1,6,Cloudy,82.67,279.15
105.35,38.5,39,0,0,Cloudy,34.87,149.77
104.5,36.5,75,0,4,Rainy,8.06,100.16
101.48,36.9,86,0,2,Sunny,33.11,142.45
115.17,33.5,31,0,5,Sunny,94.81,276.57
94.36,26.1,64,1,6,Sunny,62.33,227.86
105.17,20.7,51,0,6,Cloudy,56.05,201.23
91.86,38.7,70,0,2,Rainy,0.0,82.31
92.13,31.7,100,0,5,Sunny,34.71,143.5
107.22,26.0,19,0,3,Sunny,65.96,237.42
106.98,23.0,28,0,4,Cloudy,57.62,200.68
116.34,36.6,88,0,0,Sunny,59.41,198.65
106.74,36.7,14,0,2,Sunny,63.18,232.53
118.79,36.3,92,0,6,Sunny,69.11,211.28
91.46,32.9,28,1,4,Cloudy,51.22,216.49
92.94,27.3,92,0,2,Sunny,17.96,108.63
91.32,26.1,61,1,3,Sunny,47.48,193.35
95.56,20.2,38,0,4,Cloudy,37.33,172.39
106.24,36.7,45,0,1,Rainy,19.75,140.38
109.37,21.7,44,0,6,Sunny,73.63,240.34
91.37,32.6,15,0,3,Cloudy,31.15,174.75
118.38,30.1,94,0,0,Cloudy,48.11,168.31
115.26,30.5,5,0,4,Rainy,41.44,194.12
98.9,38.5,34,1,5,Cloudy,81.53,260.19
92.32,20.6,47,0,2,Cloudy,21.63,146.63
95.1,35.5,86,1,5,Cloudy,55.77,203.98
93.81,21.0,30,0,4,Sunny,36.62,171.78
93.7,20.8,57,1,0,Cloudy,46.2,192.17
105.56,28.6,51,0,5,Cloudy,58.88,194.22
97.38,21.3,13,0,5,Sunny,67.29,254.06
100.74,35.8,13,0,5,Sunny,73.09,259.23
119.69,30.6,5,1,6,Sunny,100.0,307.83
110.53,20.6,75,0,4,Sunny,52.16,178.56
118.47,20.8,48,0,2,Cloudy,62.42,223.03
94.28,32.3,63,0,6,Rainy,15.4,122.63
101.46,36.1,60,0,5,Sunny,53.49,196.34
106.64,28.8,55,1,3,Sunny,66.98,220.18
92.3,31.1,20,0,3,Rainy,8.35,134.64
90.13,36.0,42,0,2,Cloudy,12.54,125.38
110.11,32.2,15,0,6,Rainy,42.26,195.95
109.25,24.5,29,1,1,Sunny,94.21,286.89
102.32,32.3,97,1,1,Rainy,27.13,133.65
104.69,32.6,87,0,3,Rainy,3.08,87.88
102.46,34.7,86,0,5,Sunny,57.89,181.52
90.72,32.4,63,0,0,Sunny,32.35,169.88
100.06,39.4,33,0,4,Sunny,52.55,194.65
95.31,23.9,84,0,6,Sunny,42.37,163.27
92.95,39.0,44,0,2,Rainy,4.36,113.27
118.7,30.8,12,0,0,Sunny,88.44,284.28
107.98,33.4,10,0,6,Cloudy,77.18,238.92
111.86,22.0,49,0,5,Rainy,35.34,150.62
99.46,27.6,57,0,4,Sunny,52.26,186.17
101.79,35.4,98,0,6,Cloudy,50.31,173.92
97.11,34.1,25,0,3,Sunny,38.62,179.9
92.91,20.8,61,0,6,Sunny,48.62,179.57
95.37,30.9,80,0,2,Rainy,4.29,92.84
113.93,21.8,10,1,0,Sunny,100.0,303.27
110.33,39.9,67,0,4,Sunny,60.45,204.08
106.41,37.9,10,0,3,Cloudy,49.42,210.49
104.25,20.4,57,0,3,Cloudy,43.23,178.34
117.67,37.2,8,0,4,Cloudy,75.31,268.68
92.18,38.4,13,0,1,Rainy,13.27,140.55
98.42,27.1,73,0,6,Sunny,45.55,171.37
100.5,34.4,78,0,6,Cloudy,36.99,144.7
113.47,28.8,76,0,1,Rainy,21.7,116.03
119.78,33.1,91,1,4,Sunny,80.47,234.28
97.22,26.8,8,0,4,Cloudy,42.64,198.58
116.23,26.5,62,0,4,Sunny,63.35,213.54
114.92,28.5,41,0,3,Sunny,69.07,233.43
96.74,22.9,75,0,5,Sunny,44.28,169.24
101.98,36.6,10,0,6,Cloudy,64.73,249.99
102.29,27.0,55,0,5,Rainy,19.82,130.67
119.35,28.0,83,0,6,Cloudy,71.69,211.03
95.43,37.9,54,0,2,Rainy,3.24,106.1
113.97,29.9,100,0,3,Sunny,44.65,145.9
100.03,30.9,18,0,6,Sunny,76.27,258.79
111.93,39.1,15,0,3,Rainy,34.25,179.73
102.6,37.7,14,0,1,Rainy,30.65,173.88
107.35,23.4,65,0,4,Sunny,53.17,192.55
114.98,29.5,85,0,3,Cloudy,51.97,179.05
114.12,39.4,17,0,3,Sunny,76.97,258.33
115.99,27.4,38,1,4,Sunny,95.42,284.64
91.79,27.4,64,0,5,Rainy,13.43,129.73
110.76,23.9,55,0,2,Cloudy,59.18,192.32
94.2,22.3,9,0,1,Sunny,53.97,212.17
102.47,34.8,78,0,0,Sunny,42.55,158.18
106.46,35.4,36,0,5,Sunny,67.14,222.09
102.08,39.4,16,0,3,Cloudy,36.24,168.27
105.59,35.5,56,0,2,Sunny,50.93,201.83
119.9,24.9,17,0,0,Rainy,46.17,204.75
94.06,20.8,89,0,6,Rainy,1.0,80.0
110.26,39.7,58,1,5,Sunny,92.58,278.23
101.88,26.8,58,0,6,Cloudy,53.73,191.44
93.99,26.2,45,1,5,Cloudy,59.38,217.06
94.76,38.1,52,0,4,Sunny,41.02,165.15
118.48,31.7,55,0,0,Sunny,71.38,226.13
116.39,24.3,51,1,4,Rainy,54.47,202.49
117.21,37.8,54,1,6,Sunny,100.0,280.22
119.75,39.9,100,0,5,Cloudy,65.51,200.56
96.25,21.7,80,0,5,Sunny,45.1,159.61
100.66,37.2,50,0,5,Sunny,63.61,225.74
110.08,27.8,42,0,2,Cloudy,61.5,208.98
104.51,30.5,96,0,5,Rainy,17.74,96.9
102.55,38.3,17,0,0,Sunny,60.93,230.37
100.73,39.5,80,0,1,Sunny,36.56,147.23
107.81,25.2,26,0,2,Cloudy,53.4,195.48
107.27,24.3,6,0,0,Sunny,66.65,244.01
94.84,21.6,97,0,3,Cloudy,10.37,84.71
104.15,31.2,81,0,0,Sunny,50.41,159.32
106.6,20.3,17,0,6,Cloudy,67.04,242.58
107.11,28.2,61,0,0,Cloudy,34.66,168.8
96.3,21.5,38,0,1,Sunny,43.68,181.47
112.27,28.1,23,0,2,Sunny,76.59,261.06
90.76,20.8,13,0,3,Sunny,48.45,212.12
100.64,36.7,99,0,5,Sunny,40.3,153.37
113.41,24.2,37,0,2,Cloudy,64.57,221.37
106.92,26.6,31,1,2,Sunny,91.37,279.2
97.83,37.4,49,0,3,Cloudy,28.63,154.79
110.85,34.9,6,0,6,Cloudy,78.6,268.67
107.02,24.4,83,0,3,Sunny,39.47,144.47
113.89,21.4,87,0,1,Sunny,64.0,194.1
112.05,34.3,61,0,6,Cloudy,57.31,196.15
108.3,27.8,99,1,4,Sunny,60.76,192.6
104.65,35.3,61,0,1,Cloudy,42.59,165.76
94.0,28.9,20,0,6,Sunny,56.57,206.17
97.84,26.9,83,0,6,Sunny,41.91,156.51
102.57,29.0,10,0,5,Sunny,75.6,253.86
107.98,35.0,18,1,3,Sunny,98.52,299.55
105.41,38.0,31,0,0,Cloudy,47.54,200.26
98.65,21.0,42,0,0,Sunny,44.33,172.85
90.19,30.5,23,0,2,Sunny,32.81,174.81
104.89,20.7,41,0,2,Cloudy,46.96,174.67
98.57,29.4,8,0,4,Sunny,59.87,228.24
112.04,37.7,62,0,6,Sunny,71.43,204.52
90.72,27.2,94,0,4,Rainy,0.0,80.0
107.54,38.6,13,0,4,Sunny,64.42,234.29
118.24,32.6,44,0,4,Rainy,29.7,145.06
95.23,38.7,19,1,0,Sunny,69.44,239.14
104.15,35.1,8,0,6,Sunny,89.2,289.41
92.74,22.1,94,0,3,Rainy,0.0,80.0
108.77,24.6,56,0,5,Cloudy,62.25,208.1
106.52,27.9,22,0,5,Sunny,84.72,278.31
102.22,23.4,57,0,4,Cloudy,35.72,161.94
105.64,29.9,63,0,6,Sunny,57.43,197.1
116.9,29.4,58,0,1,Cloudy,58.17,195.0
95.89,39.1,45,0,5,Cloudy,52.79,191.83
90.68,28.7,64,0,4,Sunny,24.28,135.37
115.85,35.7,97,0,0,Sunny,55.84,161.03
107.31,38.8,92,0,2,Cloudy,28.1,137.69
116.72,37.5,8,0,1,Sunny,82.18,270.59
107.91,24.2,89,1,4,Sunny,67.1,197.29
114.3,29.9,43,0,0,Sunny,69.19,236.24
102.89,27.0,11,0,2,Cloudy,48.88,212.91
112.5,28.0,27,0,4,Cloudy,62.86,228.16
117.39,27.2,89,0,0,Sunny,62.73,211.31
107.16,36.5,67,0,0,Rainy,19.32,127.05
95.42,29.0,69,0,3,Cloudy,20.97,140.49
98.06,30.5,45,0,0,Sunny,40.49,175.59
95.96,39.6,93,0,4,Rainy,0.85,83.66
97.41,21.2,99,1,6,Rainy,27.1,129.85
99.19,29.8,48,0,0,Sunny,43.1,163.5
106.65,35.5,49,0,1,Cloudy,37.9,154.1
107.64,23.0,73,0,0,Cloudy,34.9,150.64
102.79,32.2,99,0,0,Sunny,31.28,129.91
108.46,24.8,55,0,5,Sunny,73.39,220.16
92.45,37.3,69,0,1,Cloudy,16.19,117.42
92.63,26.5,58,0,4,Sunny,31.63,156.53
95.15,26.6,60,0,2,Rainy,0.0,105.33
105.54,32.0,98,0,3,Sunny,45.94,153.15
96.42,23.7,86,1,5,Rainy,25.14,140.4
98.5,25.7,76,0,2,Rainy,1.12,102.94
102.01,28.3,94,0,4,Cloudy,22.16,123.89
114.36,27.1,44,1,4,Sunny,86.74,262.98
90.42,30.5,62,1,5,Cloudy,48.05,191.31
109.48,32.0,19,0,1,Sunny,70.0,242.98
110.07,31.3,23,0,2,Cloudy,53.3,214.54
113.96,33.1,14,0,0,Sunny,78.31,259.27
117.98,26.2,92,0,1,Rainy,23.78,125.67
90.6,22.5,20,0,1,Sunny,43.06,200.66
94.61,35.2,47,0,3,Cloudy,31.46,149.72
116.59,37.0,35,0,1,Rainy,37.79,164.96
103.76,25.1,20,0,2,Cloudy,51.46,212.5
106.94,28.1,84,0,4,Sunny,42.97,159.11
109.89,30.0,32,0,5,Sunny,86.82,272.17
110.37,30.7,66,0,3,Cloudy,43.96,179.83
117.95,33.2,24,1,5,Sunny,100.0,288.2
119.91,20.8,39,1,5,Sunny,100.0,288.8
111.6,34.4,63,0,0,Sunny,54.84,191.21
98.62,21.2,13,0,6,Cloudy,69.19,234.86
116.39,29.4,14,0,2,Sunny,82.82,263.29
91.48,36.6,49,0,0,Rainy,0.0,90.27
96.93,29.0,86,0,6,Sunny,42.22,154.48
116.92,23.0,19,0,6,Cloudy,90.25,270.22
97.69,39.7,34,0,1,Sunny,43.6,189.24
96.62,37.8,52,0,2,Rainy,4.93,115.1
94.14,35.4,100,1,5,Sunny,67.23,209.28
115.77,28.2,44,0,6,Sunny,80.67,268.99
105.0,23.7,95,0,3,Sunny,41.7,160.07
110.25,38.8,95,0,5,Sunny,63.31,198.67
97.17,30.6,87,0,3,Sunny,32.3,138.98
112.74,37.0,78,0,0,Cloudy,44.29,163.26
112.8,26.8,48,0,4,Sunny,61.84,222.5
99.38,26.7,50,0,6,Cloudy,50.2,188.33
102.32,39.7,10,0,5,Cloudy,63.2,234.04
96.29,30.4,28,0,3,Rainy,0.0,109.62
119.3,22.8,77,1,0,Sunny,81.72,247.92
109.37,24.4,95,0,4,Sunny,43.97,163.78
118.04,29.6,11,0,2,Sunny,78.37,269.07
99.1,20.8,10,1,3,Sunny,76.41,265.1
113.46,29.3,37,0,3,Sunny,65.3,225.49
112.98,28.4,89,0,5,Sunny,67.55,204.73
110.75,35.6,42,0,5,Sunny,89.36,276.57
118.97,27.1,48,0,0,Cloudy,70.19,213.05
101.81,39.7,21,0,3,Sunny,59.37,221.45
93.92,23.6,35,0,6,Sunny,64.43,218.33
110.15,31.8,41,0,0,Sunny,62.56,212.85
111.88,21.8,15,0,3,Cloudy,63.01,224.11
107.25,34.7,96,0,0,Cloudy,26.8,129.55
96.2,39.9,9,1,6,Cloudy,83.0,260.29
105.13,36.4,68,0,6,Rainy,37.09,156.65
99.37,31.1,80,0,3,Cloudy,29.59,123.68
102.82,29.7,7,0,2,Sunny,69.25,240.62
109.36,36.7,60,0,5,Sunny,57.35,196.52
112.36,38.7,67,0,2,Rainy,35.13,151.49
96.97,39.8,42,0,6,Cloudy,47.33,194.64
102.16,27.9,58,0,0,Cloudy,47.62,191.71
98.07,39.8,6,0,6,Cloudy,68.97,261.81
95.96,23.1,94,0,2,Sunny,29.6,131.22
113.5,25.1,6,0,0,Rainy,41.74,206.42
117.28,21.8,16,0,5,Sunny,96.91,303.15
101.11,25.4,44,0,6,Sunny,53.91,196.23
112.54,35.4,6,0,0,Sunny,81.66,278.86
116.91,37.1,84,1,5,Cloudy,72.39,205.9
115.38,35.6,98,0,1,Sunny,52.18,172.31
95.48,32.6,61,1,2,Sunny,62.64,230.1
118.69,30.3,51,0,1,Cloudy,66.34,219.7
101.3,34.2,40,0,6,Sunny,57.3,206.62
100.18,27.8,8,0,5,Sunny,66.16,238.53
91.87,36.8,79,0,5,Cloudy,26.12,144.27
104.59,33.5,28,0,1,Cloudy,48.87,186.23
93.27,34.0,86,0,6,Sunny,43.49,157.15
97.46,30.7,95,0,5,Cloudy,35.7,148.51
99.51,37.7,66,0,3,Cloudy,24.17,138.05
114.26,25.0,6,0,0,Sunny,82.69,280.34
116.26,27.6,19,0,4,Sunny,82.32,269.14
99.07,35.6,79,1,1,Sunny,57.35,194.96
115.76,29.9,95,0,3,Cloudy,57.53,185.71
115.72,37.8,53,0,2,Cloudy,61.31,198.3
112.94,26.9,91,0,4,Sunny,56.95,165.87
94.4,27.4,39,1,5,Cloudy,74.28,244.31
110.71,37.8,98,0,0,Rainy,15.92,105.29
118.35,29.3,51,0,3,Sunny,69.47,218.05
110.48,30.3,28,0,4,Rainy,38.53,181.75
99.95,26.7,87,0,0,Rainy,0.0,81.97
105.02,25.5,64,1,0,Cloudy,53.41,184.26
109.37,33.1,97,0,4,Rainy,5.47,82.03
105.32,22.4,81,0,3,Sunny,49.83,181.73
93.6,37.6,52,0,5,Sunny,52.9,198.11
99.36,35.6,27,0,4,Rainy,21.25,144.17
114.07,23.8,16,1,1,Sunny,99.43,310.93
115.84,33.9,45,1,0,Sunny,91.21,290.72
94.12,32.1,33,0,2,Sunny,42.87,182.27
118.57,23.7,74,0,5,Cloudy,73.61,226.43
99.86,25.5,55,0,6,Sunny,55.28,201.68
109.87,28.2,27,0,6,Sunny,75.25,243.14
112.55,34.0,35,1,4,Rainy,50.91,200.07
114.36,32.8,25,0,4,Sunny,76.76,263.87
118.37,30.6,28,0,0,Cloudy,65.92,238.36
99.39,35.4,76,0,0,Sunny,46.93,169.25
115.76,35.2,13,0,4,Sunny,81.94,275.7
93.95,32.4,26,1,6,Sunny,78.72,268.14
111.15,35.7,8,0,2,Cloudy,61.3,240.98
112.26,26.7,81,0,0,Cloudy,48.67,157.76
110.33,37.6,7,0,0,Cloudy,57.34,221.44
97.57,32.3,32,0,1,Sunny,48.33,208.59
116.19,36.4,94,0,3,Rainy,18.91,133.25
95.07,30.9,19,0,1,Sunny,47.5,197.89
91.61,24.4,12,0,2,Sunny,46.24,198.98
111.52,30.8,52,0,6,Rainy,35.96,169.19
104.26,27.4,92,1,3,Sunny,50.44,182.55
115.47,33.9,56,1,6,Cloudy,86.75,267.42
101.5,29.5,59,0,4,Sunny,48.95,166.31
95.05,36.7,41,0,6,Sunny,57.14,205.44
115.09,33.6,8,1,2,Cloudy,88.23,296.25
106.47,33.7,59,0,2,Sunny,61.84,187.98
95.68,24.3,16,0,1,Sunny,55.14,203.31
111.61,39.7,23,0,3,Sunny,75.73,235.63
105.33,36.8,83,1,2,Sunny,59.48,205.77
108.13,35.8,61,0,3,Rainy,24.06,130.36
103.83,26.6,98,0,6,Rainy,18.04,98.87
114.86,30.7,41,0,5,Cloudy,71.38,233.42
114.89,22.7,80,0,6,Sunny,72.81,206.13
111.28,30.8,87,0,4,Sunny,45.63,167.25
93.16,22.9,11,1,3,Cloudy,52.88,243.99
115.17,31.1,96,0,1,Sunny,48.23,160.86
110.13,33.0,59,0,6,Sunny,77.28,219.06
110.91,27.8,32,1,1,Rainy,51.41,207.92
100.89,30.0,97,0,2,Sunny,27.53,129.97
116.38,37.5,41,0,3,Cloudy,64.85,224.36
111.76,22.2,88,0,6,Sunny,66.25,206.96
93.38,35.8,65,0,1,Cloudy,25.82,134.22
102.23,23.4,79,0,0,Sunny,40.32,155.83
116.59,20.7,43,1,1,Rainy,49.8,183.53
91.42,23.7,27,0,4,Sunny,36.54,182.18
118.84,35.3,56,0,0,Rainy,30.68,141.74
110.37,28.1,88,0,3,Sunny,51.98,176.16
108.94,37.5,88,0,5,Cloudy,57.43,177.41
98.12,30.5,15,0,2,Rainy,9.96,134.72
97.46,20.4,70,1,0,Sunny,54.57,205.9
118.26,34.3,17,0,1,Sunny,88.06,271.5
98.95,22.2,81,0,6,Rainy,6.33,89.97
113.27,35.8,45,0,6,Sunny,79.22,245.12
101.79,23.4,53,0,2,Cloudy,36.79,159.58
94.18,26.9,19,0,5,Sunny,65.9,226.59
90.32,35.2,60,0,5,Cloudy,35.21,173.3
106.33,39.1,58,0,2,Sunny,55.84,181.67
119.27,27.4,35,0,2,Cloudy,71.42,241.29
101.07,36.6,65,1,2,Sunny,60.25,209.86
100.72,23.8,62,0,3,Sunny,50.69,178.64
100.32,36.1,91,0,3,Sunny,29.83,135.97
105.62,33.1,64,0,3,Cloudy,25.33,138.87
103.22,23.9,57,0,6,Sunny,53.73,203.77
116.4,26.1,90,1,1,Sunny,77.01,219.55
105.17,22.6,65,0,3,Cloudy,36.59,154.23
105.23,27.7,84,0,2,Sunny,39.97,163.03
94.15,24.1,46,0,0,Rainy,3.18,106.08
119.48,32.9,33,0,0,Cloudy,75.33,248.46
97.5,39.9,88,0,5,Cloudy,37.12,157.53
92.2,20.2,96,0,0,Sunny,22.74,122.44
109.89,30.8,31,0,0,Cloudy,50.14,194.87
107.86,31.5,48,0,0,Sunny,54.79,196.82
102.45,38.3,97,0,5,Rainy,18.08,118.84
102.67,30.1,9,0,4,Sunny,61.84,233.05
113.55,30.9,56,0,6,Sunny,80.91,241.01
95.87,29.4,57,0,0,Sunny,39.78,171.17
114.61,25.4,56,0,0,Rainy,30.94,142.42
109.46,21.1,42,0,0,Cloudy,59.5,209.21
102.57,28.2,48,0,6,Sunny,61.8,211.6
103.74,21.1,57,0,5,Rainy,24.42,139.69
97.7,31.0,6,0,1,Sunny,45.92,201.51
112.56,26.1,58,0,4,Cloudy,55.19,192.87
105.39,30.7,88,1,6,Cloudy,63.83,204.98
99.63,22.7,81,0,0,Rainy,6.47,107.83
107.88,38.7,94,0,5,Sunny,59.86,168.13
119.87,37.9,39,0,5,Sunny,91.41,275.64
103.06,23.8,50,1,3,Cloudy,54.31,207.07
117.62,26.9,76,0,6,Sunny,82.86,235.66
100.35,32.3,96,0,6,Sunny,46.46,157.37
91.64,21.9,83,0,1,Cloudy,13.9,112.54
96.13,27.1,59,1,5,Cloudy,64.51,229.23
102.56,25.0,76,0,5,Sunny,57.37,175.1
96.59,38.3,15,0,4,Sunny,46.13,217.29
90.01,37.1,33,0,3,Sunny,37.72,177.54
117.45,31.6,73,0,3,Cloudy,58.38,194.45
115.32,30.4,67,0,1,Cloudy,54.68,178.76
112.27,38.6,51,0,5,Rainy,46.26,178.21
95.03,38.6,11,1,3,Cloudy,62.88,253.56
93.61,39.4,68,0,2,Cloudy,18.04,124.01
92.03,22.5,86,0,1,Sunny,20.07,121.46
111.72,23.2,68,0,1,Sunny,68.32,210.28
117.86,33.5,96,1,2,Cloudy,74.63,237.09
102.92,30.8,16,1,1,Sunny,79.33,268.57
93.57,20.4,16,0,3,Rainy,13.98,151.2
105.37,21.2,40,0,3,Rainy,16.37,133.25
100.46,37.8,33,0,6,Cloudy,52.8,206.33
101.24,37.4,15,0,3,Sunny,51.13,212.36
108.64,27.1,57,0,2,Cloudy,47.29,189.02
111.56,37.8,74,0,6,Cloudy,61.63,204.84
93.32,31.9,89,0,3,Cloudy,18.7,110.36
91.07,36.1,78,0,2,Sunny,22.14,135.13
119.83,28.5,100,0,2,Rainy,30.08,121.22
96.98,22.3,51,0,2,Cloudy,33.44,150.22
91.61,28.7,37,0,6,Sunny,63.62,218.68
95.7,29.1,85,1,1,Sunny,56.38,197.13
91.17,31.0,71,0,4,Cloudy,22.91,122.57
101.75,22.1,47,1,5,Sunny,87.71,268.76
114.07,39.8,22,0,2,Sunny,70.04,228.99
100.24,24.9,78,0,3,Sunny,38.42,153.0
103.33,24.0,57,0,2,Rainy,24.13,147.7
110.27,30.5,43,0,5,Sunny,80.04,240.82
105.27,30.7,76,0,0,Sunny,40.99,151.01
115.84,28.8,38,0,1,Sunny,74.04,242.31
115.98,35.4,41,1,3,Cloudy,76.72,246.3
90.3,30.3,45,0,1,Cloudy,17.67,153.68
113.34,32.2,53,0,1,Rainy,31.18,156.15
103.82,34.5,14,0,0,Cloudy,55.23,225.61
119.67,20.5,44,0,2,Cloudy,62.31,204.64
104.5,31.4,22,0,3,Sunny,57.35,220.88
119.61,37.7,29,0,4,Cloudy,63.58,216.89
112.64,20.3,45,0,1,Sunny,64.81,217.72
97.46,28.1,40,0,5,Cloudy,39.46,170.0
106.15,38.5,6,0,4,Sunny,65.93,249.0
119.76,27.1,87,0,4,Rainy,28.94,136.17
115.73,29.2,78,0,6,Cloudy,56.41,188.48
92.92,39.6,53,0,2,Cloudy,18.45,142.59
111.19,24.0,71,1,4,Cloudy,65.19,216.96
100.37,21.3,57,0,3,Cloudy,32.47,163.19
90.21,37.2,23,0,2,Sunny,37.66,195.7
102.1,37.4,30,1,5,Sunny,90.6,284.2
97.04,29.4,58,0,4,Sunny,29.81,151.73
114.57,30.3,55,0,2,Sunny,68.89,229.14
100.12,36.7,29,0,3,Sunny,49.89,211.79
114.83,34.8,21,1,1,Sunny,92.96,292.85
90.02,25.3,78,0,0,Rainy,0.0,80.9
99.23,20.3,65,0,2,Cloudy,28.01,149.86
97.23,29.6,50,0,5,Sunny,58.41,209.72
97.01,37.2,59,0,0,Sunny,38.52,171.69
92.05,37.9,54,0,6,Sunny,47.72,189.49
95.61,39.1,79,0,1,Sunny,28.03,137.6
106.67,37.6,15,0,5,Cloudy,70.2,245.97
98.74,31.6,16,0,3,Sunny,47.77,208.61
102.52,28.9,44,0,5,Rainy,30.56,146.41
101.31,35.5,52,0,1,Sunny,43.9,188.66
116.28,34.8,60,0,0,Sunny,60.79,208.02
117.16,30.8,12,0,3,Rainy,50.91,203.87
104.79,21.7,92,0,5,Sunny,46.71,164.56
99.9,38.5,18,0,4,Sunny,57.08,229.29
93.2,29.1,91,0,4,Sunny,25.44,127.62
118.6,27.3,60,0,2,Cloudy,57.27,192.22
91.81,32.6,58,0,4,Sunny,35.46,149.64
98.93,33.5,21,1,5,Rainy,49.35,233.05
98.94,24.2,49,0,0,Rainy,5.66,96.77
99.61,36.7,9,0,4,Rainy,15.72,151.48
94.93,25.8,7,0,2,Sunny,50.25,207.26
113.49,23.7,13,0,3,Rainy,36.55,192.63
93.67,28.1,88,0,4,Cloudy,10.15,89.55
109.05,34.6,24,0,2,Sunny,66.04,244.75
93.72,39.3,87,1,4,Sunny,44.36,170.34
92.12,36.2,25,1,6,Cloudy,71.95,250.26
117.28,38.8,84,0,4,Cloudy,55.38,180.18
95.7,22.8,37,0,5,Sunny,60.21,210.14
114.64,21.4,9,0,0,Cloudy,68.52,240.89
106.34,31.2,28,0,2,Rainy,24.09,160.11
92.34,25.8,67,0,2,Sunny,28.27,128.61
118.66,36.6,83,0,1,Sunny,60.31,186.07
97.41,33.4,30,0,1,Rainy,8.61,137.46
115.79,39.4,93,0,2,Sunny,55.39,177.48
95.06,25.1,96,1,5,Rainy,19.4,117.35
115.62,29.7,37,0,0,Cloudy,58.24,201.14
90.4,30.0,22,0,4,Sunny,43.77,183.42
105.35,24.8,22,0,3,Sunny,54.53,220.01
113.08,31.8,42,1,5,Sunny,96.83,281.71
118.04,28.9,37,1,4,Sunny,100.0,302.94
117.28,28.9,31,0,3,Cloudy,64.65,218.03
114.59,27.3,53,1,0,Sunny,92.86,274.65
116.65,20.3,54,0,1,Cloudy,52.93,192.72
95.98,30.4,19,0,2,Cloudy,38.63,179.01
98.53,26.7,81,0,0,Cloudy,27.35,134.34
98.67,20.0,56,0,3,Rainy,1.67,83.09
101.31,26.2,72,0,5,Cloudy,53.74,185.02
101.8,25.6,23,0,2,Rainy,18.85,150.99
106.34,27.9,99,0,3,Sunny,42.35,145.05
94.8,22.6,29,0,4,Cloudy,30.1,166.39
110.74,30.2,80,0,4,Cloudy,49.56,175.44
95.03,33.8,80,0,5,Rainy,10.06,104.65
99.31,32.6,29,0,4,Cloudy,50.75,191.09
105.1,36.1,37,0,2,Sunny,62.45,219.66
113.89,29.0,64,0,1,Sunny,65.82,197.71
112.18,30.4,41,1,1,Sunny,81.2,255.63
109.37,36.2,96,0,3,Sunny,45.67,159.17
94.67,28.6,47,0,1,Sunny,36.33,168.55
106.41,34.0,13,0,1,Rainy,30.85,164.35
92.62,28.7,18,1,3,Sunny,64.27,239.42
101.32,28.4,7,0,3,Sunny,55.38,227.54
102.41,35.2,73,1,3,Rainy,25.93,137.33
91.19,23.5,60,0,2,Sunny,28.31,128.73
98.22,26.8,30,1,6,Rainy,43.28,202.14
118.67,24.5,57,0,3,Sunny,74.91,223.79
118.61,27.2,45,1,2,Sunny,95.53,279.33
100.57,24.6,86,0,2,Sunny,39.12,153.46
91.29,31.6,25,1,2,Rainy,26.88,171.49
95.37,36.0,43,0,6,Rainy,11.59,132.54
101.77,35.7,84,0,3,Rainy,0.0,81.07
118.43,27.3,27,0,1,Sunny,87.82,270.12
94.24,39.8,97,0,5,Rainy,6.18,80.0
112.91,31.9,78,0,5,Rainy,27.85,141.16
93.26,28.0,62,0,6,Sunny,48.64,176.02
119.44,36.7,73,0,1,Cloudy,53.1,209.92
101.45,34.6,79,1,6,Rainy,27.99,144.17
113.26,35.0,33,0,3,Sunny,78.27,252.78
100.28,23.9,66,0,1,Sunny,40.99,170.89
108.83,29.4,57,1,6,Rainy,57.23,208.8
95.76,37.2,49,0,3,Sunny,32.66,162.78
94.38,30.1,31,0,6,Rainy,16.51,157.25
118.14,33.7,38,1,2,Cloudy,77.85,250.11
117.53,31.8,18,0,4,Sunny,87.98,256.42
116.62,36.8,45,0,0,Sunny,63.22,205.87
108.76,25.7,78,1,6,Cloudy,82.83,253.07
114.25,31.5,64,1,5,Sunny,92.24,265.2
92.07,22.5,46,0,6,Sunny,43.17,198.36
100.04,33.8,55,0,3,Sunny,43.29,181.24
99.41,34.6,79,0,2,Cloudy,22.0,119.87
109.07,20.9,15,0,4,Rainy,34.59,173.53
100.68,33.5,39,0,2,Cloudy,34.93,164.81
94.46,28.3,23,0,0,Cloudy,33.22,156.77
107.89,22.5,92,0,5,Sunny,55.45,181.03
114.43,28.4,69,0,1,Cloudy,55.25,195.5
101.46,23.9,80,0,1,Cloudy,30.76,132.63
93.97,28.3,65,1,2,Cloudy,42.69,166.93
95.9,27.7,51,1,0,Rainy,28.82,154.09
97.12,34.8,18,0,2,Cloudy,41.6,198.86
99.0,35.5,71,0,1,Rainy,3.09,101.49
109.28,32.1,56,0,2,Rainy,21.53,137.47
108.03,20.5,36,0,4,Sunny,57.66,223.93
110.88,38.6,84,0,0,Cloudy,37.55,137.08
100.88,33.7,14,0,1,Rainy,22.85,157.46
114.72,20.7,21,0,5,Rainy,60.87,228.55
96.12,36.4,44,0,5,Sunny,58.84,215.22
104.07,24.0,72,0,2,Cloudy,37.33,162.62
114.03,31.6,67,0,0,Sunny,55.41,197.03
95.4,29.3,19,0,2,Sunny,50.02,216.09
93.3,28.4,43,0,1,Rainy,0.05,109.68
116.51,37.8,61,0,0,Rainy,32.34,143.48
100.29,28.7,14,0,1,Cloudy,48.99,202.55
110.52,21.5,75,0,4,Sunny,47.49,159.43
90.76,38.9,21,1,4,Rainy,25.63,178.6
110.7,38.4,80,0,5,Sunny,68.23,217.38
99.48,33.7,21,0,3,Sunny,57.92,208.99
91.67,29.4,20,1,0,Sunny,58.92,228.02
108.29,21.9,82,0,4,Sunny,47.54,155.52
97.22,35.8,7,0,3,Cloudy,44.59,200.79
101.6,21.5,55,0,5,Sunny,58.32,195.86
92.42,21.4,98,0,0,Sunny,16.55,96.45
94.41,30.7,50,0,1,Rainy,0.0,99.8
98.94,23.2,59,0,2,Rainy,5.07,119.68
92.69,20.2,30,1,2,Sunny,68.77,250.16
117.32,28.5,80,0,1,Sunny,61.53,193.73
90.18,22.7,35,1,4,Cloudy,47.21,202.09
104.52,23.2,85,1,2,Sunny,61.43,218.1
93.7,21.5,76,1,1,Sunny,46.21,190.24
99.23,24.1,23,0,3,Sunny,51.82,204.3
117.78,34.3,94,0,3,Rainy,27.32,131.18
94.85,36.2,72,0,1,Rainy,0.0,81.01
118.97,29.1,19,0,0,Rainy,46.96,200.22
96.17,30.1,62,1,4,Cloudy,44.49,190.19
112.25,20.7,82,0,4,Cloudy,38.8,162.01
106.4,21.4,34,0,1,Sunny,64.6,219.16
116.53,25.2,52,1,2,Cloudy,76.97,255.55
106.62,30.9,60,0,5,Cloudy,64.28,211.89
106.04,34.8,46,0,4,Cloudy,46.48,183.35
95.86,32.1,28,0,4,Sunny,52.43,220.64
94.99,27.8,56,0,3,Sunny,34.68,156.54
117.49,22.4,47,0,3,Rainy,33.48,152.89
99.84,35.6,38,0,3,Sunny,53.57,197.04
101.16,27.3,64,1,5,Sunny,74.74,243.33
112.79,34.7,87,0,4,Sunny,59.52,180.74
100.16,30.3,7,0,4,Sunny,61.04,238.01
118.56,34.8,72,0,5,Sunny,88.57,241.59
112.14,38.1,15,0,6,Sunny,83.82,267.78
107.92,38.4,17,0,4,Cloudy,61.57,245.0
116.43,30.7,54,0,2,Sunny,64.73,207.45
91.49,30.2,86,0,2,Cloudy,0.0,80.0
97.71,25.3,23,0,2,Sunny,54.15,221.91
103.95,38.7,48,0,6,Sunny,66.49,209.49
96.81,29.2,37,0,0,Rainy,13.93,125.07
112.32,22.6,42,0,4,Cloudy,56.34,211.23
117.58,28.7,7,0,5,Cloudy,89.37,287.88
102.71,22.5,69,0,4,Sunny,50.86,163.05
100.26,30.1,39,1,5,Sunny,84.29,264.47
118.85,31.2,40,0,6,Rainy,53.89,208.82
103.35,26.8,42,0,1,Sunny,51.98,213.79
104.67,21.4,43,1,1,Rainy,39.9,175.4
100.55,38.9,29,0,0,Cloudy,27.9,169.27
117.29,35.5,68,1,1,Cloudy,77.99,236.08
107.07,36.8,17,0,2,Cloudy,62.3,236.97
112.87,27.3,72,1,0,Sunny,77.45,230.09
114.35,35.2,74,0,0,Sunny,57.23,189.17
100.26,29.7,79,0,0,Cloudy,28.62,140.12
103.01,24.0,5,1,3,Rainy,56.73,242.26
115.45,22.5,76,1,6,Sunny,97.73,277.47
100.9,26.9,58,0,1,Sunny,45.02,173.6
113.82,22.8,13,1,4,Sunny,94.87,295.26
118.23,40.0,40,0,3,Cloudy,60.0,227.23
108.7,21.0,41,0,5,Sunny,75.86,243.27
112.25,28.8,63,0,2,Rainy,24.68,134.12
114.15,29.0,25,0,3,Cloudy,54.07,214.13
115.35,26.0,24,0,2,Rainy,37.19,184.93
101.85,31.4,5,0,6,Rainy,47.07,196.4
91.54,23.0,63,0,4,Sunny,27.12,146.2
102.06,35.7,32,0,4,Sunny,41.21,171.12
110.21,26.6,75,0,1,Rainy,25.82,128.83
103.51,31.8,60,0,5,Cloudy,47.81,173.16
112.47,34.3,13,0,3,Sunny,72.45,247.88
100.71,37.8,69,0,4,Rainy,10.68,106.22
109.04,36.7,40,0,6,Sunny,72.85,234.53
95.59,32.2,38,0,2,Sunny,32.14,148.69
112.48,27.8,85,0,4,Cloudy,44.31,161.65
106.37,30.1,36,0,1,Rainy,27.74,148.12
96.12,35.4,70,0,2,Sunny,30.84,163.78
98.76,37.6,29,0,0,Sunny,48.82,195.18
112.46,22.1,55,0,5,Sunny,71.29,223.76
104.48,27.7,67,1,1,Rainy,26.64,155.01
96.48,35.5,94,0,6,Cloudy,29.91,142.42
119.02,28.6,49,0,6,Sunny,92.07,256.81
111.45,26.6,30,0,6,Cloudy,73.67,247.19
118.71,28.2,25,0,6,Sunny,100.0,300.23
102.81,32.1,86,0,1,Cloudy,36.69,149.52
104.25,40.0,97,0,0,Rainy,6.71,89.9
116.94,29.9,55,0,5,Cloudy,65.96,212.13
105.75,24.2,28,1,6,Rainy,58.81,224.28
111.22,23.3,96,0,4,Cloudy,42.41,152.48
97.57,20.8,16,0,1,Sunny,50.95,205.3
103.4,31.2,15,0,0,Cloudy,42.51,201.12
93.7,30.9,31,0,5,Sunny,53.5,198.82
96.18,24.1,27,0,0,Cloudy,24.81,163.0
90.03,33.9,37,1,5,Cloudy,57.55,230.72
91.18,34.8,84,0,1,Rainy,0.0,85.96
119.32,25.2,96,0,3,Sunny,58.37,167.76
97.27,26.9,96,0,6,Rainy,13.01,105.32
109.9,39.8,42,0,1,Rainy,20.59,135.92
115.17,27.5,59,0,6,Sunny,76.47,228.92
106.52,35.2,74,0,5,Rainy,21.87,130.26
94.59,29.1,46,0,3,Sunny,43.45,189.05
111.84,35.9,33,0,4,Sunny,73.52,227.55
108.01,35.4,38,0,0,Rainy,27.41,155.8
111.94,33.4,61,0,2,Sunny,61.15,220.5
113.09,37.1,7,0,1,Cloudy,61.54,223.47
119.26,38.8,10,0,2,Cloudy,76.89,256.8
107.21,31.6,52,0,4,Sunny,49.6,183.35
100.25,24.7,68,1,1,Cloudy,50.18,196.95
109.45,28.0,17,0,2,Sunny,67.36,227.75
92.05,35.2,40,0,4,Sunny,33.11,152.03
116.92,33.0,83,1,3,Rainy,45.62,182.28
93.58,23.6,74,0,4,Rainy,0.0,89.91
99.84,21.0,37,0,1,Sunny,57.53,200.56
114.47,33.7,80,0,5,Sunny,75.46,220.29
107.92,25.0,61,0,5,Sunny,79.97,228.19
101.81,30.0,59,1,6,Rainy,46.02,195.71
104.2,34.9,17,0,6,Sunny,85.12,271.95
115.64,31.3,55,0,5,Sunny,84.13,243.22
100.2,21.7,96,1,1,Rainy,17.7,114.22
116.09,23.7,57,0,1,Sunny,66.19,211.97
92.64,24.4,40,0,4,Sunny,38.46,165.63
113.3,25.2,9,0,1,Sunny,79.41,274.16
115.43,31.3,29,0,6,Rainy,47.35,205.04
95.45,30.1,85,0,4,Sunny,31.18,135.42
102.91,24.1,41,0,5,Sunny,59.65,209.35
94.96,21.4,23,1,6,Rainy,49.05,202.81
111.2,23.4,39,0,0,Rainy,33.09,163.78
106.06,39.7,38,0,0,Sunny,64.8,226.55
109.06,29.4,58,0,6,Cloudy,56.88,207.83
95.89,37.3,50,0,6,Sunny,48.91,180.86
96.35,37.0,10,0,0,Cloudy,47.06,191.24
91.24,30.2,87,1,2,Sunny,35.39,147.15
99.66,34.1,5,0,0,Sunny,52.13,220.78
106.79,23.9,75,0,0,Cloudy,38.73,156.87
115.74,33.8,38,0,4,Cloudy,61.97,225.49
110.01,25.4,60,0,4,Sunny,57.79,199.35
103.06,36.6,87,0,5,Sunny,56.18,195.55
118.59,21.7,30,0,6,Rainy,61.61,208.21
111.58,35.5,46,0,1,Sunny,63.18,195.79
117.9,22.0,95,0,1,Cloudy,48.6,175.8
105.83,37.6,42,0,1,Sunny,55.81,198.09
97.77,26.1,30,1,5,Cloudy,72.83,252.19
91.58,33.1,63,1,4,Sunny,41.54,179.35
111.78,29.8,88,1,4,Sunny,75.06,228.71
93.64,27.3,28,0,0,Cloudy,37.3,174.36
99.08,32.9,25,1,3,Sunny,74.31,248.65
105.97,39.0,64,0,4,Cloudy,42.56,161.36
106.93,20.8,94,0,5,Sunny,52.25,176.87
108.02,38.4,24,0,3,Sunny,57.75,223.12
94.99,32.2,10,0,4,Cloudy,43.64,196.54
101.39,36.1,71,0,5,Sunny,55.93,185.4
108.52,27.7,14,0,4,Sunny,69.42,247.51
119.09,29.4,16,0,2,Sunny,84.91,257.99
111.83,37.4,26,0,3,Sunny,71.23,255.81
117.68,28.3,66,0,6,Sunny,84.95,248.53
112.87,30.7,65,0,6,Sunny,74.32,225.0
107.75,20.4,84,1,2,Sunny,56.9,202.06
95.76,23.2,21,0,0,Rainy,15.78,147.95
110.0,32.8,14,0,2,Sunny,73.69,252.52
108.7,34.3,16,0,2,Rainy,26.78,150.08
108.07,31.7,87,0,5,Rainy,20.18,121.11
104.69,22.9,44,0,6,Sunny,73.26,246.51
105.86,28.9,27,0,0,Sunny,66.28,226.37
100.03,27.1,44,0,3,Sunny,33.53,171.03
105.58,29.9,78,0,1,Cloudy,37.17,159.7
95.93,37.4,78,0,4,Cloudy,19.39,123.25
114.16,35.5,54,0,5,Cloudy,70.4,226.09
95.57,21.7,14,1,3,Cloudy,59.82,240.15
92.55,37.8,98,0,0,Sunny,15.61,107.43
103.09,29.4,8,0,2,Rainy,30.49,191.02
109.75,34.9,5,1,1,Sunny,89.68,301.66
103.13,22.8,47,0,2,Rainy,19.33,141.96
98.3,33.4,87,0,4,Sunny,36.2,155.12
106.75,24.7,9,0,0,Sunny,63.06,239.66
100.41,28.8,98,0,1,Rainy,0.0,80.0
117.99,20.3,94,0,3,Cloudy,49.35,165.89
117.68,23.0,38,0,3,Cloudy,72.64,231.79
105.07,21.8,70,1,0,Sunny,63.64,217.18
99.84,24.8,28,1,0,Rainy,34.34,178.36
112.11,22.0,18,0,5,Rainy,54.38,218.61
91.1,33.8,45,0,2,Sunny,36.44,164.72
104.24,20.6,46,1,1,Sunny,75.2,260.94
100.09,32.4,17,0,4,Cloudy,45.2,211.05
117.62,22.8,33,0,0,Rainy,40.0,168.92
90.36,38.9,69,0,1,Cloudy,16.5,122.78
106.58,38.7,50,0,5,Rainy,18.87,130.28
112.22,24.5,38,0,6,Sunny,91.28,272.31
104.55,32.3,67,0,0,Rainy,10.8,115.63
92.56,20.6,8,0,0,Sunny,47.35,196.01
119.17,38.6,32,1,3,Sunny,100.0,291.21
105.54,30.5,87,0,6,Sunny,53.5,171.01
108.43,20.9,5,0,1,Cloudy,72.8,249.13
97.1,26.8,40,0,3,Sunny,47.35,186.04
104.5,21.5,17,0,5,Rainy,43.89,201.88
102.87,27.9,9,0,3,Rainy,29.83,175.98
92.25,33.4,18,0,6,Cloudy,43.76,187.8
93.18,29.4,84,0,5,Sunny,31.33,136.84
115.12,27.7,36,0,6,Sunny,80.98,233.81
97.19,22.4,54,0,1,Sunny,45.03,195.21
95.85,24.9,31,1,5,Cloudy,64.8,236.28
105.15,22.0,39,0,5,Sunny,62.75,226.39
113.06,36.1,7,0,3,Cloudy,67.1,248.62
91.86,22.7,8,0,6,Cloudy,53.26,216.58
107.3,31.9,11,0,2,Cloudy,57.85,204.57
93.58,26.9,81,0,6,Sunny,44.1,159.41
91.09,24.5,7,0,4,Cloudy,40.32,196.9
91.58,32.8,85,0,4,Sunny,24.73,127.5
115.02,29.1,63,0,2,Sunny,62.87,214.98
93.54,28.0,78,0,0,Rainy,0.0,85.98
91.35,31.9,5,0,3,Sunny,49.39,226.13
103.14,29.8,32,0,4,Rainy,21.48,139.19
115.32,26.1,63,0,1,Sunny,59.78,205.24
97.87,31.2,57,0,5,Sunny,61.22,198.46
102.65,33.4,14,0,5,Sunny,76.09,262.27
91.2,20.5,75,0,0,Rainy,0.0,81.48
103.47,29.3,7,0,4,Rainy,26.15,154.51
107.33,21.2,11,0,6,Sunny,88.35,266.63
107.13,23.7,13,0,3,Sunny,58.86,220.68
99.97,31.2,94,0,4,Cloudy,30.14,144.72
99.47,37.3,73,1,3,Rainy,12.6,127.12
93.2,37.7,17,0,0,Cloudy,27.81,170.14
101.0,21.4,98,0,6,Rainy,13.37,99.54
92.98,28.4,44,0,6,Sunny,48.62,181.51
113.0,31.7,66,0,6,Cloudy,63.06,198.04
118.99,22.9,66,1,5,Cloudy,91.03,261.43
119.1,35.3,14,0,2,Sunny,80.54,257.83
115.95,34.9,91,0,5,Cloudy,63.21,188.03
108.02,38.1,15,0,3,Rainy,32.29,168.02
111.03,20.2,80,0,3,Rainy,21.96,124.58
98.56,24.3,66,0,0,Sunny,38.44,155.17
108.92,36.5,81,0,0,Sunny,47.0,178.15
103.67,33.4,60,0,1,Sunny,51.38,196.45
104.46,37.9,53,1,5,Sunny,76.63,251.24
112.73,21.1,20,1,5,Rainy,60.19,237.23
98.46,31.9,77,0,0,Sunny,26.65,122.05
99.54,31.4,78,0,4,Cloudy,24.19,147.88
117.74,20.7,97,1,3,Sunny,79.47,227.29
91.69,30.3,13,0,6,Cloudy,35.27,188.34
104.57,32.2,37,0,2,Sunny,55.7,213.42
117.38,23.8,92,1,0,Sunny,76.7,218.74
108.31,25.5,39,0,6,Sunny,76.45,238.09
106.39,32.8,79,1,3,Cloudy,46.35,182.11
97.49,29.4,43,0,2,Cloudy,46.41,174.68
100.3,37.2,81,0,1,Sunny,36.31,149.14
115.56,26.8,91,0,4,Sunny,49.96,150.26
106.78,25.3,29,0,1,Cloudy,52.11,204.38
105.44,39.7,84,0,0,Rainy,15.44,121.79
92.99,38.2,60,0,4,Sunny,25.05,140.07
90.48,20.6,52,0,1,Sunny,22.65,128.06
118.91,35.4,89,0,3,Sunny,61.08,186.01
101.31,22.2,14,0,0,Sunny,57.6,226.6
108.1,20.5,45,0,5,Sunny,77.19,242.78
92.39,25.5,87,0,1,Cloudy,19.86,120.87
110.49,25.4,63,0,4,Rainy,25.74,138.45
117.98,36.4,32,0,4,Sunny,70.43,229.64
107.27,34.2,45,0,5,Cloudy,57.05,206.19
93.78,39.6,70,0,6,Cloudy,30.68,145.77
107.45,34.2,55,1,2,Rainy,43.57,194.14
112.99,28.4,66,0,4,Cloudy,52.72,183.14
102.19,34.0,34,0,4,Rainy,24.4,152.3
116.4,40.0,44,0,6,Cloudy,79.18,244.37
109.46,34.2,44,0,0,Rainy,22.85,162.33
116.98,35.2,73,0,4,Sunny,62.58,195.12
108.71,38.8,66,0,2,Sunny,45.95,171.63
93.94,22.3,19,0,4,Rainy,13.35,131.87
99.29,34.1,7,1,2,Cloudy,63.71,256.6
96.05,37.0,28,1,6,Sunny,86.8,288.27
117.26,39.1,45,0,3,Rainy,40.4,173.48
112.81,24.2,67,0,2,Sunny,68.81,224.84
110.29,30.1,52,0,0,Sunny,61.94,213.11
99.03,33.6,65,0,1,Cloudy,31.05,154.0
95.52,24.9,52,0,5,Cloudy,41.77,166.23
112.69,32.0,51,0,1,Cloudy,51.82,194.06
104.22,25.2,60,0,3,Sunny,47.04,194.66
96.77,26.7,80,0,0,Rainy,1.16,98.9
108.5,28.8,12,1,3,Rainy,47.4,220.77
91.21,30.6,82,1,3,Sunny,42.53,178.17
99.79,29.0,22,0,4,Sunny,44.75,214.01
104.06,29.9,88,0,4,Sunny,41.55,162.08
94.44,26.0,27,0,0,Rainy,6.27,117.48
119.54,23.2,73,0,1,Rainy,34.93,161.07
96.27,20.9,69,1,2,Cloudy,40.0,171.9
93.91,23.9,50,0,4,Rainy,0.0,103.91
96.11,31.6,70,0,0,Cloudy,26.32,138.33
113.07,35.7,84,0,0,Sunny,55.04,176.4
102.77,23.4,73,1,6,Sunny,84.96,253.9
106.96,22.2,26,0,1,Sunny,60.24,228.16
90.63,35.0,69,0,0,Sunny,22.41,136.74
91.03,26.1,16,1,5,Cloudy,72.93,262.12
103.37,39.0,23,0,0,Sunny,56.33,213.28
114.5,34.3,26,0,1,Sunny,71.88,228.12
116.56,26.5,59,0,4,Sunny,69.05,219.41
92.6,25.8,66,1,1,Cloudy,38.28,175.34
106.15,30.5,55,0,3,Rainy,16.17,109.33
117.4,21.6,52,0,4,Rainy,32.03,156.12
101.64,22.4,21,0,3,Cloudy,52.97,209.09
114.89,23.5,17,0,0,Cloudy,66.48,228.84
94.01,35.5,32,0,3,Sunny,38.61,184.57
118.06,30.3,71,0,1,Sunny,64.31,212.81
112.54,20.2,9,0,1,Sunny,77.89,275.21
118.24,33.5,64,0,6,Sunny,90.47,255.61
110.3,28.5,19,1,2,Cloudy,78.9,277.86
100.9,30.2,85,0,6,Sunny,46.54,159.72
118.15,24.3,48,0,6,Cloudy,87.41,255.37
98.27,31.0,50,0,5,Sunny,58.08,209.98
99.97,39.6,33,0,6,Sunny,64.52,219.38
111.02,21.5,72,0,0,Rainy,20.3,124.23
112.96,25.7,100,0,1,Sunny,43.21,159.5
117.88,24.9,53,0,4,Sunny,70.7,225.7
96.14,25.0,47,1,6,Sunny,78.91,246.19
113.94,27.6,72,0,6,Sunny,80.41,229.02
112.16,36.4,81,0,6,Cloudy,57.14,185.17
91.91,38.3,24,0,1,Cloudy,31.61,174.6
101.62,24.0,22,0,4,Sunny,62.01,223.03
98.48,30.9,68,0,0,Rainy,2.51,80.0
99.13,32.7,53,0,5,Cloudy,51.4,197.31
119.49,30.4,46,1,2,Sunny,97.55,292.76
109.28,28.7,16,0,2,Sunny,65.8,226.92
111.53,23.8,93,0,3,Cloudy,34.81,132.1
119.3,29.8,98,1,1,Cloudy,74.84,231.53
101.32,28.0,83,0,0,Sunny,23.7,124.24
114.06,35.9,40,0,3,Sunny,65.74,229.36
103.04,35.3,12,0,0,Sunny,53.98,210.61
116.09,22.7,32,1,0,Sunny,99.83,303.94
95.42,21.8,90,0,3,Sunny,32.95,131.93
118.43,38.2,64,0,0,Rainy,29.82,150.06
96.56,30.7,53,0,3,Cloudy,42.77,178.34
99.79,37.2,42,0,6,Cloudy,58.97,193.62
112.69,21.2,84,0,6,Sunny,69.81,209.66
101.81,30.5,62,0,5,Sunny,66.62,208.17
108.25,30.8,9,0,1,Sunny,66.46,248.87
103.34,37.2,50,0,3,Cloudy,38.62,171.4
112.27,22.0,79,0,1,Sunny,57.02,186.16
96.85,24.8,6,0,6,Sunny,65.01,251.18
91.75,28.1,93,0,2,Sunny,13.31,87.23
99.0,37.3,29,0,3,Rainy,10.11,144.11
104.23,38.8,5,0,6,Cloudy,68.86,261.45
95.04,39.9,99,0,5,Sunny,40.21,144.76
100.64,39.2,73,0,2,Cloudy,27.38,144.88
102.0,20.1,44,1,3,Cloudy,51.6,209.76
91.72,21.0,72,0,0,Sunny,28.33,120.12
107.5,23.0,73,0,2,Sunny,55.72,187.9
116.53,27.0,73,1,4,Rainy,44.6,168.65
94.55,36.6,20,0,4,Sunny,54.14,201.61
107.93,37.9,58,0,4,Rainy,23.85,136.63
109.94,23.7,67,0,2,Sunny,49.54,178.66
102.58,32.4,22,0,1,Sunny,54.03,220.98
111.03,38.3,21,0,3,Sunny,68.68,232.11
102.32,29.3,86,0,0,Cloudy,26.76,127.0
105.14,22.1,8,1,0,Rainy,38.12,210.55
90.22,29.2,99,1,6,Sunny,46.87,168.39
110.75,27.5,99,0,2,Sunny,43.66,149.98
109.84,31.6,13,1,4,Sunny,100.0,315.35
91.15,28.8,35,0,5,Rainy,17.36,143.0
101.05,20.3,9,0,6,Cloudy,59.88,229.09
119.37,39.9,20,0,0,Sunny,80.86,267.95
102.62,30.9,46,0,5,Rainy,32.26,150.08
105.06,29.5,45,0,6,Cloudy,57.2,200.8
117.3,39.1,84,0,5,Sunny,72.82,230.06
111.52,23.1,88,0,0,Cloudy,38.11,125.32
107.46,23.8,34,0,1,Sunny,63.39,216.72
113.93,36.2,30,1,0,Rainy,49.99,200.52
115.93,25.2,53,0,6,Sunny,77.56,238.68
103.71,36.0,35,0,0,Rainy,15.42,140.1
104.25,25.4,54,1,3,Rainy,29.66,170.24
101.58,20.7,19,0,0,Cloudy,42.55,188.81
119.0,30.3,56,0,3,Sunny,76.19,226.75
110.91,23.9,42,0,6,Rainy,48.95,180.51
92.5,35.2,42,1,4,Cloudy,47.5,199.89
115.89,32.8,64,0,1,Rainy,30.71,165.29
104.42,38.5,24,0,6,Sunny,71.08,236.23
92.06,35.7,91,0,5,Rainy,0.0,80.0
106.49,23.6,48,0,6,Rainy,36.06,166.99
102.51,36.0,93,0,0,Rainy,2.36,80.0
116.33,32.8,67,0,1,Sunny,61.03,212.74
96.12,33.4,54,0,6,Sunny,47.6,193.35
114.79,36.6,26,0,5,Sunny,83.02,267.99
106.73,31.5,76,0,6,Sunny,63.13,208.33
91.64,29.3,58,0,6,Sunny,45.47,172.36
119.16,32.7,13,0,1,Rainy,55.81,209.77
105.38,26.0,19,0,5,Cloudy,63.34,224.09
98.73,23.7,52,0,5,Sunny,56.05,202.13
104.08,32.3,24,0,1,Rainy,24.01,153.62
115.74,24.7,39,0,2,Cloudy,59.15,216.53
99.15,21.6,71,0,3,Rainy,6.62,102.27
95.78,20.0,64,0,5,Rainy,20.66,119.48
93.87,32.2,38,1,5,Cloudy,58.88,231.91
98.94,27.2,77,0,5,Sunny,48.01,168.83
113.4,35.0,98,0,5,Rainy,37.32,149.48
104.15,27.5,58,0,1,Sunny,50.44,180.01
96.82,29.7,94,1,5,Cloudy,52.62,175.67
94.99,28.1,16,1,4,Rainy,34.38,181.46
99.98,33.0,92,0,0,Sunny,35.65,131.72
118.2,27.1,23,0,6,Cloudy,87.34,259.45
100.29,39.3,84,0,5,Sunny,51.3,178.39
119.64,38.7,30,0,1,Sunny,80.51,247.5
104.56,37.0,27,0,6,Sunny,80.48,259.13
95.37,38.4,37,0,5,Rainy,20.63,144.45
116.73,29.0,61,1,1,Sunny,86.81,267.79
103.81,30.7,34,0,5,Rainy,43.28,177.75
111.29,34.8,27,1,0,Cloudy,80.46,274.82
119.51,33.9,78,0,5,Cloudy,70.53,205.71
91.51,37.8,40,0,4,Rainy,3.41,89.2
92.9,34.3,99,0,5,Cloudy,25.79,123.44
111.61,40.0,90,0,5,Sunny,61.72,184.1
98.45,27.0,47,0,6,Sunny,59.81,221.15
95.53,36.7,70,0,6,Cloudy,33.25,152.26
91.18,34.0,57,0,1,Cloudy,28.81,147.67
90.66,33.8,91,0,1,Sunny,19.88,116.89
113.23,26.5,64,0,5,Cloudy,60.96,198.75
94.03,35.7,41,0,4,Sunny,36.79,184.19
104.03,38.0,65,1,1,Rainy,35.35,161.74
108.18,24.4,100,0,6,Cloudy,41.81,153.96
102.85,32.5,57,1,4,Rainy,45.78,182.35
90.81,27.8,16,0,1,Cloudy,24.14,160.47
113.51,39.8,39,0,0,Rainy,38.19,164.34
90.32,29.6,71,0,4,Cloudy,11.74,112.46
112.86,24.6,42,0,0,Cloudy,52.64,199.27
116.8,27.6,28,0,0,Sunny,79.49,258.47
102.99,33.1,85,0,1,Sunny,36.71,152.32
106.07,21.5,44,0,6,Rainy,43.86,182.18
104.31,32.1,69,0,4,Sunny,38.76,176.58
101.68,38.6,61,0,2,Sunny,47.03,179.0
116.62,37.0,76,0,0,Rainy,25.76,133.68
116.82,21.4,83,0,6,Cloudy,66.81,203.07
100.07,39.9,49,0,0,Sunny,47.98,188.49
108.45,34.0,93,1,0,Sunny,56.12,187.23
117.81,23.2,76,0,1,Cloudy,55.08,183.2
118.86,20.2,100,0,1,Cloudy,53.74,177.74
105.27,23.4,17,1,0,Rainy,50.14,216.36
103.58,36.8,83,0,6,Sunny,53.63,188.47
98.36,20.4,10,0,5,Cloudy,52.47,199.3
118.77,24.7,75,0,1,Rainy,33.19,159.42
94.28,35.1,51,0,1,Rainy,10.51,125.57
107.39,31.7,97,0,1,Sunny,45.3,157.63
98.48,35.7,48,0,3,Sunny,49.1,188.77
98.37,34.9,36,0,4,Cloudy,41.42,186.68
102.15,21.0,7,0,6,Rainy,39.16,183.77
119.96,37.9,58,0,1,Cloudy,63.0,209.7
91.65,24.5,88,0,3,Cloudy,15.42,109.99
107.36,31.1,82,1,3,Rainy,23.54,120.01
92.48,32.9,96,0,1,Sunny,23.17,121.5
94.64,23.4,42,0,6,Rainy,25.65,139.35
103.19,39.5,8,0,5,Rainy,42.12,205.49
105.31,29.8,83,0,3,Rainy,12.14,116.06
97.76,21.2,21,0,2,Rainy,12.57,149.22
99.49,38.7,41,0,3,Sunny,47.13,186.76
92.61,31.7,92,0,4,Sunny,19.95,112.21
99.1,34.0,40,0,3,Sunny,48.94,177.29
119.0,30.5,62,0,1,Rainy,34.37,161.31
118.34,36.7,45,0,6,Rainy,45.63,172.57
100.05,20.7,12,0,5,Sunny,67.88,229.59
107.13,25.4,71,0,0,Sunny,59.1,193.45
117.29,29.4,34,0,6,Cloudy,83.57,249.58
90.19,21.5,90,0,6,Sunny,22.79,113.33
114.32,34.1,56,1,2,Sunny,90.72,270.67
118.45,27.9,29,0,3,Cloudy,63.21,231.33
92.74,25.5,56,0,5,Sunny,51.78,194.51
94.84,20.1,63,0,2,Cloudy,29.83,148.7
118.82,34.4,34,1,6,Sunny,100.0,307.18
106.13,36.7,71,0,6,Rainy,22.9,131.75
90.43,27.9,8,0,4,Cloudy,29.66,170.18
97.73,31.3,97,0,6,Sunny,45.64,152.49
103.5,24.6,61,1,3,Cloudy,51.27,201.2
110.79,32.4,67,0,3,Sunny,53.17,178.4
111.99,20.2,36,0,2,Rainy,34.76,172.35
119.86,29.8,91,0,3,Cloudy,49.24,164.7
98.63,32.9,87,0,6,Cloudy,43.94,153.89
106.15,38.4,83,0,3,Sunny,39.13,147.09
106.0,27.6,55,0,0,Sunny,36.06,170.13
102.17,35.3,67,0,2,Cloudy,29.26,137.31
95.07,32.0,84,0,1,Sunny,28.96,132.9
119.32,38.5,91,0,6,Cloudy,71.0,203.55
115.6,28.0,5,1,1,Sunny,99.86,320.72
104.95,26.4,23,1,4,Sunny,79.14,278.26
108.1,37.7,39,0,0,Sunny,60.29,221.3
96.82,21.0,67,0,2,Rainy,8.84,104.4
106.31,22.7,98,0,2,Rainy,6.96,91.27
110.85,21.6,85,0,0,Sunny,48.31,162.18
105.46,36.9,30,0,0,Sunny,69.44,236.68
119.71,20.2,17,0,4,Sunny,84.52,254.58
108.34,37.2,90,0,1,Sunny,35.13,145.12
101.13,29.0,27,0,5,Rainy,26.66,159.05
113.16,20.1,95,0,2,Cloudy,44.04,160.29
95.11,28.0,39,0,5,Rainy,12.08,127.15
101.54,23.7,16,0,0,Rainy,24.99,168.67
100.41,32.5,13,0,2,Cloudy,42.81,189.46
102.95,33.6,82,0,1,Cloudy,35.72,154.35
113.45,29.8,71,0,2,Rainy,24.72,137.77
104.53,20.8,48,1,5,Cloudy,69.2,244.28
113.82,33.1,65,0,2,Sunny,65.8,220.2
107.29,36.8,25,0,0,Cloudy,60.26,213.35
100.26,34.4,11,0,0,Cloudy,40.71,196.91
114.3,36.6,15,0,0,Rainy,37.94,176.46
97.15,24.0,49,0,1,Cloudy,33.53,170.14
96.73,37.8,36,0,6,Sunny,62.71,213.05
105.14,26.4,90,1,6,Sunny,87.47,244.4
97.83,20.3,87,0,6,Rainy,15.09,110.41
90.27,36.9,40,0,3,Rainy,10.41,129.65
109.45,38.8,41,0,1,Cloudy,51.97,201.02
105.33,33.1,79,0,0,Sunny,46.22,174.82
103.37,24.6,45,0,4,Sunny,48.71,190.27
119.01,25.0,81,0,2,Sunny,61.6,197.33
107.14,29.3,96,0,2,Rainy,7.64,80.0
115.9,38.0,53,0,5,Rainy,45.04,187.78
94.18,23.0,19,0,2,Rainy,0.0,113.17
107.08,36.5,17,0,6,Cloudy,67.18,233.98
116.04,25.8,57,1,5,Rainy,72.34,252.21
107.49,36.2,37,0,2,Sunny,60.5,193.74
111.54,38.4,76,0,4,Sunny,54.9,186.59
101.16,28.5,36,0,5,Rainy,27.12,137.91
92.77,27.3,52,0,0,Sunny,35.22,165.12
103.74,36.0,72,0,3,Cloudy,42.3,159.54
101.83,30.6,61,0,6,Cloudy,56.46,172.64
116.01,33.7,66,0,2,Sunny,66.05,219.6
97.32,32.5,86,0,5,Sunny,40.91,145.32
119.0,23.1,91,0,3,Sunny,70.04,213.16
118.74,36.9,97,0,5,Cloudy,69.31,193.47
97.43,23.9,6,0,1,Sunny,46.94,202.78
100.44,38.6,81,0,1,Sunny,27.58,115.87
116.87,25.0,20,1,6,Cloudy,97.17,303.31
119.0,34.7,12,0,2,Sunny,82.43,262.78
103.3,25.7,23,0,0,Sunny,62.56,223.18
99.63,26.4,36,0,4,Sunny,53.03,201.7
105.78,26.2,71,0,5,Sunny,64.08,191.66
110.63,35.0,36,0,2,Cloudy,54.45,210.53
98.2,31.1,89,0,1,Rainy,7.46,89.43
112.09,37.7,29,0,1,Sunny,69.61,254.16
91.55,26.1,57,1,5,Rainy,29.79,156.28
91.48,33.8,85,0,5,Sunny,34.18,140.91
101.59,35.1,29,0,5,Cloudy,69.74,225.18
100.6,23.0,37,0,6,Rainy,33.41,153.73
99.47,28.0,35,0,3,Cloudy,33.53,174.88
104.73,29.7,40,0,4,Sunny,49.33,202.29
99.62,27.1,91,1,5,Sunny,58.73,190.7
95.77,26.4,93,1,6,Cloudy,50.27,179.95
99.28,33.7,53,0,5,Sunny,50.53,199.4
119.25,24.3,48,1,2,Cloudy,78.63,254.85
102.33,34.2,52,0,0,Sunny,53.24,198.71
103.34,38.7,34,0,3,Sunny,59.27,215.38
107.3,31.3,17,0,4,Cloudy,63.3,225.22
119.5,32.2,47,0,3,Cloudy,57.8,208.62
97.25,21.4,97,0,6,Cloudy,26.76,139.59
110.44,37.3,20,0,5,Sunny,81.51,257.56
111.48,25.7,95,0,0,Sunny,56.92,186.9
108.22,32.3,30,0,5,Cloudy,68.64,235.01
92.66,39.6,79,1,1,Rainy,19.4,125.69
110.31,31.9,51,0,6,Cloudy,68.3,229.6
91.92,34.5,41,0,5,Rainy,15.02,137.77
107.88,28.9,7,0,2,Sunny,72.6,256.82
112.19,21.2,30,0,2,Rainy,25.63,170.13
96.33,36.0,19,0,6,Cloudy,43.52,208.52
115.25,20.7,70,0,0,Rainy,28.17,141.14
90.91,34.0,32,0,5,Sunny,51.84,201.46
115.31,20.5,88,0,2,Cloudy,56.24,170.81
103.81,37.2,42,0,2,Cloudy,36.22,181.46
96.53,23.2,48,0,5,Cloudy,47.25,185.47
94.01,30.3,57,0,3,Sunny,37.4,158.94
118.6,31.9,84,1,0,Sunny,84.41,237.48
92.18,29.2,8,0,6,Cloudy,56.36,214.93
95.97,26.8,76,0,3,Rainy,0.0,101.07
100.43,29.4,48,0,2,Sunny,50.41,198.93
108.61,26.2,50,0,6,Sunny,75.72,224.39
106.34,28.8,88,0,6,Rainy,28.95,121.52
93.77,27.2,30,0,5,Cloudy,44.1,190.35
98.69,31.3,100,0,6,Sunny,37.11,133.66
97.16,24.8,17,0,4,Sunny,47.5,199.99
96.41,39.8,73,0,5,Cloudy,32.39,159.23
102.33,30.0,48,0,4,Sunny,46.28,192.85
111.12,23.9,57,1,3,Sunny,77.91,233.05
96.52,29.5,55,0,1,Cloudy,23.73,132.12
101.0,37.3,17,0,5,Sunny,71.44,247.06
101.73,20.4,45,0,1,Sunny,43.2,189.29
119.29,33.6,15,0,0,Sunny,84.07,262.26
118.64,31.0,41,0,4,Cloudy,63.18,221.18
114.0,23.4,64,0,6,Sunny,76.2,226.52
97.25,36.3,36,0,4,Sunny,47.04,205.69
92.04,27.4,49,0,3,Sunny,31.27,161.77
99.51,25.9,22,0,6,Sunny,63.77,227.24
98.0,36.6,97,0,5,Cloudy,29.63,117.88
105.18,32.8,83,0,2,Rainy,12.98,98.38
113.33,38.0,24,0,0,Cloudy,69.18,217.32
115.75,32.6,48,1,3,Sunny,86.65,269.15
115.35,34.8,40,0,1,Sunny,70.25,236.77
100.79,36.7,73,1,5,Sunny,65.76,222.61
110.62,21.1,41,0,2,Sunny,62.72,212.48
99.39,35.5,37,0,6,Sunny,55.72,217.04
91.83,32.3,86,0,0,Sunny,19.5,129.77
111.05,21.4,23,1,5,Rainy,75.06,253.28
90.29,30.2,55,0,2,Rainy,0.0,106.95
102.28,21.6,36,0,1,Cloudy,38.1,176.7
99.88,34.7,26,0,3,Sunny,47.54,193.35
110.8,30.9,5,0,3,Rainy,31.36,188.79
112.99,39.1,58,0,4,Sunny,66.39,205.86
99.12,23.7,93,0,5,Sunny,47.17,151.53
114.35,32.1,24,0,6,Sunny,98.37,286.89
98.82,24.2,62,0,3,Sunny,34.65,154.54
103.39,32.3,39,1,4,Sunny,64.52,218.5
111.81,34.5,74,0,3,Sunny,60.22,200.33
110.79,34.4,74,0,0,Sunny,52.18,175.67
119.62,36.3,65,1,5,Rainy,67.6,213.7
96.75,37.1,67,0,6,Sunny,57.42,200.06
109.87,21.5,65,0,1,Sunny,56.15,190.14
108.29,26.9,61,0,5,Sunny,73.66,235.54
117.45,33.7,7,0,5,Sunny,95.97,297.91
94.69,30.0,99,0,2,Cloudy,8.71,89.6
112.55,23.8,49,0,1,Sunny,62.3,221.43
107.05,31.1,19,0,1,Cloudy,58.22,223.67
98.24,28.1,21,0,4,Cloudy,41.31,188.71
104.23,27.8,19,0,4,Rainy,27.99,169.97
100.01,36.2,9,0,0,Sunny,44.3,204.6
107.38,28.2,90,0,2,Sunny,34.66,133.63
116.67,20.5,50,0,3,Rainy,24.24,162.49
107.08,21.2,15,0,3,Cloudy,54.22,215.64
108.95,37.1,68,0,1,Rainy,11.04,111.57
105.56,39.2,96,0,5,Rainy,27.99,113.33
91.53,33.8,18,0,0,Cloudy,31.8,174.26
96.99,27.3,43,0,5,Sunny,58.66,210.47
104.76,38.8,71,0,2,Cloudy,30.39,135.01
99.31,33.3,59,0,3,Cloudy,25.66,133.36
95.45,36.9,46,0,1,Cloudy,37.14,161.65
105.12,35.3,79,0,0,Cloudy,42.9,160.36
99.68,27.6,98,0,2,Cloudy,22.21,117.68
97.74,29.6,9,0,5,Cloudy,48.76,206.48
103.92,23.7,56,0,1,Sunny,46.95,183.94
94.0,25.8,26,1,1,Sunny,64.76,243.98
117.83,35.6,81,0,6,Rainy,41.31,163.2
116.03,37.9,48,0,5,Rainy,39.05,174.2
111.23,34.5,89,1,0,Cloudy,69.39,217.69
93.19,29.3,63,0,0,Sunny,26.7,143.88
113.28,21.7,29,0,0,Sunny,64.51,225.44
114.24,21.1,25,0,0,Sunny,73.7,239.89
113.03,27.5,96,0,2,Sunny,56.67,178.26
93.42,29.3,68,0,0,Sunny,32.29,154.35
109.32,32.2,72,0,0,Sunny,45.8,176.62
115.03,20.1,97,0,0,Sunny,46.04,163.44
107.32,39.8,51,0,6,Cloudy,49.72,185.2
109.39,27.3,39,0,2,Rainy,25.93,150.44
103.75,37.0,91,0,3,Sunny,35.96,142.53
105.86,30.7,11,0,1,Sunny,68.06,237.15
91.03,22.6,60,0,4,Rainy,0.0,102.15
109.17,36.0,56,0,5,Rainy,41.82,157.55
92.44,34.2,50,0,6,Sunny,51.94,209.67
103.05,30.5,13,0,1,Sunny,57.03,237.75
98.78,30.3,62,0,2,Sunny,41.53,169.15
106.36,21.7,27,0,5,Sunny,83.09,264.3
94.0,33.1,7,0,0,Sunny,44.1,207.67
110.75,38.2,65,0,2,Sunny,55.56,186.44
113.85,21.9,13,0,6,Cloudy,80.71,268.32
94.9,25.3,57,0,6,Sunny,48.46,194.28
93.13,38.0,72,0,3,Cloudy,22.1,114.36
94.37,25.7,53,0,4,Sunny,40.05,159.07
116.31,33.1,93,0,3,Cloudy,48.6,171.99
105.85,30.7,74,0,0,Cloudy,38.36,154.89
104.02,31.9,52,1,2,Cloudy,57.62,209.62
93.2,28.3,86,0,2,Sunny,25.65,125.56
109.49,26.0,11,0,0,Sunny,64.5,226.59
116.04,21.0,35,0,0,Sunny,85.95,258.93
114.85,34.9,60,0,4,Cloudy,61.02,194.27
108.78,34.9,100,0,3,Sunny,47.96,171.79
92.26,33.4,65,0,0,Cloudy,20.93,131.24
93.37,32.9,96,0,0,Sunny,23.3,119.8
91.48,24.9,9,0,3,Sunny,36.07,190.76
97.72,20.4,34,0,0,Cloudy,30.09,184.49
94.07,36.2,26,1,5,Sunny,72.63,244.32
97.8,29.8,21,0,4,Sunny,50.69,191.01
101.55,26.1,14,0,4,Cloudy,46.72,201.85
118.29,22.0,75,0,6,Cloudy,73.99,206.07
108.31,21.3,72,0,3,Sunny,46.04,169.16
115.05,27.0,46,0,6,Sunny,88.91,269.03
111.31,36.1,31,0,1,Cloudy,53.56,218.14
93.38,38.4,11,1,4,Rainy,29.67,170.38
112.08,37.9,27,0,2,Sunny,74.49,238.04
98.25,38.4,79,0,2,Cloudy,26.2,135.57
109.17,38.2,12,0,1,Rainy,28.9,177.06
100.23,30.5,12,0,4,Sunny,62.06,237.2
119.93,24.4,9,0,6,Sunny,100.0,312.3
97.91,36.0,75,0,0,Cloudy,13.65,117.9
98.37,24.3,90,0,5,Sunny,41.35,153.47
117.92,25.3,6,0,1,Sunny,83.03,279.95
90.74,24.7,92,0,0,Sunny,12.66,102.35
110.9,30.3,55,0,5,Sunny,81.56,246.51
111.76,26.4,70,0,2,Sunny,54.77,184.62
115.09,23.1,16,0,5,Cloudy,85.14,271.5
119.23,29.1,51,1,1,Rainy,59.58,203.71
119.27,37.5,59,0,4,Sunny,74.73,238.29
91.96,31.4,30,0,2,Sunny,47.3,187.07
114.66,37.6,49,0,4,Cloudy,60.66,202.59
109.39,23.9,66,0,0,Cloudy,53.0,168.78
109.42,23.3,74,1,4,Cloudy,65.44,209.21
93.85,31.5,91,0,5,Cloudy,29.13,124.27
109.51,29.3,6,0,1,Rainy,39.07,194.06
119.47,33.2,30,0,0,Sunny,67.08,220.4
117.35,35.9,18,1,1,Sunny,98.36,299.49
103.17,35.0,86,1,5,Sunny,73.24,218.4
91.2,38.8,61,1,0,Sunny,50.69,181.66
100.87,28.0,36,0,6,Rainy,30.38,163.58
114.79,24.1,66,0,6,Rainy,44.06,169.55
111.04,31.0,82,0,1,Rainy,10.35,102.95
103.78,22.2,34,0,2,Sunny,47.56,200.26
91.65,25.8,17,0,6,Cloudy,41.46,191.2
102.81,24.2,44,0,1,Sunny,58.87,206.3
104.07,27.9,35,0,2,Rainy,14.27,140.56
117.86,22.2,41,0,5,Sunny,85.54,255.87
109.23,20.6,49,1,3,Sunny,79.67,249.88
99.35,33.1,90,0,4,Rainy,0.0,85.36
105.76,32.2,63,0,6,Cloudy,50.38,177.94
91.98,34.2,32,0,0,Rainy,6.76,130.5
119.18,33.2,65,0,4,Sunny,67.08,214.52
100.8,22.3,23,0,5,Rainy,42.72,202.95
104.34,25.8,47,0,2,Cloudy,33.91,162.06
100.66,22.6,63,0,6,Cloudy,45.36,182.73
110.48,36.9,20,1,2,Cloudy,77.52,251.43
109.87,34.9,73,1,2,Cloudy,62.86,221.9
111.46,24.0,48,0,1,Sunny,56.66,208.49
98.04,26.8,70,1,4,Sunny,53.16,190.53
99.47,39.3,14,0,6,Cloudy,63.95,240.03
93.76,31.9,51,1,2,Cloudy,43.99,178.54
109.67,36.0,23,1,3,Sunny,82.25,267.57
91.19,25.3,88,0,5,Sunny,45.79,156.62
107.93,24.2,97,0,2,Cloudy,33.04,143.33
116.09,35.7,93,0,6,Sunny,74.3,222.23
116.72,33.7,85,1,4,Sunny,83.41,239.04
103.47,33.6,55,0,2,Rainy,13.35,111.36
103.78,31.1,17,0,2,Sunny,56.62,210.6
92.31,31.3,67,0,0,Sunny,29.36,145.08
110.12,34.7,20,0,2,Sunny,65.68,233.47
114.64,25.4,57,0,4,Sunny,66.71,213.87
97.34,27.1,39,0,5,Sunny,58.49,204.14
102.64,37.4,63,0,0,Rainy,15.21,133.9
115.17,26.2,43,0,0,Cloudy,54.14,195.99
116.31,30.9,71,0,2,Sunny,66.76,203.01
97.3,34.1,77,0,2,Sunny,35.91,160.32
106.52,40.0,65,0,3,Cloudy,39.08,160.59
95.77,28.7,54,0,6,Sunny,56.11,203.1
93.06,28.6,57,0,6,Rainy,14.58,115.74
117.33,36.9,50,0,4,Sunny,74.34,237.85
114.62,36.1,56,0,5,Cloudy,73.14,234.53
112.8,34.6,33,0,6,Cloudy,74.55,233.76
91.46,29.3,9,0,4,Rainy,6.51,127.95
115.31,26.5,71,0,1,Sunny,58.63,187.79
103.14,32.2,78,1,5,Cloudy,65.24,209.21
100.27,37.5,99,1,1,Sunny,54.92,197.17
106.39,37.7,79,0,4,Rainy,14.05,112.85
92.74,22.2,85,0,2,Sunny,28.64,149.64
112.7,28.6,44,0,0,Sunny,71.38,243.35
107.47,29.3,76,0,3,Cloudy,37.32,163.23
95.6,39.6,6,0,2,Sunny,61.41,244.17
95.65,33.6,72,0,5,Sunny,46.35,181.71
95.53,28.1,66,0,5,Sunny,46.02,188.48
91.71,20.5,84,0,0,Sunny,24.03,130.61
107.63,31.3,62,1,5,Rainy,55.27,208.98
115.21,21.9,89,0,4,Sunny,52.41,180.1
90.52,36.7,73,0,6,Cloudy,28.09,135.55
91.47,35.1,62,1,5,Rainy,26.37,158.24
107.18,29.2,39,0,2,Sunny,59.78,223.17
114.58,28.6,18,1,5,Sunny,100.0,301.2
99.8,37.9,19,0,3,Sunny,52.67,203.45
100.49,25.8,10,0,6,Rainy,40.6,188.67
107.89,25.0,20,0,5,Rainy,38.89,195.86
98.23,38.8,91,0,6,Sunny,49.49,166.68
90.8,36.2,99,0,1,Sunny,14.23,92.28
112.06,36.4,50,0,0,Rainy,25.73,138.0
108.77,23.9,67,0,2,Cloudy,45.06,165.37
107.42,22.9,16,0,3,Cloudy,58.6,216.77
112.25,20.5,45,0,2,Cloudy,54.31,189.07
110.26,24.7,23,0,4,Cloudy,54.04,215.62
96.18,35.5,80,0,0,Rainy,0.0,83.49
100.57,24.8,81,1,4,Rainy,22.04,138.44
93.78,34.6,6,0,5,Rainy,31.32,160.0
93.9,25.0,24,1,4,Rainy,24.53,175.73
110.29,27.9,99,0,5,Sunny,57.53,178.39
115.76,39.7,13,0,1,Sunny,81.05,268.39
118.88,24.9,25,0,4,Rainy,45.41,206.4
108.85,27.5,12,0,3,Sunny,70.41,248.68
95.52,26.0,43,0,0,Cloudy,17.31,151.56
93.17,22.2,41,0,1,Rainy,0.98,91.23
114.39,29.8,33,0,6,Sunny,90.94,269.66
107.36,27.6,87,0,2,Sunny,41.86,142.43
108.55,33.9,39,0,4,Sunny,63.56,222.42
113.44,36.4,42,0,2,Sunny,61.52,215.35
111.1,30.9,94,0,1,Cloudy,30.63,124.4
115.03,20.6,79,0,2,Sunny,60.94,212.58
91.69,32.4,39,0,3,Rainy,0.56,103.63
112.43,21.1,72,0,1,Sunny,55.36,171.0
115.53,32.3,7,0,0,Cloudy,75.42,262.7
98.58,33.7,16,0,0,Sunny,51.52,215.3
109.21,24.0,36,1,6,Cloudy,84.86,265.91
99.42,36.4,51,0,0,Sunny,40.13,178.05
118.74,38.2,67,0,0,Sunny,63.25,197.74
91.0,36.3,30,0,1,Cloudy,29.84,160.37
107.39,26.1,47,0,1,Rainy,20.43,141.42
95.0,31.7,81,1,5,Sunny,68.91,225.92
111.37,38.3,48,0,1,Sunny,47.89,185.41
95.28,26.4,42,0,4,Cloudy,34.93,163.01
97.06,36.4,33,1,5,Rainy,47.49,203.65
104.83,20.2,59,1,1,Sunny,69.09,213.5
117.45,20.1,56,0,1,Sunny,62.91,208.0
96.35,35.2,23,0,6,Sunny,54.33,195.45
94.33,35.2,39,0,1,Sunny,43.55,177.15
112.77,35.8,52,0,0,Sunny,64.76,204.2
105.02,38.6,95,0,3,Sunny,40.14,153.99
117.35,22.4,64,0,0,Sunny,66.32,206.52
94.4,24.6,35,0,5,Sunny,60.35,226.03
109.38,38.1,7,0,6,Sunny,84.04,257.99
96.99,23.5,39,1,3,Sunny,62.1,225.33
94.7,33.6,92,0,6,Sunny,38.57,149.1
110.5,30.6,56,1,3,Sunny,77.89,251.12
107.81,21.7,75,0,6,Sunny,70.9,232.35
112.64,25.7,55,0,3,Sunny,56.2,182.92
99.28,30.4,60,0,6,Rainy,11.15,109.01
103.44,37.0,25,0,5,Sunny,65.39,246.18
102.16,34.2,5,0,5,Cloudy,70.16,241.43
119.52,32.4,57,0,0,Sunny,71.68,229.06
98.77,29.9,10,0,4,Sunny,47.16,197.37
98.84,26.0,86,0,6,Cloudy,37.97,139.19
100.64,22.4,66,0,2,Sunny,39.53,156.64
106.94,28.2,93,0,4,Sunny,45.3,175.87
97.57,20.6,83,0,0,Sunny,35.43,137.93
117.46,24.2,51,1,3,Sunny,100.0,287.11
97.97,28.6,100,1,2,Sunny,41.05,156.84
116.87,28.4,54,0,4,Cloudy,49.8,194.97
93.1,20.9,86,0,6,Sunny,41.8,166.27
109.7,31.8,35,0,5,Rainy,48.98,196.52
117.21,31.0,68,0,6,Sunny,74.04,198.75
95.06,21.6,33,0,5,Sunny,51.32,193.76
119.05,38.9,19,1,1,Rainy,69.6,241.19
103.59,22.0,62,0,5,Sunny,70.35,229.9
118.37,37.1,27,0,4,Rainy,40.07,176.27
110.3,20.0,42,0,0,Sunny,63.29,231.39
99.05,37.6,45,0,2,Sunny,35.58,169.8
95.65,20.4,79,0,1,Sunny,28.78,146.38
99.11,35.2,19,0,6,Sunny,67.4,254.87
92.79,27.2,91,0,5,Cloudy,34.22,133.55
94.32,34.8,7,0,5,Sunny,60.84,218.05
93.14,28.0,87,0,6,Sunny,42.04,158.67
102.69,21.4,5,0,2,Sunny,58.67,235.75
113.87,35.4,92,0,2,Sunny,53.65,170.26
94.24,21.4,79,0,6,Rainy,18.05,118.28
93.91,38.4,98,0,4,Sunny,30.43,140.51
109.3,21.0,15,0,5,Cloudy,84.26,278.11
95.92,29.6,64,0,3,Sunny,36.66,154.34
92.93,34.5,69,0,5,Sunny,42.64,169.42
95.01,27.9,80,0,4,Cloudy,19.93,113.39
117.71,24.3,8,0,1,Rainy,51.5,202.1
114.64,35.2,29,0,0,Rainy,40.21,193.75
100.62,35.7,76,0,5,Cloudy,39.58,141.17
109.67,38.5,83,0,4,Sunny,45.85,167.57
106.12,27.5,47,0,3,Sunny,52.1,192.31
110.31,30.1,98,0,3,Cloudy,41.42,154.95
110.48,27.3,44,0,4,Sunny,68.42,220.67
108.86,25.1,100,0,1,Rainy,24.21,127.71
97.98,35.0,89,0,3,Cloudy,22.4,119.05
91.17,26.8,99,0,3,Rainy,0.0,87.11
103.67,28.6,95,0,5,Cloudy,39.61,150.54
116.73,28.1,48,0,5,Cloudy,74.91,227.43
107.08,34.3,76,0,6,Sunny,70.36,217.99
114.97,38.4,63,0,1,Cloudy,57.22,199.84
119.75,33.3,27,0,1,Sunny,74.79,245.26
94.91,29.4,66,0,1,Cloudy,22.28,126.11
110.75,35.6,27,0,6,Cloudy,65.67,236.6
110.23,32.8,62,0,1,Cloudy,49.71,175.75
119.4,21.2,59,0,4,Cloudy,57.86,192.77
119.57,21.9,37,1,4,Cloudy,85.2,274.07
110.6,20.8,81,0,2,Sunny,42.21,158.79
97.31,29.1,67,1,6,Rainy,39.65,157.15
113.96,36.5,64,0,2,Sunny,67.78,207.31
93.21,26.3,65,0,6,Rainy,6.85,108.08
113.42,27.7,84,0,2,Sunny,54.12,178.26
117.31,38.2,80,0,3,Rainy,24.56,128.4
101.49,36.7,65,0,1,Sunny,41.64,169.54
108.92,33.3,99,0,4,Cloudy,29.58,132.39
102.9,25.3,73,0,4,Sunny,36.96,155.95
103.13,22.3,93,1,1,Cloudy,53.64,158.43
99.31,20.3,25,0,2,Sunny,38.27,180.94
112.86,22.1,7,0,5,Cloudy,84.72,269.86
118.09,25.9,52,0,6,Sunny,87.94,257.55
118.22,31.0,14,0,3,Cloudy,81.4,273.07
95.24,21.3,91,0,4,Sunny,24.38,114.81
116.24,22.7,85,0,0,Sunny,57.01,185.67
112.12,23.6,46,0,3,Rainy,25.34,151.43
97.59,32.6,93,0,3,Rainy,0.0,80.0
92.02,32.3,70,0,2,Cloudy,13.49,103.8
98.04,31.0,95,0,1,Rainy,0.0,80.0
117.37,25.0,50,0,6,Sunny,82.36,247.98
109.0,27.4,13,0,6,Sunny,79.86,257.28
111.63,21.9,53,1,0,Sunny,76.52,230.81
97.71,24.5,8,0,2,Sunny,54.6,212.89
111.58,38.0,64,0,1,Sunny,57.2,185.56
90.84,39.6,94,0,6,Cloudy,25.81,130.45
101.26,33.0,100,0,0,Sunny,32.63,121.85
108.8,38.3,33,0,5,Sunny,72.29,249.99
94.38,32.9,90,0,5,Cloudy,18.96,131.41
114.69,20.7,51,0,4,Sunny,61.45,204.19
97.05,39.9,81,0,0,Sunny,35.1,142.76
109.57,22.0,91,0,2,Sunny,50.76,178.41
102.16,33.7,67,0,0,Rainy,13.06,123.68
107.88,25.1,35,0,0,Sunny,65.51,221.48
93.22,27.8,55,0,0,Rainy,3.77,100.77
90.51,32.9,45,0,4,Cloudy,24.29,142.77
117.29,28.7,40,0,5,Sunny,97.95,274.49
98.09,25.0,44,0,5,Sunny,60.4,219.01
114.59,26.7,99,0,1,Cloudy,52.18,170.67
119.98,26.8,64,0,0,Rainy,32.64,145.95
96.34,39.2,19,0,6,Sunny,60.55,225.02
97.96,36.0,82,0,3,Sunny,31.37,137.44
109.89,29.2,92,0,6,Sunny,62.04,210.7
118.96,24.0,34,1,2,Sunny,96.64,289.96
117.47,36.2,34,0,3,Rainy,43.71,192.6
105.09,23.1,31,0,6,Sunny,72.82,244.05
113.85,24.2,44,0,1,Sunny,64.54,217.97
94.07,27.3,82,0,2,Rainy,0.0,87.52
119.32,37.6,49,0,1,Sunny,80.37,246.86
118.93,22.6,79,0,6,Cloudy,71.28,233.7
94.91,22.4,51,0,2,Cloudy,18.69,132.36
98.98,29.9,94,1,5,Sunny,72.83,198.23
93.0,25.5,60,0,5,Sunny,48.67,200.13
98.15,31.4,58,0,3,Sunny,43.02,169.36
114.48,29.0,89,0,3,Rainy,24.66,125.59
101.35,28.7,13,0,6,Cloudy,68.03,236.6
92.65,22.2,69,1,4,Sunny,43.68,174.34
100.27,22.8,74,1,6,Cloudy,57.85,193.18
119.44,36.4,5,0,6,Cloudy,100.0,286.48
108.89,37.7,90,0,6,Sunny,57.85,178.38
102.48,24.7,17,0,1,Sunny,60.52,229.55
95.0,22.3,42,0,3,Cloudy,38.05,159.32
119.59,21.1,49,0,2,Sunny,72.46,234.97
114.63,32.2,44,0,0,Rainy,31.94,179.05
98.44,34.3,99,0,6,Cloudy,37.6,145.47
92.1,27.5,19,0,0,Sunny,43.52,182.72
91.7,33.6,54,0,0,Rainy,0.0,101.22
93.61,34.3,6,0,4,Sunny,48.21,216.45
107.42,38.7,57,0,6,Rainy,31.4,163.46
117.86,21.3,99,0,3,Sunny,55.43,176.77
104.9,23.8,30,0,1,Cloudy,54.32,212.62
115.29,21.4,70,0,1,Cloudy,50.45,187.62
103.38,37.4,79,0,6,Sunny,58.51,195.63
111.26,35.9,37,1,6,Sunny,95.94,291.74
111.96,31.5,86,0,4,Cloudy,52.34,171.09
95.22,21.7,89,0,2,Cloudy,17.72,120.04
100.84,25.5,63,0,5,Sunny,59.05,195.51
109.12,26.0,99,0,6,Rainy,28.61,147.82
92.12,31.2,30,0,3,Cloudy,26.78,153.08
100.85,25.2,98,1,3,Sunny,57.84,196.53
106.04,21.5,25,1,2,Cloudy,63.98,227.45
119.89,34.6,53,0,2,Sunny,70.86,222.23
104.24,26.0,84,1,3,Rainy,22.15,128.15
114.48,29.0,75,0,3,Sunny,49.82,166.24
102.96,22.6,90,0,0,Sunny,34.8,138.04
113.89,36.1,75,0,6,Sunny,73.08,221.92
107.86,31.3,70,0,6,Rainy,25.34,133.64
116.6,38.0,41,1,6,Sunny,100.0,304.04
102.33,29.9,18,0,1,Sunny,58.3,213.48
108.13,38.8,76,1,0,Sunny,68.99,226.77
108.9,37.8,97,0,0,Sunny,42.92,149.02
102.52,31.5,11,0,1,Sunny,54.15,226.01
94.33,38.7,42,0,4,Cloudy,26.92,158.73
92.81,26.5,49,0,5,Sunny,46.18,191.73
90.5,27.3,26,0,4,Cloudy,28.38,161.79
116.21,20.9,48,0,4,Sunny,67.11,232.44
97.09,31.8,85,0,4,Cloudy,19.95,105.13
96.35,34.4,84,0,2,Sunny,22.76,127.54
112.08,35.5,39,0,0,Cloudy,49.44,195.59
99.6,23.0,64,0,2,Sunny,42.99,177.05
105.18,28.9,100,0,6,Sunny,56.6,176.27
94.88,23.5,7,0,2,Sunny,48.25,200.48
118.79,33.2,71,0,1,Sunny,67.03,201.41
115.55,23.2,76,0,4,Sunny,58.27,191.8
115.91,38.1,99,0,3,Cloudy,49.66,162.8
102.2,24.6,59,1,4,Cloudy,54.59,210.62
112.87,25.8,13,1,0,Sunny,92.91,303.37
94.32,37.0,73,0,2,Sunny,34.41,150.81
90.26,29.2,32,0,0,Cloudy,21.92,148.66
90.6,20.5,19,0,2,Rainy,5.98,134.78
107.6,29.9,95,1,2,Sunny,57.65,189.32
103.66,21.7,35,0,2,Sunny,58.32,210.83
105.54,39.7,63,0,3,Sunny,53.49,179.2
90.22,31.8,86,1,6,Sunny,48.09,185.59
102.68,25.1,58,1,4,Sunny,59.4,212.2
111.54,31.3,72,0,2,Rainy,22.16,137.98
103.28,21.5,89,0,1,Sunny,47.93,157.11
111.97,36.0,51,0,5,Sunny,82.07,243.29
96.99,38.5,46,0,5,Rainy,20.62,146.69
114.39,37.5,27,0,2,Sunny,69.22,238.71
107.65,26.8,90,0,4,Sunny,38.4,139.65
96.32,26.5,69,0,4,Sunny,37.37,165.15
97.1,20.7,93,1,6,Sunny,67.37,199.32
108.84,33.0,58,0,6,Cloudy,57.71,206.49
114.9,30.7,96,0,3,Sunny,52.31,163.33
102.47,29.2,15,0,2,Cloudy,49.44,216.18
97.75,38.2,67,0,1,Cloudy,35.59,156.46
116.01,23.4,26,1,3,Sunny,96.54,298.53
110.08,20.2,58,0,3,Cloudy,42.81,172.41
103.44,21.5,93,0,2,Cloudy,21.48,117.87
104.64,24.5,89,0,2,Rainy,0.7,82.42
96.13,20.7,40,0,3,Sunny,48.51,197.97
108.8,30.1,62,0,3,Sunny,57.17,196.41
100.76,26.3,24,0,3,Rainy,17.22,155.69
119.87,23.6,20,0,0,Sunny,69.18,233.63
104.41,35.0,96,0,3,Sunny,33.55,144.27
104.58,24.1,60,0,4,Cloudy,40.58,172.57
106.98,33.8,97,1,5,Sunny,78.12,236.99
117.5,27.0,54,0,1,Sunny,71.77,228.16
114.02,30.2,94,0,1,Rainy,11.1,100.62
103.53,38.7,70,0,5,Cloudy,50.19,182.88
111.56,20.7,78,1,2,Cloudy,59.06,192.58
107.59,30.0,17,1,6,Sunny,100.0,309.65
104.77,37.1,19,0,3,Cloudy,47.62,227.37
95.77,31.8,77,0,1,Cloudy,25.91,146.0
103.92,25.5,31,0,1,Sunny,58.26,208.14
97.37,28.0,12,0,4,Sunny,51.75,197.74
117.45,33.6,74,0,4,Cloudy,60.87,197.98
100.06,37.8,54,0,0,Sunny,42.03,182.32
118.57,20.8,92,0,5,Sunny,68.18,201.41
105.99,21.4,71,0,0,Sunny,52.97,199.95
108.95,26.5,30,0,1,Sunny,65.68,221.98
106.29,24.7,40,0,2,Sunny,55.84,207.31
93.88,25.3,25,0,1,Rainy,5.1,120.82
101.27,24.4,81,0,2,Sunny,40.17,162.65
92.97,23.9,56,0,6,Sunny,51.73,196.51
108.69,22.6,15,0,1,Sunny,64.7,243.47
103.41,38.7,12,1,4,Sunny,84.34,279.81
113.34,22.9,61,0,3,Sunny,62.96,217.89
96.61,24.1,50,0,1,Sunny,35.77,167.15
94.94,24.9,82,0,0,Sunny,27.82,144.96
102.19,38.7,6,0,6,Sunny,73.75,266.75
117.8,35.1,68,0,6,Sunny,87.5,248.64
111.31,35.8,56,0,2,Rainy,21.92,131.07
102.57,22.1,69,0,2,Sunny,50.7,183.38
105.52,36.7,15,0,1,Cloudy,54.43,223.41
92.53,28.2,10,0,2,Sunny,37.06,174.67
119.54,25.3,100,0,0,Sunny,48.44,158.23
109.99,31.5,83,0,4,Cloudy,39.05,159.24
98.56,36.4,80,0,3,Sunny,40.51,137.22
107.57,35.6,68,0,3,Sunny,57.11,185.53
93.28,37.8,97,0,2,Sunny,21.66,110.58
118.98,38.6,59,0,1,Sunny,67.08,215.57
95.24,24.8,48,1,2,Cloudy,46.38,191.91
109.44,28.5,90,0,6,Cloudy,53.2,173.33
97.36,20.3,18,0,0,Sunny,56.08,206.3
111.53,37.6,87,0,5,Sunny,69.04,219.92
113.3,23.1,9,0,1,Rainy,47.1,200.41
110.2,37.2,29,0,4,Sunny,69.82,220.96
108.43,26.6,54,0,0,Cloudy,51.15,199.15
116.77,27.4,77,0,4,Rainy,15.76,108.66
92.36,20.8,75,0,1,Sunny,21.58,116.64
99.93,26.5,86,0,4,Sunny,28.57,138.84
97.45,37.8,6,0,0,Rainy,13.37,141.92
119.64,20.5,14,0,0,Sunny,85.29,272.87
101.68,28.1,6,1,2,Sunny,73.49,259.21
111.98,20.6,64,0,5,Sunny,69.05,213.58
110.54,27.4,49,0,1,Sunny,60.62,201.67
96.36,23.5,12,0,3,Rainy,7.93,123.55
97.17,25.0,62,0,6,Sunny,49.72,211.28
98.44,37.6,11,0,5,Sunny,72.55,243.47
102.33,28.7,91,0,3,Cloudy,20.07,103.93
97.03,25.5,76,0,4,Sunny,36.73,162.15
90.59,31.8,25,0,3,Cloudy,24.35,158.47
116.38,22.8,51,0,3,Rainy,35.63,163.77
118.97,25.2,5,0,6,Rainy,61.42,229.16
100.25,30.9,16,1,0,Sunny,77.84,263.86
100.16,24.8,79,0,0,Cloudy,25.01,128.15
90.21,33.6,52,0,0,Sunny,32.05,165.78
110.41,29.8,98,0,3,Sunny,43.49,152.29
114.76,35.4,8,0,4,Sunny,82.53,278.7
94.4,39.0,38,0,1,Cloudy,34.43,167.55
94.79,22.3,91,0,6,Sunny,40.48,150.73
113.7,26.7,36,0,2,Cloudy,57.36,202.07
108.49,26.4,7,0,4,Sunny,69.46,263.69
91.35,23.0,96,0,6,Rainy,0.0,80.0
108.68,36.2,72,0,6,Sunny,67.43,210.36
99.27,35.2,61,0,0,Rainy,8.72,125.06
101.06,29.7,80,0,4,Cloudy,35.42,152.1
113.09,30.8,28,1,1,Rainy,62.78,238.22
114.33,21.2,37,1,5,Cloudy,90.51,279.89
102.01,31.1,7,0,0,Cloudy,51.98,208.87
118.41,35.8,8,0,1,Sunny,84.56,282.94
102.19,31.5,34,0,5,Cloudy,64.18,212.19
113.16,25.3,74,0,2,Sunny,53.99,177.36
104.52,33.4,53,0,4,Sunny,55.26,191.76
116.93,27.2,34,0,2,Cloudy,60.25,218.47
117.23,30.9,76,0,6,Sunny,77.52,226.41
92.62,29.8,86,0,3,Sunny,18.71,100.78
118.09,27.6,20,0,4,Sunny,71.32,261.91
114.77,34.4,57,0,6,Sunny,75.53,238.53
113.74,37.7,10,0,5,Sunny,91.32,280.45
96.03,20.1,28,0,3,Sunny,52.77,209.46
114.15,38.7,96,0,1,Sunny,46.99,165.16
115.5,30.2,100,1,3,Cloudy,60.23,190.77
98.67,34.0,93,0,5,Sunny,37.91,149.89
118.57,37.1,32,0,5,Rainy,64.03,227.5
91.5,29.3,25,0,1,Rainy,2.44,125.63
94.5,36.7,12,1,2,Sunny,66.45,249.17
106.13,23.6,40,0,0,Sunny,55.45,207.39
107.27,23.2,13,0,2,Sunny,57.26,219.89
109.35,33.1,44,0,6,Rainy,33.5,159.83
90.51,37.4,89,0,3,Cloudy,4.3,82.09
118.81,37.8,55,0,1,Cloudy,64.8,207.7
91.34,32.9,5,0,3,Rainy,0.0,118.78
94.29,30.5,67,0,5,Rainy,14.04,114.89
90.42,26.6,72,0,6,Rainy,5.75,107.39
107.01,39.6,78,0,6,Cloudy,43.03,160.43
117.97,26.4,30,0,0,Rainy,41.37,181.8
109.98,34.9,44,0,4,Rainy,32.59,159.32
114.68,30.6,7,0,4,Sunny,74.57,255.34
90.4,32.2,13,0,4,Rainy,3.94,139.17
106.26,27.9,36,0,3,Cloudy,62.4,216.28
103.79,39.3,71,0,4,Sunny,46.01,176.81
104.97,31.4,8,0,1,Sunny,63.76,238.57
92.17,38.8,10,0,0,Cloudy,32.86,179.65
110.53,20.2,77,0,6,Sunny,69.56,204.05
105.1,31.5,30,0,5,Rainy,42.07,189.91
112.95,34.3,6,0,2,Sunny,66.85,226.93
104.56,34.9,70,0,5,Rainy,14.67,108.24
94.48,38.1,89,0,1,Sunny,20.03,112.22
109.45,20.1,90,0,0,Sunny,46.4,161.73
95.17,20.0,7,0,2,Rainy,16.04,151.04
116.17,29.4,39,1,4,Sunny,84.04,277.9
108.39,20.6,63,0,2,Rainy,17.67,130.34
94.72,39.5,42,0,6,Sunny,54.11,202.76
118.87,24.4,37,0,3,Rainy,37.96,172.13
105.55,29.5,19,0,3,Sunny,59.95,220.81
92.19,21.2,79,0,4,Sunny,20.95,114.13
108.8,30.4,78,0,4,Rainy,17.13,99.97
97.6,27.6,18,1,1,Sunny,71.03,243.65
114.11,20.9,70,0,1,Rainy,19.45,134.39
114.53,26.7,49,0,5,Rainy,51.88,188.19
119.37,27.8,52,0,6,Sunny,81.62,241.71
105.06,39.8,48,0,3,Sunny,44.62,189.48
103.65,24.2,41,1,0,Sunny,71.95,222.87
112.6,30.9,33,0,1,Sunny,67.76,225.77
93.97,39.7,88,0,0,Sunny,24.93,117.08
106.41,35.8,89,0,5,Cloudy,42.0,158.46
106.39,39.9,38,0,3,Rainy,27.65,160.22
92.68,39.4,63,1,1,Sunny,58.7,213.75
102.54,29.8,47,0,0,Sunny,49.6,202.85
115.6,33.9,37,0,5,Cloudy,78.88,252.91
115.68,22.2,23,0,0,Sunny,66.05,234.38
92.98,28.8,12,1,1,Cloudy,53.69,245.11
92.72,36.2,35,0,4,Sunny,35.1,153.66
97.88,30.1,15,1,5,Rainy,48.03,231.56
116.24,34.1,12,0,5,Cloudy,82.48,281.39
93.87,34.9,29,0,2,Sunny,39.31,180.07
111.6,25.1,24,0,4,Cloudy,52.93,202.61
93.03,37.5,42,0,5,Rainy,14.52,124.86
108.69,29.2,11,0,2,Rainy,29.53,170.35
100.68,24.2,81,0,0,Sunny,40.66,167.27
113.67,37.3,43,0,1,Sunny,69.25,208.42
97.01,28.4,78,1,5,Sunny,68.77,235.87
109.18,35.0,76,1,3,Sunny,75.85,233.52
97.07,31.0,24,1,1,Sunny,64.27,248.11
111.41,27.6,85,0,4,Cloudy,42.96,150.0
116.21,36.2,15,0,2,Sunny,85.17,276.59
93.8,31.7,20,0,1,Sunny,40.23,190.5
116.0,27.8,46,0,2,Sunny,60.05,214.6
107.81,22.2,100,1,4,Sunny,58.26,184.33
93.81,37.9,94,1,4,Sunny,47.3,170.08
102.83,20.7,56,0,1,Cloudy,32.67,145.93
94.83,37.3,41,1,5,Rainy,37.61,188.32
111.01,27.2,56,0,3,Cloudy,45.82,190.21
112.77,32.8,13,0,5,Sunny,89.3,281.49
93.17,38.4,39,1,6,Rainy,32.82,153.14
105.18,23.0,71,0,3,Sunny,39.06,170.66
114.44,31.3,99,0,2,Sunny,49.75,166.01
118.08,35.3,11,0,1,Sunny,82.48,246.72
105.41,35.2,6,0,0,Sunny,71.89,237.78
118.51,30.5,29,0,4,Cloudy,69.39,226.98
106.07,32.5,80,0,5,Rainy,19.25,119.64
101.83,35.2,98,0,2,Cloudy,19.68,103.25
115.45,36.8,98,0,4,Sunny,57.34,172.09
104.79,35.2,97,0,2,Sunny,35.97,148.55
104.16,27.1,45,1,1,Sunny,67.27,243.09
104.71,39.9,79,0,2,Rainy,8.78,108.89
115.4,28.7,56,0,2,Sunny,62.36,196.15
114.96,20.5,91,0,6,Sunny,72.53,217.59
102.11,27.3,85,1,0,Sunny,59.47,195.72
100.0,22.6,81,0,2,Cloudy,19.96,136.13
104.76,22.4,69,1,3,Cloudy,65.36,220.23
107.18,25.6,81,0,2,Sunny,45.86,176.78
97.15,21.1,42,0,2,Cloudy,19.81,144.1
113.82,33.8,71,0,1,Cloudy,51.33,185.36
104.59,21.5,84,0,2,Cloudy,18.7,113.72
100.02,24.1,46,0,6,Rainy,31.43,168.24
93.2,21.9,75,0,0,Rainy,0.0,94.95
97.17,21.3,58,0,1,Sunny,37.62,161.06
118.48,25.4,71,0,6,Cloudy,70.99,213.77
99.15,31.4,82,0,4,Cloudy,26.64,126.25
95.07,39.3,68,0,3,Sunny,29.37,150.41
103.82,37.5,84,0,3,Rainy,5.06,93.99
99.21,37.5,8,0,4,Sunny,56.59,225.16
91.05,23.5,35,0,2,Cloudy,11.25,124.87
99.69,25.3,17,0,0,Sunny,56.99,230.74
106.32,21.5,31,0,0,Cloudy,53.58,194.02
106.55,35.6,63,0,0,Sunny,52.76,194.73
100.7,21.4,69,0,0,Sunny,41.83,173.65
103.42,31.1,68,1,6,Sunny,87.29,255.58
118.97,25.0,29,0,2,Sunny,79.1,241.29
101.32,24.9,41,0,4,Rainy,14.21,133.13
97.75,39.8,79,0,6,Sunny,44.23,174.69
97.3,35.1,77,0,6,Sunny,37.86,168.83
103.73,36.7,75,1,4,Cloudy,54.96,201.69
112.79,31.4,18,0,3,Sunny,70.63,238.23
96.18,37.4,98,0,4,Sunny,14.82,108.22
111.28,32.9,28,0,0,Sunny,67.72,236.9
90.63,38.9,71,0,2,Cloudy,13.71,116.75
102.57,25.6,52,0,6,Rainy,26.68,139.94
113.28,31.9,95,0,1,Rainy,16.67,112.29
100.16,33.8,69,0,1,Rainy,0.0,94.26
106.91,27.9,42,0,0,Cloudy,52.3,217.57
96.15,37.6,94,0,5,Rainy,7.77,92.68
112.26,39.6,74,0,3,Sunny,61.98,213.12
91.57,29.9,63,0,6,Sunny,40.25,177.09
115.58,27.8,16,0,1,Sunny,80.29,261.92
95.95,29.4,58,0,5,Sunny,41.75,181.05
116.23,37.1,55,0,0,Rainy,28.26,142.09
100.58,32.9,42,0,6,Sunny,55.98,203.22
111.68,20.9,50,0,6,Cloudy,68.4,218.83
99.58,30.8,14,0,6,Sunny,64.22,232.33
117.18,20.3,13,0,2,Sunny,79.25,245.12
93.8,35.6,91,0,1,Sunny,22.95,135.21
95.36,26.6,98,0,0,Sunny,21.17,111.67
104.79,29.4,56,0,1,Rainy,8.38,118.38
92.46,36.0,55,0,2,Cloudy,29.99,153.45
95.88,20.9,26,0,4,Cloudy,36.17,174.93
118.31,23.2,77,0,4,Sunny,72.22,206.28
119.29,28.0,87,0,2,Sunny,57.26,177.25
101.29,24.6,76,1,2,Sunny,56.83,197.41
117.7,26.8,72,0,4,Cloudy,54.96,184.13
106.34,40.0,9,0,2,Sunny,74.05,246.01
98.09,36.5,87,0,6,Cloudy,43.85,154.94
111.07,37.7,86,0,2,Cloudy,38.21,154.47
109.77,38.7,33,0,2,Sunny,60.68,224.74
119.67,26.8,87,0,4,Cloudy,52.96,167.49
97.95,25.9,10,0,4,Cloudy,49.5,202.07
110.16,24.7,73,0,5,Sunny,68.6,213.69
91.56,36.6,62,1,1,Cloudy,39.91,174.53
93.41,33.6,47,0,4,Cloudy,31.54,155.35
90.12,24.7,73,1,1,Sunny,48.0,192.28
119.98,27.5,76,1,6,Sunny,100.0,278.48
114.07,30.1,95,0,6,Sunny,70.71,191.8
113.6,30.6,41,0,4,Rainy,39.86,169.86
105.29,37.8,62,0,3,Sunny,43.26,158.58
99.0,27.6,41,1,1,Sunny,77.45,252.48
94.54,38.2,86,0,2,Sunny,31.31,127.73
98.54,28.8,30,0,3,Sunny,48.01,182.33
101.28,34.9,46,0,5,Sunny,68.67,209.16
112.69,38.6,20,0,4,Sunny,71.3,259.21
106.19,38.2,26,0,4,Sunny,63.86,216.02
92.32,21.1,27,0,5,Rainy,23.35,151.0
90.54,24.1,51,1,3,Rainy,19.82,145.66
93.07,29.5,71,0,0,Sunny,26.01,137.26
102.31,28.6,7,1,6,Rainy,65.79,254.89
118.0,32.8,16,0,2,Sunny,79.98,260.56
109.12,38.9,27,1,1,Cloudy,79.24,260.5
114.05,22.2,15,0,3,Sunny,76.49,256.94
103.99,29.0,56,0,1,Sunny,40.07,170.8
100.85,23.8,54,0,4,Sunny,41.39,172.91
93.25,37.9,61,0,0,Sunny,35.82,164.1
116.28,39.3,68,1,5,Cloudy,87.5,253.49
113.49,29.6,50,0,0,Sunny,71.31,226.75
95.04,22.1,33,0,1,Sunny,36.6,163.77
105.37,35.7,74,0,5,Rainy,29.33,138.84
104.62,33.9,50,0,6,Cloudy,56.69,196.94
108.75,27.1,20,0,4,Sunny,65.9,242.05
118.39,37.7,55,0,5,Sunny,80.19,230.14
107.39,39.5,15,0,6,Rainy,47.64,199.45
106.21,31.2,15,0,5,Sunny,74.77,247.88
91.51,31.3,67,1,0,Cloudy,33.98,168.04
91.89,26.0,57,0,2,Cloudy,20.03,122.34
95.62,31.7,93,0,4,Sunny,23.7,121.19
90.97,28.8,62,0,3,Rainy,0.0,94.63
112.3,26.0,23,0,3,Sunny,58.6,226.37
111.7,21.3,36,0,3,Rainy,30.86,155.71
94.08,25.1,54,0,2,Cloudy,23.11,129.14
115.08,24.0,76,1,4,Cloudy,69.78,226.41
94.64,30.8,59,0,5,Rainy,11.54,105.12
99.04,32.0,80,0,1,Cloudy,29.67,134.23
97.47,32.2,45,0,1,Cloudy,31.42,157.14
101.17,27.8,74,0,4,Sunny,40.22,165.32
97.64,28.4,25,1,2,Rainy,38.42,179.32
104.67,36.7,30,1,4,Cloudy,68.26,240.5
102.22,29.5,5,0,1,Rainy,20.49,159.59
119.6,39.8,85,0,4,Rainy,26.76,123.78
91.68,28.8,31,0,3,Sunny,37.6,174.31
94.27,33.0,54,0,6,Sunny,41.97,180.65
91.58,21.0,70,0,5,Rainy,2.82,91.02
108.78,33.1,69,0,4,Cloudy,42.12,163.41
91.64,37.0,14,0,5,Sunny,68.31,248.05
115.09,38.8,99,0,0,Sunny,54.8,172.39
105.36,39.9,41,0,4,Sunny,56.53,216.95
105.81,25.6,73,0,1,Cloudy,45.27,156.88
106.85,31.5,45,0,6,Cloudy,64.71,216.79
95.12,29.0,50,0,1,Sunny,41.33,180.61
95.93,31.3,81,0,6,Sunny,42.56,155.36
99.56,23.1,49,0,5,Cloudy,43.32,176.6
107.8,37.1,92,0,1,Rainy,10.42,107.85
96.3,38.2,31,0,3,Sunny,54.27,200.98
93.49,29.0,69,0,1,Rainy,2.1,98.14
119.1,25.6,88,0,0,Sunny,65.54,204.95
90.66,22.8,12,0,4,Rainy,3.96,126.73
114.08,33.7,71,0,2,Cloudy,42.07,165.54
113.64,26.2,53,0,1,Rainy,25.45,136.11
98.92,38.2,100,0,4,Cloudy,19.46,115.88
94.07,33.4,93,0,3,Sunny,20.85,105.99
94.37,32.9,93,0,4,Rainy,0.0,81.63
110.92,31.2,18,0,1,Cloudy,53.54,208.22
109.28,20.9,66,0,1,Sunny,53.48,185.11
113.48,38.6,47,0,5,Sunny,77.29,239.01
118.12,32.6,31,1,6,Sunny,100.0,303.5
110.76,39.9,100,0,1,Cloudy,38.85,157.43
94.68,30.7,31,0,0,Cloudy,28.56,161.8
97.3,34.2,72,1,4,Cloudy,48.63,180.77
115.27,21.1,79,0,5,Sunny,66.08,192.94
96.28,32.6,52,0,6,Sunny,44.89,189.07
92.18,35.3,71,0,2,Sunny,22.54,131.47
111.1,35.6,29,0,0,Sunny,58.03,213.11
102.08,35.4,68,0,2,Rainy,7.15,104.34
117.6,24.5,28,1,1,Rainy,62.6,239.81
109.51,39.5,13,0,2,Sunny,68.33,238.22
92.71,39.9,12,0,2,Cloudy,38.16,182.37
118.44,21.5,99,1,0,Cloudy,64.34,190.83
97.76,38.7,63,0,0,Sunny,31.25,141.11
100.12,25.8,21,0,4,Rainy,14.89,138.54
102.07,33.8,47,0,2,Sunny,42.9,187.32
91.54,26.8,99,0,0,Cloudy,4.55,80.0
104.9,39.4,72,0,4,Cloudy,38.72,160.79
93.7,22.0,8,0,2,Sunny,39.37,200.86
102.03,30.0,12,0,6,Sunny,72.75,253.0
100.52,28.6,46,0,2,Sunny,51.77,210.98
113.19,26.5,53,0,5,Sunny,84.24,250.67
114.1,32.9,10,0,1,Sunny,74.73,253.26
94.6,22.6,77,0,6,Rainy,19.87,119.21
101.0,34.3,46,0,0,Cloudy,32.44,176.32
101.2,39.6,76,0,3,Rainy,2.86,101.9
94.54,36.1,36,1,6,Rainy,35.16,168.62
113.95,37.2,19,0,5,Cloudy,82.4,280.69
111.22,27.2,86,0,0,Sunny,65.03,203.04
95.71,26.5,91,0,5,Cloudy,40.49,153.41
101.0,30.3,73,0,1,Sunny,43.83,171.55
93.17,20.9,31,0,5,Sunny,52.42,196.19
108.85,38.9,70,0,5,Cloudy,56.43,193.15
93.64,22.9,63,0,4,Cloudy,27.14,139.89
119.58,38.1,32,0,6,Sunny,98.51,283.44
113.42,21.7,28,0,0,Sunny,72.15,248.53
101.71,36.5,55,0,6,Sunny,61.77,206.57
107.36,23.0,25,0,2,Cloudy,58.81,219.16
117.34,20.8,35,1,3,Rainy,67.03,240.77
106.62,34.4,79,0,4,Cloudy,28.73,144.76
95.23,25.6,54,0,6,Rainy,17.79,140.16
101.36,34.3,96,1,0,Sunny,56.13,188.16
115.29,31.1,44,1,4,Sunny,87.08,266.72
109.33,22.2,72,0,6,Cloudy,63.78,219.04
109.52,38.6,20,0,2,Sunny,66.84,214.67
116.0,29.0,80,0,5,Sunny,81.54,238.71
116.82,34.7,90,0,3,Cloudy,46.39,162.34
117.59,30.0,67,0,6,Rainy,47.59,181.72
92.85,32.1,60,0,6,Sunny,47.45,180.74
106.32,26.1,84,0,2,Rainy,17.6,124.93
112.22,24.0,28,0,3,Cloudy,63.63,228.88
112.71,30.9,32,1,4,Sunny,87.17,264.54
108.2,28.8,97,0,5,Cloudy,46.84,149.09
95.0,27.8,89,0,5,Rainy,4.42,86.74
113.92,33.5,93,0,0,Cloudy,43.08,160.9
111.6,33.8,35,0,3,Cloudy,52.18,211.89
92.58,20.9,19,1,2,Cloudy,52.77,215.13
103.91,26.8,46,0,3,Cloudy,48.91,172.35
95.22,28.2,54,0,6,Sunny,58.25,206.29
100.12,21.9,90,0,4,Sunny,25.36,125.99
90.54,24.7,9,0,5,Sunny,49.5,210.74
102.01,21.0,52,0,4,Sunny,44.45,170.2
106.5,39.9,17,0,4,Rainy,20.75,163.39
108.59,34.7,36,0,6,Rainy,35.76,164.85
109.9,21.7,71,0,0,Sunny,55.31,191.53
115.09,20.4,83,0,4,Cloudy,47.54,171.28
96.46,34.4,95,0,0,Sunny,17.59,113.56
93.61,28.8,95,0,6,Cloudy,32.77,130.53
115.55,35.7,34,0,6,Cloudy,76.01,237.43
94.7,38.5,10,0,1,Sunny,46.46,210.45
119.24,32.0,29,0,3,Rainy,50.25,205.37
115.28,23.7,32,0,5,Rainy,55.37,211.34
105.03,35.6,66,0,5,Sunny,62.53,213.56
119.44,39.1,26,0,2,Cloudy,68.89,238.74
92.92,31.6,72,0,5,Sunny,45.63,168.17
99.09,33.6,19,0,0,Sunny,50.77,211.04
109.15,26.7,30,1,5,Rainy,63.58,238.04
100.5,27.6,67,0,0,Cloudy,24.77,139.89
117.85,34.7,22,0,5,Sunny,100.0,286.94
91.97,38.6,77,1,2,Cloudy,42.62,165.38
106.48,32.6,67,0,3,Rainy,15.68,126.77
107.73,35.8,66,0,4,Rainy,14.36,116.66
109.58,23.4,72,0,3,Sunny,57.45,176.86
97.67,24.2,52,0,0,Rainy,8.85,103.96
100.94,30.6,54,0,6,Rainy,22.99,128.83
115.31,23.5,67,1,4,Cloudy,78.62,251.56
95.85,32.7,73,0,1,Sunny,29.75,141.66
114.81,25.8,10,0,2,Sunny,72.78,251.28
106.88,35.8,62,0,3,Sunny,51.39,183.68
112.87,36.2,55,0,4,Sunny,68.22,211.83
111.41,29.3,16,0,2,Rainy,37.83,191.17
96.23,23.6,99,0,3,Rainy,0.0,80.72
107.06,32.9,51,0,0,Sunny,53.28,189.77
116.03,39.9,13,0,0,Cloudy,76.13,266.75
102.96,32.5,11,1,6,Cloudy,87.51,292.99
119.0,20.7,33,0,0,Cloudy,68.5,224.97
103.57,20.3,82,0,1,Sunny,40.1,153.88
94.28,26.4,55,0,5,Sunny,55.32,194.14
101.68,23.9,88,0,0,Sunny,41.2,157.66
118.55,36.3,59,0,0,Sunny,63.12,197.69
99.59,36.9,100,0,5,Sunny,49.09,157.72
116.04,25.2,63,0,0,Cloudy,57.75,203.8
116.44,26.5,60,0,4,Sunny,74.62,216.62
100.51,24.7,26,1,6,Sunny,87.61,278.12
92.5,38.2,22,0,2,Rainy,12.82,127.27
111.74,30.1,62,0,1,Cloudy,51.35,193.74
99.35,33.1,44,0,3,Cloudy,30.25,160.19
113.49,28.3,93,0,5,Sunny,72.43,197.14
103.28,32.6,35,1,6,Cloudy,83.47,259.4
104.56,27.7,60,0,6,Sunny,60.59,204.17
113.34,26.8,39,0,5,Cloudy,74.75,221.6
101.47,32.7,30,0,5,Sunny,78.75,242.94
103.29,31.8,72,0,1,Cloudy,30.93,138.07
101.29,25.9,88,0,2,Rainy,4.16,98.77
101.02,23.0,38,1,6,Sunny,79.66,254.77
105.78,27.4,80,0,0,Sunny,41.82,165.54
114.26,28.3,20,0,5,Sunny,94.45,281.22
100.85,32.6,46,0,0,Cloudy,38.76,177.73
105.73,38.3,9,0,3,Sunny,64.89,224.88
110.12,20.7,65,0,5,Rainy,44.2,166.27
98.08,24.9,48,0,6,Sunny,53.12,195.73
98.33,23.9,39,0,1,Sunny,45.06,188.03
118.0,30.0,95,0,1,Cloudy,50.96,171.82
111.71,28.6,5,0,6,Cloudy,76.7,262.1
107.32,34.6,47,1,6,Rainy,59.42,222.5
109.43,24.8,36,0,3,Sunny,68.72,230.6
90.88,31.9,67,0,1,Sunny,25.65,139.05
108.54,37.7,37,0,1,Sunny,58.29,203.31
105.29,38.2,99,0,1,Rainy,1.67,80.0
106.37,39.2,81,0,5,Cloudy,36.87,141.92
100.78,35.5,70,0,3,Rainy,10.2,94.87
92.44,38.1,34,0,5,Rainy,19.79,145.42
95.8,24.7,14,0,3,Cloudy,38.62,195.03
118.52,24.0,27,0,2,Sunny,71.35,232.35
102.26,20.1,43,0,1,Sunny,56.04,212.43
104.0,34.1,49,0,2,Sunny,49.11,192.52
91.58,38.7,33,0,4,Rainy,5.3,113.61
91.13,23.7,34,0,4,Sunny,36.43,170.79
111.52,32.7,38,1,1,Cloudy,67.8,246.96
106.14,34.9,56,0,0,Sunny,58.76,184.17
105.26,38.6,85,0,6,Sunny,62.78,204.4
97.29,32.9,26,0,4,Sunny,51.96,212.7
112.34,39.4,9,0,0,Cloudy,67.39,237.08
95.05,26.9,15,0,2,Sunny,42.08,192.51
95.7,27.0,90,0,1,Cloudy,20.89,130.62
103.82,30.9,36,0,6,Cloudy,70.96,224.24
98.59,27.7,28,0,2,Rainy,15.06,136.66
97.42,20.0,15,0,5,Rainy,32.31,180.84
109.36,34.6,15,0,2,Cloudy,54.03,216.43
109.53,35.0,21,0,3,Cloudy,47.64,200.67
114.74,34.9,36,0,1,Sunny,69.51,246.65
102.53,26.9,87,0,3,Cloudy,35.11,135.82
92.19,30.4,31,0,2,Sunny,45.71,183.27
98.21,27.2,36,0,0,Sunny,46.19,170.03
119.4,20.3,65,0,1,Cloudy,61.75,195.02
107.89,31.2,29,1,1,Sunny,77.04,253.85
111.29,22.5,68,0,4,Sunny,57.09,196.33
90.22,21.6,68,0,0,Sunny,22.31,138.83
105.55,35.1,32,0,5,Rainy,38.99,171.48
91.13,20.2,44,0,0,Sunny,32.12,159.67
107.08,39.2,95,0,2,Sunny,40.65,161.84
117.62,30.3,18,0,2,Rainy,51.02,206.33
119.05,39.7,46,0,2,Sunny,84.6,258.43
106.22,21.2,43,0,4,Rainy,20.58,149.51
103.75,31.7,6,1,0,Rainy,55.91,225.2
118.35,27.0,85,0,3,Sunny,55.82,173.91
110.21,36.9,5,0,0,Cloudy,63.35,249.5
91.95,27.2,36,0,3,Rainy,0.0,111.63
103.97,25.2,87,0,1,Cloudy,28.3,121.82
97.21,37.2,68,1,3,Sunny,58.99,198.73
104.09,27.5,82,0,6,Rainy,27.13,131.24
103.66,20.3,35,0,1,Sunny,51.1,210.64
107.46,27.8,62,0,5,Sunny,69.89,227.65
100.7,33.1,86,0,5,Rainy,21.4,129.06
94.93,25.1,82,0,6,Sunny,48.23,167.32
105.11,28.6,18,0,2,Cloudy,53.56,212.35
114.91,21.1,92,0,6,Sunny,66.81,192.88
109.92,31.8,73,1,0,Cloudy,59.54,202.34
100.15,35.1,20,0,2,Sunny,50.01,196.04
118.07,28.3,73,0,0,Sunny,65.04,198.6
117.37,28.4,58,0,3,Sunny,64.53,206.35
96.28,21.8,17,0,0,Sunny,52.71,210.22
91.18,24.0,84,0,3,Sunny,22.72,127.25
112.24,23.1,83,1,0,Sunny,74.37,240.7
114.83,29.6,35,0,6,Rainy,42.54,181.15
119.04,30.6,73,0,6,Cloudy,71.79,222.43
116.7,39.0,25,0,6,Sunny,90.25,273.51
108.02,21.5,34,1,6,Cloudy,97.66,301.48
105.9,32.0,27,0,1,Rainy,19.35,136.29
90.84,30.5,42,0,3,Cloudy,22.63,140.44
97.4,30.3,33,0,6,Cloudy,53.12,209.41
103.79,37.5,81,0,2,Sunny,36.52,154.89
108.86,24.1,36,0,2,Sunny,72.12,241.62
106.72,20.8,66,0,2,Sunny,60.02,211.31
112.28,33.4,95,1,2,Cloudy,55.63,173.76
98.39,26.9,49,1,1,Sunny,59.93,208.34
106.95,20.4,53,0,1,Cloudy,55.26,202.45
92.64,25.0,37,0,4,Sunny,44.84,193.72
102.41,26.2,8,0,4,Sunny,59.37,233.1
112.5,32.3,22,0,6,Sunny,89.31,296.44
110.8,23.5,74,0,4,Sunny,47.07,165.4
119.72,28.3,68,0,5,Sunny,95.16,265.25
98.34,29.6,32,1,6,Sunny,83.27,268.32
104.95,29.2,62,0,4,Cloudy,41.75,174.11
99.89,39.5,95,0,0,Cloudy,16.65,110.48
103.22,20.9,94,0,5,Sunny,45.95,156.56
115.71,39.0,60,0,3,Cloudy,57.82,202.18
110.53,31.6,24,0,2,Cloudy,68.17,236.38
116.47,35.9,81,0,0,Cloudy,47.71,171.4
96.11,28.6,96,1,5,Sunny,55.46,195.9
116.2,29.1,38,0,6,Sunny,89.43,286.81
91.79,37.6,91,0,1,Sunny,28.58,115.63
116.66,37.9,14,0,2,Cloudy,67.59,249.98
99.87,24.8,98,0,3,Cloudy,19.16,115.63
99.44,24.0,26,0,3,Cloudy,45.54,188.04
105.36,29.9,9,0,6,Sunny,85.07,270.72
118.22,38.0,48,0,6,Sunny,86.51,263.77
91.43,26.4,13,0,1,Sunny,48.73,206.62
100.57,33.0,47,0,2,Sunny,49.39,190.02
115.7,34.2,8,0,4,Sunny,81.23,261.71
101.88,35.6,46,0,2,Sunny,53.53,192.29
95.97,31.3,69,1,2,Cloudy,47.09,177.53
102.74,28.0,45,0,3,Sunny,45.38,180.11
101.57,39.3,68,0,1,Cloudy,39.37,160.83
117.46,32.2,59,0,2,Cloudy,60.22,206.73
112.86,34.6,94,0,0,Cloudy,47.97,157.75
105.15,26.9,22,0,0,Rainy,26.39,167.54
119.65,33.4,20,0,6,Sunny,99.71,287.22
103.96,25.2,91,1,1,Sunny,60.63,204.79
91.75,24.9,50,0,4,Cloudy,25.35,138.71
97.87,34.3,40,0,5,Sunny,67.44,242.53
103.08,30.4,94,0,2,Rainy,3.76,89.95
94.71,33.7,70,0,5,Sunny,45.92,179.39
118.43,25.4,48,1,2,Sunny,98.29,286.54
113.01,32.0,9,0,3,Cloudy,68.96,249.49
98.05,28.9,33,0,2,Sunny,61.95,209.99
107.72,31.9,8,0,5,Sunny,85.64,267.35
111.64,25.8,90,0,4,Rainy,21.65,116.52
118.24,34.3,53,0,2,Sunny,75.87,247.21
116.45,36.1,76,0,2,Cloudy,41.62,169.98
105.46,25.2,89,0,6,Sunny,52.8,157.65
113.24,26.0,12,1,3,Sunny,94.06,290.42
106.86,33.2,56,0,0,Sunny,46.0,179.1
106.58,33.9,73,0,0,Sunny,46.0,181.34
93.44,34.1,25,0,6,Sunny,50.81,205.91
93.78,33.7,31,0,4,Rainy,0.83,90.7
105.89,27.9,42,0,1,Cloudy,47.44,180.01
98.07,27.9,9,0,1,Cloudy,54.0,223.45
90.63,25.1,89,0,3,Sunny,12.44,104.52
111.69,23.1,65,0,5,Sunny,66.95,214.09
90.97,33.9,12,0,5,Cloudy,45.2,209.25
107.86,21.9,90,0,2,Cloudy,34.05,138.52
106.18,38.8,22,0,3,Sunny,54.95,218.51
119.06,36.5,8,0,5,Sunny,97.7,310.0
104.53,37.2,8,0,0,Sunny,60.43,231.57
91.91,38.1,41,0,6,Sunny,52.15,191.22
106.55,28.2,19,0,4,Cloudy,56.25,213.35
115.23,36.9,42,0,1,Sunny,69.49,221.85
119.91,23.2,31,0,6,Sunny,93.67,260.18
102.91,20.4,89,1,2,Cloudy,44.12,163.59
99.61,35.7,52,0,6,Sunny,59.07,210.41
117.2,21.5,50,0,1,Cloudy,55.92,200.73
95.74,39.8,50,0,0,Rainy,11.34,131.29
108.46,33.5,52,0,2,Sunny,49.6,189.44
102.17,35.1,63,0,0,Cloudy,31.08,156.51
91.23,24.9,8,0,1,Sunny,48.79,194.74
100.42,33.5,79,0,1,Sunny,34.93,144.87
97.96,20.9,23,0,0,Cloudy,43.4,189.46
110.58,36.8,61,0,2,Cloudy,56.16,188.98
118.46,23.4,23,1,0,Cloudy,94.96,306.64
98.04,33.9,95,0,2,Rainy,0.0,80.0
114.34,24.5,46,0,3,Sunny,61.94,212.59
91.66,21.4,96,0,3,Cloudy,7.75,100.02
106.14,29.6,9,1,2,Cloudy,78.73,278.32
92.12,23.4,52,0,0,Sunny,38.61,165.45
118.02,34.6,29,0,6,Rainy,54.41,201.23
112.99,24.8,71,0,6,Sunny,70.76,225.6
109.74,26.8,30,1,2,Cloudy,74.35,249.67
114.72,31.3,78,0,1,Cloudy,47.32,164.54
109.43,25.7,92,0,6,Cloudy,59.02,193.23
119.07,27.6,66,0,0,Sunny,68.28,217.37
111.42,36.3,97,1,5,Sunny,83.79,234.51
117.74,23.6,11,0,2,Sunny,87.87,280.26
105.51,21.6,48,1,1,Cloudy,71.83,243.85
93.51,26.6,91,0,4,Sunny,22.79,120.1
105.85,28.5,31,0,1,Cloudy,55.76,211.1
93.81,30.9,46,0,5,Sunny,61.05,194.59
107.77,27.4,77,0,2,Sunny,48.01,172.07
104.47,35.8,60,0,0,Sunny,45.89,172.49
108.68,20.8,7,1,0,Cloudy,91.85,290.44
90.3,28.6,17,0,3,Cloudy,35.96,175.75
95.85,27.6,74,0,5,Sunny,46.63,167.96
104.74,33.0,63,0,2,Sunny,51.46,183.75
118.52,39.3,42,0,1,Rainy,34.95,168.23
101.51,30.2,89,0,1,Sunny,41.11,148.63
102.73,39.7,87,0,5,Cloudy,34.0,146.84
111.44,26.0,93,0,2,Cloudy,44.61,164.69
108.11,20.6,72,0,1,Sunny,46.96,179.34
98.97,23.3,90,0,6,Cloudy,28.18,138.21
102.32,27.9,73,0,4,Rainy,0.0,83.95
96.53,26.3,5,0,5,Rainy,30.92,175.98
118.98,21.9,54,0,3,Cloudy,65.83,218.46
93.92,28.7,85,0,0,Cloudy,8.43,94.27
101.16,26.8,77,0,1,Sunny,32.45,135.65
90.78,22.5,13,0,4,Sunny,39.79,186.11
96.65,25.9,57,0,2,Sunny,41.92,185.03
113.41,37.7,92,0,1,Rainy,22.18,112.99
96.04,26.0,14,1,5,Sunny,85.55,275.64
92.4,34.3,88,0,2,Sunny,27.12,125.44
104.23,32.2,85,0,4,Sunny,44.29,166.67
90.3,28.5,81,0,4,Sunny,19.06,121.6
92.54,24.8,33,0,6,Sunny,58.46,219.38
114.23,27.4,40,0,0,Sunny,62.92,238.52
113.14,31.8,91,0,2,Sunny,54.85,184.8
117.45,27.0,31,0,3,Cloudy,61.05,226.59
115.64,24.3,22,0,0,Cloudy,67.57,258.5
110.5,22.3,22,0,2,Sunny,75.24,253.34
91.57,37.6,13,0,6,Cloudy,49.52,204.5
113.49,28.8,71,0,2,Cloudy,48.87,175.03
115.37,32.5,11,0,6,Sunny,95.88,300.54
113.97,29.8,62,1,4,Sunny,85.68,248.2
105.25,37.5,83,0,5,Rainy,33.65,128.5
96.99,30.9,34,0,4,Cloudy,38.54,170.81
115.36,29.6,77,0,2,Sunny,57.43,196.43
111.81,38.5,65,0,5,Sunny,72.18,227.16
119.42,34.4,95,0,5,Cloudy,61.13,186.25
94.67,22.2,86,0,4,Cloudy,10.01,108.57
96.77,23.6,99,0,6,Rainy,0.0,80.37
96.35,35.7,21,0,6,Sunny,60.92,226.91
113.78,36.7,57,1,6,Sunny,91.54,271.14
95.61,30.9,10,1,2,Cloudy,60.9,246.78
92.0,31.1,43,0,2,Sunny,32.55,168.14
119.96,32.6,29,0,5,Sunny,90.81,271.77
90.74,28.8,46,0,0,Sunny,21.8,147.75
115.06,33.6,46,0,0,Sunny,67.04,217.44
100.96,22.2,63,1,3,Rainy,18.78,139.18
115.25,39.2,42,0,0,Cloudy,63.8,222.05
106.64,35.0,35,0,1,Sunny,60.73,214.14
117.05,32.6,33,0,1,Cloudy,64.54,225.74
117.79,26.3,13,0,4,Cloudy,80.03,267.42
90.27,23.2,5,0,5,Rainy,23.96,156.97
92.26,28.2,84,1,1,Rainy,10.12,112.7
97.51,33.2,91,0,0,Sunny,32.4,155.54
110.08,32.7,76,0,5,Rainy,29.73,133.91
116.65,27.7,51,0,3,Sunny,67.12,228.55
103.8,32.3,80,0,2,Sunny,41.9,159.66
108.21,36.3,14,0,3,Sunny,61.38,237.95
95.65,20.5,20,0,0,Sunny,56.41,210.75
114.15,29.0,51,1,0,Rainy,51.73,202.66
119.02,35.2,47,0,0,Cloudy,63.43,233.35
98.06,30.9,28,1,4,Cloudy,69.11,244.02
104.84,33.0,12,0,1,Rainy,23.16,165.75
92.58,30.3,79,1,0,Sunny,52.86,195.4
106.77,39.8,30,0,2,Sunny,65.23,211.18
105.08,21.1,11,0,1,Cloudy,59.91,230.91
94.33,29.8,83,1,1,Rainy,10.72,102.9
103.26,21.8,19,0,4,Rainy,24.47,164.61
100.02,23.2,52,1,3,Sunny,62.72,222.83
105.65,27.7,7,0,5,Rainy,51.36,205.03
107.57,23.1,20,1,1,Rainy,52.31,209.64
90.25,39.3,83,0,1,Sunny,17.69,114.76
112.83,38.9,93,0,0,Cloudy,38.78,168.16
111.39,26.7,18,0,2,Sunny,71.61,257.89
100.99,32.8,92,0,0,Sunny,32.22,139.87
91.59,30.7,79,1,2,Rainy,15.89,128.23
112.65,36.3,7,0,1,Cloudy,70.91,253.96
118.66,32.5,77,1,2,Cloudy,78.91,234.27
97.2,20.0,74,0,0,Rainy,0.0,82.46
99.71,35.3,35,1,0,Sunny,64.93,241.18
95.51,34.9,84,0,3,Sunny,31.55,134.98
107.31,30.2,79,0,4,Sunny,36.77,163.21
94.65,38.1,21,0,3,Cloudy,36.54,169.44
100.69,38.2,53,1,1,Rainy,26.07,148.21
110.91,30.5,7,0,2,Cloudy,59.82,240.5
106.8,32.2,87,0,0,Rainy,6.79,91.42
101.59,39.9,92,0,0,Cloudy,24.37,121.89
102.61,26.0,59,0,0,Cloudy,36.09,165.63
106.86,26.5,76,1,5,Cloudy,76.45,243.87
90.18,23.7,44,0,0,Rainy,0.0,107.88
92.36,37.9,70,0,5,Sunny,42.02,167.94
116.44,34.9,91,1,1,Sunny,70.38,222.59
92.34,22.1,44,0,4,Sunny,28.98,158.43
111.2,39.6,34,0,3,Rainy,33.04,176.16
117.6,34.6,29,0,5,Rainy,60.86,242.89
98.12,37.0,11,1,3,Sunny,72.58,264.18
101.11,21.0,96,0,5,Rainy,17.54,101.69
107.07,30.1,54,0,0,Cloudy,37.36,173.56
116.45,34.0,85,0,0,Sunny,61.17,191.44
118.26,30.9,100,0,2,Rainy,18.13,110.33
112.19,33.3,5,0,0,Cloudy,62.13,237.26
92.6,36.4,95,0,3,Sunny,16.57,102.68
110.07,27.5,48,0,2,Sunny,60.31,206.59
102.31,37.0,53,0,6,Sunny,64.76,196.6
104.12,23.3,11,1,2,Cloudy,74.7,263.14
91.47,25.4,7,0,0,Sunny,43.66,204.57
95.73,20.9,98,0,6,Cloudy,32.36,134.36
113.72,27.3,5,0,6,Cloudy,92.51,285.33
103.62,27.6,55,0,2,Sunny,48.33,187.51
99.05,36.1,42,0,4,Cloudy,36.45,162.07
101.52,33.1,47,1,0,Rainy,30.12,157.26
115.63,28.7,59,1,4,Sunny,83.79,260.53
112.47,33.0,61,0,0,Cloudy,56.65,201.11
98.17,21.1,57,0,5,Rainy,26.45,148.19
93.53,23.6,37,0,4,Sunny,38.18,172.82
97.56,32.5,84,0,6,Sunny,48.59,179.21
117.62,32.8,66,0,0,Cloudy,61.24,193.24
107.45,35.5,15,0,3,Cloudy,54.44,213.11
106.0,28.1,76,0,5,Sunny,54.68,191.4
107.89,34.5,56,1,5,Sunny,93.48,282.15
100.98,33.7,5,0,5,Cloudy,69.45,241.34
114.21,39.3,18,0,0,Sunny,79.67,276.54
105.7,24.3,98,1,3,Cloudy,47.28,170.05
93.5,31.0,89,0,1,Cloudy,21.17,119.31
93.87,32.0,25,0,5,Sunny,59.73,227.84
106.11,40.0,38,0,1,Sunny,52.02,212.05
118.1,24.0,94,0,0,Cloudy,40.97,152.23
99.25,30.5,18,0,5,Cloudy,56.99,227.97
116.09,26.9,44,0,3,Rainy,37.05,166.05
112.92,30.5,39,0,3,Sunny,66.24,238.09
97.43,24.6,46,0,5,Cloudy,57.32,205.48
91.09,21.0,86,0,6,Sunny,37.86,152.65
93.06,31.5,24,0,2,Rainy,2.52,114.76
111.85,26.7,64,0,2,Sunny,47.23,179.74
95.99,23.6,13,0,5,Cloudy,56.26,213.93
101.14,26.5,37,0,6,Sunny,70.55,232.99
105.05,21.0,53,0,4,Sunny,61.0,208.43
111.76,39.0,72,0,2,Sunny,55.03,179.61
93.4,31.6,8,0,0,Sunny,56.31,217.78
102.19,36.3,52,0,2,Sunny,40.89,155.81
104.55,28.5,20,1,2,Sunny,79.11,257.47
106.22,38.1,51,0,6,Sunny,63.97,214.52
114.55,29.7,30,0,0,Sunny,76.79,255.89
95.15,31.5,74,0,0,Cloudy,14.02,110.38
114.23,29.8,41,0,6,Cloudy,76.06,241.17
110.79,34.7,26,0,4,Sunny,62.17,233.2
106.68,31.3,11,1,3,Sunny,95.5,308.07
110.99,25.4,46,0,2,Sunny,60.81,218.0
102.36,22.9,34,1,5,Sunny,90.23,281.37
94.15,32.1,78,0,5,Sunny,33.88,143.07
109.97,29.8,83,0,1,Sunny,42.59,163.32
105.74,21.9,10,0,3,Rainy,26.74,178.4
109.18,27.9,28,0,0,Rainy,34.62,187.78
100.14,30.3,70,0,5,Sunny,57.51,212.76
117.21,36.5,44,0,6,Cloudy,83.04,264.7
107.62,21.5,19,0,2,Sunny,58.18,220.58
92.56,27.0,57,0,4,Sunny,34.28,148.58
103.49,36.5,89,0,6,Rainy,15.74,113.65
112.69,33.0,86,0,1,Sunny,49.2,179.32
113.82,25.8,9,0,3,Cloudy,65.35,217.7
104.84,36.9,93,1,2,Cloudy,48.77,164.46
116.84,29.9,40,1,0,Cloudy,86.57,267.17
98.03,30.0,78,0,3,Sunny,39.26,150.52
102.32,39.5,50,0,6,Cloudy,56.08,188.08
116.96,38.9,27,0,6,Sunny,95.5,286.45
116.89,27.2,92,0,1,Sunny,66.85,209.25
110.57,22.8,49,0,0,Rainy,29.64,152.35
115.77,26.5,14,0,1,Cloudy,68.38,227.81
92.66,20.6,58,1,2,Rainy,19.5,142.75
115.95,20.4,74,0,3,Sunny,70.26,205.59
99.62,27.9,81,0,4,Sunny,30.78,131.83
95.35,38.8,89,0,6,Cloudy,29.17,140.68
97.18,37.4,36,0,2,Sunny,52.22,210.6
102.54,30.2,47,0,5,Cloudy,53.26,195.05
97.54,31.3,19,0,2,Rainy,19.43,156.31
99.62,20.1,70,0,4,Rainy,9.87,99.17
94.05,24.3,19,0,4,Cloudy,29.09,172.1
98.89,20.5,85,0,5,Sunny,45.79,161.84
107.17,35.1,24,0,5,Rainy,49.58,191.63
103.26,22.9,54,0,0,Cloudy,38.05,159.24
100.4,37.4,10,0,1,Rainy,12.51,145.8
112.39,32.9,83,1,2,Cloudy,61.14,191.71
116.81,24.6,21,0,0,Rainy,47.88,198.43
112.7,23.2,30,0,5,Sunny,91.44,283.14
99.96,32.6,26,1,0,Cloudy,62.39,230.37
112.33,38.0,77,0,2,Sunny,57.82,178.24
94.56,34.4,68,0,1,Cloudy,19.59,124.05
93.91,27.0,80,0,4,Cloudy,21.38,128.91
100.37,31.7,90,0,2,Sunny,40.68,142.84
114.23,26.2,62,0,1,Cloudy,56.59,205.35
97.39,40.0,91,0,4,Sunny,28.19,136.36
91.9,35.0,41,0,6,Sunny,52.72,202.19
93.95,32.3,82,1,6,Sunny,66.09,217.58
115.76,28.5,92,1,6,Sunny,91.18,254.15
109.01,32.4,76,1,3,Sunny,74.72,234.18
97.6,26.8,94,1,2,Sunny,50.05,178.65
106.66,20.6,100,0,6,Sunny,62.09,193.82
105.83,27.9,32,0,5,Sunny,77.64,259.1
109.66,38.6,100,0,2,Sunny,42.0,144.04
97.0,32.5,90,0,5,Cloudy,40.52,147.31
115.93,21.7,53,0,1,Cloudy,60.3,203.91
99.28,37.7,77,0,0,Rainy,0.12,81.85
110.82,25.4,71,1,0,Sunny,68.17,231.27
90.48,24.9,93,0,1,Rainy,0.0,80.0
101.18,25.9,80,0,2,Sunny,46.94,173.84
100.55,31.5,97,0,2,Sunny,18.08,120.14
106.3,30.9,71,0,5,Sunny,49.71,174.34
92.18,29.8,45,1,2,Sunny,58.61,229.77
113.7,34.4,50,0,3,Sunny,66.74,229.38
96.53,26.3,91,0,5,Cloudy,35.86,141.26
110.31,35.6,91,1,0,Rainy,30.53,151.01
114.1,23.5,59,0,6,Rainy,32.74,147.81
106.86,35.7,86,0,3,Cloudy,30.32,127.77
112.23,33.3,15,0,2,Cloudy,71.64,242.74
109.86,33.7,30,0,6,Sunny,78.53,262.15
100.67,29.6,76,0,0,Rainy,0.98,85.11
114.27,33.3,96,1,6,Cloudy,64.45,203.35
98.84,21.6,86,1,5,Sunny,58.44,189.16
107.14,37.0,17,0,2,Cloudy,61.16,233.51
112.36,21.1,40,0,5,Sunny,80.25,256.09
101.37,23.0,68,1,2,Cloudy,56.61,197.26
99.08,31.5,55,0,1,Rainy,3.36,85.0
103.78,34.8,80,1,0,Cloudy,44.33,171.9
114.54,21.5,26,0,2,Rainy,37.7,183.41
117.9,38.4,64,0,4,Rainy,29.78,146.5
106.35,39.5,6,0,4,Sunny,63.56,237.06
109.84,32.1,60,0,6,Sunny,67.73,219.71
117.1,29.6,44,0,6,Sunny,86.77,255.1
92.96,34.8,32,0,5,Rainy,17.38,130.24
96.96,26.6,81,0,2,Sunny,26.48,138.08
111.27,29.9,7,0,6,Cloudy,88.82,274.3
114.71,38.3,67,0,1,Sunny,64.26,197.55
115.71,39.1,27,0,5,Cloudy,81.26,261.77
102.45,38.5,59,0,2,Sunny,45.65,168.82
92.68,25.2,36,1,6,Sunny,76.55,248.24
103.13,24.6,88,1,6,Sunny,75.96,240.37
96.92,26.0,32,1,4,Cloudy,50.61,222.81
98.74,28.8,12,0,0,Sunny,46.84,212.85
113.17,26.3,7,0,6,Rainy,46.28,210.88
92.27,27.5,98,0,1,Sunny,27.96,135.58
114.83,32.4,93,0,2,Cloudy,42.11,170.01
102.83,35.3,57,0,6,Rainy,30.11,159.44
107.88,34.7,98,1,4,Cloudy,53.43,184.19
92.69,36.3,33,0,6,Sunny,58.7,221.14
100.12,20.6,98,0,6,Rainy,10.46,91.11
92.69,21.0,93,0,0,Sunny,14.5,105.76
118.85,35.8,85,0,4,Sunny,57.58,187.68
114.22,30.7,63,1,5,Sunny,95.67,274.61
103.79,31.6,28,0,1,Sunny,49.36,197.32
96.71,21.1,42,0,5,Cloudy,43.19,192.05
118.0,25.1,32,0,3,Cloudy,61.41,211.92
100.34,32.8,66,0,2,Sunny,39.06,163.5
94.83,37.2,55,0,5,Sunny,48.26,174.06
106.89,38.3,11,0,0,Sunny,67.64,225.19
118.31,30.0,27,0,1,Sunny,83.64,271.62
90.11,30.9,50,0,6,Sunny,43.96,189.41
97.14,36.7,94,0,6,Sunny,35.0,137.12
118.15,30.8,82,1,1,Cloudy,62.39,206.7
95.13,30.3,32,0,6,Cloudy,48.91,194.72
93.4,38.1,28,0,6,Sunny,53.37,204.76
107.11,35.8,11,0,3,Rainy,31.57,172.42
115.86,38.2,83,0,3,Sunny,60.53,196.14
104.31,24.4,53,0,2,Cloudy,47.79,181.47
119.84,30.5,7,0,5,Sunny,93.92,293.87
110.38,36.8,6,1,2,Cloudy,78.7,287.0
92.22,22.2,11,0,5,Sunny,59.61,229.91
119.78,35.9,84,0,5,Cloudy,63.78,198.8
102.24,23.7,25,0,6,Sunny,63.41,222.07
98.62,36.2,13,0,1,Sunny,60.58,227.43
106.74,32.2,16,0,5,Cloudy,65.06,220.75
99.13,23.9,97,0,2,Cloudy,13.05,112.3
92.59,29.5,28,0,2,Sunny,34.75,165.89
90.04,33.6,37,0,3,Sunny,39.39,162.06
103.49,32.7,82,0,1,Sunny,37.15,150.04
115.11,28.5,47,0,4,Sunny,61.63,215.27
107.17,38.0,86,0,4,Sunny,40.75,165.95
119.98,30.4,9,1,0,Sunny,100.0,312.46
98.61,30.1,83,0,3,Cloudy,27.47,140.34
98.41,21.2,75,0,0,Cloudy,29.16,147.43
94.79,38.4,93,0,1,Cloudy,10.4,103.88
94.92,23.5,18,0,6,Cloudy,49.33,195.72
98.56,30.6,40,1,4,Cloudy,66.35,238.51
113.79,36.1,39,0,6,Sunny,88.96,254.54
117.17,24.3,54,0,4,Rainy,33.3,173.9
119.25,30.5,92,0,4,Cloudy,39.8,156.23
96.97,24.8,83,0,0,Sunny,28.26,129.37
116.44,35.2,15,0,6,Rainy,53.53,216.85
99.85,31.3,28,0,2,Sunny,47.06,187.62
93.39,37.1,79,0,0,Cloudy,11.55,93.85
116.1,37.9,48,1,6,Sunny,100.0,298.01
109.08,33.0,55,0,4,Rainy,22.47,130.11
94.94,34.5,21,0,3,Cloudy,32.45,171.47
102.89,31.0,74,0,3,Cloudy,25.75,136.0
98.62,27.7,89,0,5,Cloudy,35.33,142.64
112.1,33.0,12,0,6,Cloudy,77.06,249.49
103.6,38.2,83,0,0,Sunny,31.02,139.81
119.68,28.3,100,0,5,Rainy,42.56,152.78
91.64,26.3,78,0,5,Sunny,35.42,156.73
100.65,27.8,32,0,0,Rainy,15.03,155.61
104.46,28.7,83,0,5,Cloudy,45.69,149.92
105.09,21.5,16,0,1,Sunny,62.76,223.59
99.48,30.0,47,1,0,Sunny,65.85,231.81
111.88,29.9,86,0,5,Sunny,60.49,198.97
116.24,31.8,41,0,5,Rainy,53.63,203.8
118.16,27.3,92,1,0,Sunny,77.92,238.24
114.15,32.3,67,0,4,Sunny,66.55,199.45
115.52,37.6,97,0,5,Sunny,73.25,205.81
106.52,39.1,67,0,2,Sunny,56.29,204.51
114.78,31.7,14,0,4,Sunny,73.27,243.01
99.11,20.9,82,0,2,Sunny,40.49,133.69
101.95,39.4,84,0,4,Rainy,3.2,82.23
99.51,34.1,41,0,6,Cloudy,55.41,207.74
104.02,26.7,15,0,4,Rainy,29.9,170.76
98.57,22.9,94,0,1,Cloudy,21.95,107.22
118.85,22.9,23,0,5,Sunny,90.93,271.4
99.39,23.4,56,1,6,Rainy,47.05,181.05
92.94,20.9,22,0,2,Sunny,44.57,184.52
105.8,38.0,98,0,4,Sunny,31.94,126.46
91.71,30.8,36,0,4,Sunny,34.35,169.68
93.32,34.0,27,0,2,Cloudy,25.81,138.85
96.58,36.6,16,1,6,Sunny,77.94,278.22
103.93,35.8,62,0,1,Cloudy,41.56,167.98
103.0,37.7,81,0,2,Rainy,0.0,80.0
113.99,39.3,25,0,1,Cloudy,56.88,207.1
112.18,28.8,25,0,6,Sunny,95.67,279.62
102.79,39.0,97,0,1,Cloudy,22.84,117.67
100.01,34.5,97,0,3,Rainy,0.0,80.0
99.49,21.4,95,0,1,Sunny,36.37,141.41
113.22,33.6,33,0,3,Sunny,73.8,235.3
91.56,33.7,83,0,5,Sunny,38.19,152.16
90.38,38.1,51,0,0,Sunny,30.09,137.07
113.87,27.5,16,0,1,Cloudy,68.69,230.91
104.31,31.7,62,0,2,Cloudy,36.75,154.74
93.93,20.2,45,0,3,Sunny,40.86,165.32
97.07,26.6,23,0,6,Cloudy,52.41,206.08
117.98,21.2,16,0,6,Cloudy,86.43,261.88
115.79,30.4,27,0,0,Cloudy,74.99,260.18
111.29,36.3,9,0,5,Sunny,86.84,265.15
104.47,24.1,30,0,0,Sunny,57.8,226.12
105.61,30.5,67,0,1,Sunny,50.47,166.3
119.26,24.1,56,0,2,Rainy,39.56,184.25
118.97,22.4,14,0,1,Cloudy,75.72,258.98
96.46,30.2,90,0,4,Sunny,21.44,124.92
114.33,21.6,43,1,0,Sunny,89.41,263.52
95.92,31.7,27,0,4,Cloudy,36.99,175.5
96.41,20.6,15,0,4,Sunny,55.81,215.9
110.28,22.1,96,1,3,Sunny,70.32,212.77
102.15,31.0,99,0,6,Sunny,54.55,183.88
117.95,31.8,76,0,4,Sunny,59.1,198.92
92.67,20.6,52,0,0,Sunny,28.43,148.84
105.35,31.5,96,0,0,Sunny,40.86,158.54
117.56,36.8,20,0,2,Cloudy,76.0,261.26
117.12,34.4,50,0,1,Rainy,34.68,157.89
94.7,22.6,51,1,2,Sunny,53.04,200.2
101.0,31.8,99,0,2,Sunny,23.79,135.62
108.57,33.4,52,0,6,Sunny,74.08,230.42
94.78,20.7,84,0,1,Sunny,26.41,125.39
119.04,37.1,73,1,0,Cloudy,74.49,231.35
117.44,38.1,29,0,3,Sunny,81.99,266.68
95.01,37.0,81,0,6,Sunny,42.78,167.25
93.63,36.5,97,0,4,Cloudy,11.36,95.94
92.56,34.9,95,0,3,Cloudy,14.84,109.11
117.28,32.7,85,0,4,Sunny,71.38,212.98
95.81,33.6,41,0,1,Sunny,39.19,173.91
102.49,36.1,67,0,1,Cloudy,29.25,141.75
103.47,33.2,33,0,2,Sunny,50.35,200.32
107.97,26.6,62,0,5,Sunny,70.74,218.0
92.15,27.5,98,0,5,Cloudy,18.38,109.64
96.8,37.9,35,0,1,Sunny,42.84,184.21
117.94,20.3,90,0,4,Rainy,23.49,110.68
117.25,34.0,93,0,5,Cloudy,70.76,201.63
113.44,39.1,72,0,3,Sunny,64.52,203.07
90.58,34.1,45,1,6,Cloudy,49.69,216.82
99.81,39.9,54,0,3,Cloudy,41.44,171.31
108.84,33.8,48,0,3,Sunny,52.78,198.19
98.26,20.7,13,0,5,Sunny,69.29,260.42
117.29,36.5,63,0,6,Cloudy,67.86,203.01
109.02,25.7,94,0,3,Cloudy,33.38,125.82
92.16,28.9,95,0,2,Sunny,14.83,97.97
117.27,26.2,31,0,5,Sunny,99.98,286.8
118.73,25.4,86,0,3,Rainy,26.6,128.02
92.33,28.6,98,0,4,Cloudy,10.23,90.32
105.97,27.6,63,0,2,Cloudy,34.69,146.08
99.1,32.7,99,0,6,Cloudy,26.88,131.67
101.79,36.3,7,1,2,Sunny,78.36,268.91
95.39,25.9,97,1,5,Rainy,26.59,143.84
107.34,24.3,11,1,2,Sunny,87.11,278.15
118.74,33.3,86,0,1,Cloudy,57.18,200.6
105.09,33.4,20,0,2,Sunny,62.26,213.74
92.49,38.0,53,0,4,Rainy,0.0,98.38
108.6,20.3,36,0,6,Cloudy,69.78,224.61
100.21,37.1,93,0,5,Cloudy,37.91,147.03
115.68,30.4,48,1,5,Rainy,73.84,236.07
103.04,32.4,100,0,3,Rainy,2.34,80.0
95.79,21.8,23,0,6,Sunny,66.33,226.65
95.73,28.7,7,0,1,Sunny,55.08,233.42
113.06,24.5,64,0,3,Cloudy,57.2,187.95
97.97,25.1,39,0,0,Rainy,14.4,135.48
113.02,30.1,33,0,1,Sunny,78.36,249.6
96.18,36.2,79,1,6,Sunny,62.86,205.01
99.65,34.9,74,0,4,Cloudy,31.45,160.96
103.96,31.8,87,0,1,Sunny,32.94,138.28
118.3,30.8,49,0,2,Cloudy,67.48,223.32
117.95,28.5,31,0,1,Sunny,77.91,250.42
96.21,39.5,73,0,2,Cloudy,27.09,149.87
100.75,31.2,94,0,3,Rainy,6.32,80.0
94.48,25.1,39,0,1,Sunny,44.03,202.7
105.3,24.6,23,0,1,Sunny,58.99,231.83
103.82,32.2,21,0,4,Cloudy,43.99,196.86
117.02,30.5,39,0,0,Sunny,76.51,248.17
117.9,20.2,81,1,1,Cloudy,71.12,220.69
101.51,36.6,82,0,3,Sunny,40.98,158.96
104.75,34.1,34,0,2,Cloudy,44.39,191.27
116.89,33.2,52,1,3,Rainy,50.08,191.88
114.2,21.4,61,0,6,Sunny,76.79,244.88
90.11,27.2,21,0,5,Rainy,21.37,154.76
99.6,38.7,19,0,5,Sunny,69.31,241.4
102.65,37.3,86,0,4,Cloudy,24.11,118.47
96.89,25.7,18,0,5,Sunny,73.94,258.45
95.99,23.1,18,0,1,Sunny,47.89,201.83
91.13,29.0,49,0,6,Cloudy,25.69,142.54
109.3,27.1,42,0,0,Sunny,66.01,214.14
97.88,33.6,67,1,0,Sunny,56.66,202.19
91.57,39.3,79,0,1,Sunny,22.8,117.19
96.93,27.3,15,0,0,Cloudy,39.94,192.16
114.06,21.2,52,0,3,Sunny,64.56,221.41
115.54,38.0,30,0,2,Sunny,82.66,255.65
104.49,20.8,71,0,1,Cloudy,37.76,159.36
102.48,39.1,29,0,5,Sunny,71.33,248.65
119.34,33.3,85,0,2,Sunny,62.19,193.06
96.02,38.8,65,0,0,Cloudy,33.17,151.36
96.46,24.0,90,0,4,Cloudy,21.91,119.47
98.76,20.8,97,0,6,Cloudy,38.98,143.14
95.18,29.8,30,0,2,Cloudy,35.16,170.48
101.38,29.0,38,0,6,Sunny,70.67,227.06
117.33,26.6,94,0,6,Cloudy,64.75,197.99
108.46,39.2,13,0,4,Sunny,66.93,238.41
102.36,36.5,44,0,3,Sunny,52.18,201.72
118.03,33.2,79,0,4,Sunny,73.83,226.58
91.45,23.3,11,0,2,Rainy,9.9,128.91
96.31,34.7,34,0,2,Cloudy,40.61,174.41
106.98,34.5,70,0,1,Rainy,20.42,132.29
108.47,28.5,34,0,5,Rainy,45.31,187.53
91.19,38.5,72,0,4,Rainy,0.0,89.65
102.09,23.3,62,1,3,Sunny,53.67,201.28
109.47,25.3,59,0,1,Cloudy,37.33,155.11
110.94,21.3,18,0,1,Sunny,79.65,263.42
109.14,35.9,81,0,3,Cloudy,36.18,151.61
99.62,32.4,93,1,1,Sunny,52.08,174.18
92.81,26.3,81,0,3,Sunny,33.66,143.77
102.81,23.3,81,0,0,Cloudy,30.92,139.28
93.86,20.8,41,0,1,Rainy,11.94,131.98
118.43,23.3,48,0,2,Cloudy,61.3,220.73
104.26,29.1,10,0,0,Sunny,66.46,239.56
99.52,24.9,30,1,1,Rainy,35.57,170.58
112.99,25.2,18,0,3,Sunny,81.54,268.58
104.94,37.5,12,0,0,Rainy,27.5,186.08
99.3,30.3,28,1,5,Rainy,45.73,209.06
114.36,34.6,90,0,0,Cloudy,42.2,153.78
116.01,20.7,43,0,2,Cloudy,59.01,212.92
110.19,27.3,53,1,1,Cloudy,66.15,233.97
91.41,29.6,89,1,1,Cloudy,26.97,139.95
106.99,23.7,67,0,3,Sunny,55.99,202.81
112.9,22.4,30,0,0,Cloudy,67.39,222.24
94.1,37.4,14,0,2,Sunny,48.9,202.79
96.86,38.8,81,0,3,Cloudy,17.75,120.13
116.47,21.6,62,0,5,Cloudy,68.19,222.33
90.6,27.0,18,0,3,Sunny,30.14,165.88
112.58,39.2,77,0,2,Rainy,22.67,123.69
104.21,21.7,75,0,1,Sunny,40.41,154.9
103.4,32.9,43,0,2,Sunny,59.56,204.75
90.21,39.4,35,0,1,Sunny,27.93,161.92
114.58,39.6,54,0,4,Sunny,62.71,210.58
100.79,29.4,20,0,0,Sunny,54.71,223.86
106.22,23.3,76,0,2,Sunny,48.86,166.2
110.32,24.0,55,0,5,Sunny,82.99,245.63
111.08,37.8,19,1,5,Sunny,99.07,309.71
118.68,38.2,93,1,6,Sunny,93.61,259.75
105.94,32.2,42,0,3,Cloudy,39.17,165.72
101.99,35.3,83,0,1,Cloudy,32.04,150.38
118.61,34.8,93,0,0,Sunny,56.78,181.47
109.26,33.2,75,0,5,Rainy,30.88,158.42
98.94,36.5,94,0,0,Sunny,29.36,129.78
93.79,33.7,76,0,2,Cloudy,18.47,129.51
115.28,30.7,86,0,3,Rainy,21.33,117.53
100.87,24.7,25,0,5,Sunny,63.94,225.7
109.81,34.9,20,0,2,Sunny,69.15,243.41
104.12,29.5,71,0,3,Cloudy,30.91,131.53
95.97,25.9,69,1,4,Sunny,57.32,187.53
108.05,36.0,17,0,2,Sunny,67.26,232.16
91.82,33.9,68,0,6,Cloudy,27.13,129.44
102.4,38.7,65,0,1,Cloudy,46.13,157.5
106.4,23.3,36,1,2,Sunny,87.09,279.71
103.08,33.0,16,0,2,Cloudy,62.04,222.34
112.46,24.9,99,1,5,Cloudy,72.28,212.85
114.84,38.1,45,1,6,Sunny,99.58,292.86
113.14,22.0,70,0,4,Sunny,62.74,206.97
91.16,33.1,12,0,5,Cloudy,53.69,217.9
95.82,35.8,63,0,4,Sunny,35.82,159.59
106.1,27.1,29,0,5,Cloudy,54.93,213.13
118.04,39.1,9,0,2,Sunny,79.46,259.53
115.05,37.0,49,0,3,Sunny,69.99,220.77
115.28,25.9,6,0,4,Sunny,77.81,243.53
99.1,20.2,46,0,4,Rainy,3.02,112.54
102.88,25.9,42,0,3,Rainy,15.44,126.3
104.12,25.6,7,0,0,Cloudy,37.85,205.5
94.72,37.8,50,0,6,Cloudy,39.07,176.22
90.93,39.3,26,0,4,Sunny,36.47,185.24
118.41,21.4,37,0,4,Cloudy,68.06,234.66
97.22,29.4,36,0,3,Sunny,47.77,197.23
97.2,31.0,21,1,3,Cloudy,61.39,238.8
92.5,21.9,86,0,2,Rainy,0.0,86.55
117.86,27.5,60,0,6,Sunny,82.94,245.7
107.39,26.3,7,0,2,Cloudy,51.71,209.65
110.01,30.7,74,0,0,Cloudy,43.04,156.04
117.35,33.2,53,0,0,Sunny,65.74,220.22
100.37,34.1,59,0,0,Cloudy,26.07,152.76
108.65,22.7,81,0,1,Cloudy,41.56,158.31
91.16,36.3,35,1,3,Cloudy,39.18,189.24
95.6,33.6,85,0,4,Sunny,31.31,128.31
114.94,37.8,25,0,3,Sunny,68.45,232.07
113.0,29.0,20,0,3,Rainy,37.05,171.86
100.52,37.9,21,0,0,Cloudy,41.66,180.21
101.3,37.3,100,0,3,Cloudy,27.64,125.54
106.01,28.8,5,1,1,Sunny,90.48,294.91
90.01,27.6,76,0,5,Sunny,33.09,152.86
97.24,38.7,69,1,4,Rainy,19.37,141.49
96.25,34.3,70,0,5,Sunny,55.02,182.04
97.51,38.6,41,0,0,Rainy,16.44,118.6
114.18,35.9,28,1,6,Sunny,100.0,293.41
98.39,32.2,95,0,2,Sunny,35.67,136.01
95.75,22.3,88,0,6,Sunny,48.42,172.57
105.13,25.8,66,0,6,Cloudy,53.78,193.71
115.97,39.4,25,0,5,Cloudy,81.0,257.93
97.24,26.4,41,0,4,Rainy,5.81,120.88
92.36,21.9,39,0,5,Sunny,45.57,208.02
100.69,34.2,42,0,2,Sunny,50.13,193.29
112.43,34.7,57,0,2,Cloudy,50.69,185.88
106.52,25.7,19,1,3,Cloudy,76.26,256.04
114.5,26.0,46,0,4,Sunny,70.25,231.0
118.79,29.4,98,0,1,Sunny,71.37,213.57
113.78,20.4,8,1,3,Sunny,100.0,307.01
108.11,35.8,43,0,2,Cloudy,52.01,193.98
104.8,26.3,83,0,5,Sunny,46.62,163.24
91.2,37.1,27,0,4,Cloudy,30.66,157.49
119.53,36.1,19,0,3,Sunny,91.51,281.28
101.5,33.2,94,0,4,Rainy,0.0,80.0
94.57,26.5,16,0,5,Sunny,73.0,248.08
110.0,30.3,86,0,0,Sunny,51.92,190.17
98.53,28.9,74,0,1,Cloudy,27.07,139.92
107.57,26.8,86,0,1,Cloudy,30.61,128.16
107.6,37.0,58,0,1,Sunny,61.52,211.8
103.37,29.7,92,0,2,Rainy,0.0,80.0
115.08,36.7,42,0,2,Cloudy,57.2,204.34
97.95,22.1,32,0,1,Sunny,37.92,175.86
103.46,22.8,83,0,4,Cloudy,34.77,143.8
106.13,39.5,23,0,0,Cloudy,55.23,215.08
109.91,31.8,73,0,2,Cloudy,43.01,182.85
113.52,30.2,68,0,5,Rainy,43.58,166.5
101.84,30.5,8,0,3,Cloudy,53.6,218.19
109.38,24.3,85,0,3,Sunny,46.74,168.51
94.52,34.4,14,0,2,Cloudy,33.65,174.47
117.98,21.7,16,0,1,Cloudy,63.59,228.26
101.49,31.5,73,0,4,Cloudy,29.45,149.46
111.89,31.4,11,0,0,Sunny,67.99,237.8
90.61,38.3,48,1,3,Rainy,17.33,135.09
96.16,30.5,27,0,2,Cloudy,35.33,189.36
104.61,22.7,6,0,4,Cloudy,53.11,207.95
116.35,31.5,98,0,1,Sunny,60.35,191.7
105.82,21.8,41,0,0,Cloudy,41.49,177.58
117.9,24.1,73,0,0,Sunny,55.7,179.05
104.51,20.6,24,1,3,Rainy,43.44,198.18
104.71,30.3,94,0,6,Sunny,50.17,166.5
93.59,21.7,48,0,3,Cloudy,26.6,135.83
114.08,29.4,74,0,5,Sunny,69.35,216.26
97.41,38.7,97,0,2,Cloudy,19.12,113.53
116.99,34.4,78,0,6,Cloudy,62.22,195.21
117.32,21.5,55,0,0,Sunny,64.57,217.51
118.3,24.5,84,0,1,Sunny,65.33,202.23
105.61,33.5,35,0,1,Rainy,22.68,158.67
110.31,37.9,45,0,6,Cloudy,61.03,203.74
113.36,20.7,62,0,2,Sunny,56.67,193.67
93.93,36.2,9,0,0,Rainy,11.33,148.91
108.03,31.2,37,0,3,Cloudy,45.23,192.24
91.03,30.9,47,0,5,Sunny,46.0,165.89
104.93,39.2,23,0,1,Cloudy,49.23,188.75
94.65,35.0,36,0,4,Sunny,36.58,172.85
95.49,37.0,91,0,2,Sunny,29.18,145.15
100.95,27.1,7,0,1,Rainy,19.23,152.65
102.97,31.1,5,0,4,Sunny,69.19,252.23
108.7,32.3,45,0,6,Sunny,73.45,235.37
92.23,26.4,96,0,4,Cloudy,6.25,92.88
105.11,31.4,52,0,1,Rainy,19.76,143.14
95.48,24.7,43,0,2,Sunny,40.49,183.94
107.22,22.9,9,0,4,Sunny,71.93,257.24
109.12,27.5,81,0,4,Cloudy,29.38,132.46
106.7,34.8,15,0,0,Cloudy,58.14,220.94
112.15,38.3,26,0,5,Rainy,47.83,202.24
100.07,29.2,91,1,5,Sunny,67.99,215.74
112.95,32.9,68,0,5,Cloudy,63.59,210.22
102.98,22.1,16,0,0,Sunny,66.41,222.38
104.53,38.1,57,0,5,Cloudy,45.39,187.77
109.44,31.4,59,0,0,Sunny,64.54,198.04
90.55,35.6,57,0,4,Rainy,0.0,90.49
109.62,35.9,25,0,4,Sunny,67.69,235.91
108.56,25.1,23,0,2,Cloudy,48.77,201.05
99.3,30.6,73,0,3,Sunny,28.68,151.48
92.57,39.2,92,0,0,Cloudy,8.46,84.85
92.73,21.8,98,0,5,Cloudy,27.87,123.25
117.7,33.7,76,0,3,Sunny,63.72,185.93
110.68,39.2,70,0,0,Sunny,57.91,195.29
93.81,26.0,63,0,5,Sunny,39.5,162.94
100.7,37.2,53,0,6,Sunny,60.37,197.25
107.77,38.7,63,0,6,Sunny,73.24,235.8
115.07,34.9,27,0,0,Cloudy,71.76,249.31
91.31,24.6,7,0,5,Cloudy,43.59,200.55
97.1,26.7,60,0,2,Cloudy,25.89,150.71
116.69,20.7,62,0,2,Sunny,64.73,209.78
90.27,36.6,92,0,6,Sunny,29.68,138.14
96.04,37.0,66,0,1,Cloudy,28.8,150.75
118.77,32.7,22,0,0,Sunny,95.91,278.1
108.4,27.1,65,0,0,Sunny,47.53,181.52
97.85,21.5,41,0,6,Sunny,61.6,216.73
92.01,35.1,58,0,0,Sunny,32.09,145.57
90.85,34.5,99,1,2,Sunny,38.15,143.96
97.34,38.3,82,0,5,Cloudy,43.08,165.52
116.44,34.6,69,0,0,Sunny,65.83,206.74
102.48,36.6,18,0,1,Rainy,12.63,127.02
111.61,34.9,9,1,4,Rainy,52.53,229.69
117.55,32.6,99,0,1,Cloudy,41.29,157.3
102.24,28.5,99,0,5,Sunny,44.92,146.99
95.74,38.0,98,0,4,Sunny,23.51,118.3
105.51,33.0,66,0,2,Sunny,47.4,189.46
117.24,28.0,5,0,6,Sunny,90.25,277.65
114.13,21.7,67,1,5,Rainy,53.05,210.65
91.97,25.8,71,0,3,Sunny,16.07,115.83
110.78,30.9,24,1,5,Cloudy,86.2,277.59
107.16,25.5,47,0,2,Cloudy,51.59,183.21
117.22,24.4,89,1,3,Rainy,42.78,156.65
93.67,30.5,98,0,4,Cloudy,6.35,82.18
106.02,23.4,46,0,3,Cloudy,35.64,173.24
116.38,36.0,98,0,4,Rainy,15.11,121.93
102.3,29.7,73,0,5,Sunny,59.59,216.6
104.46,31.5,78,0,3,Sunny,45.67,167.22
92.11,22.9,92,0,4,Sunny,19.31,110.9
98.34,26.5,43,0,5,Sunny,58.28,200.53
99.74,28.2,66,0,3,Sunny,30.95,156.62
118.35,36.2,52,0,4,Sunny,68.05,215.68
98.48,35.4,10,0,1,Sunny,57.5,221.6
103.83,24.5,78,0,0,Cloudy,28.97,142.11
110.14,32.3,46,0,1,Sunny,69.53,230.76
94.87,24.9,62,0,2,Rainy,4.73,97.62
104.59,39.8,47,0,6,Sunny,65.52,218.68
112.16,39.0,14,0,6,Cloudy,77.71,253.2
116.01,31.3,93,0,3,Sunny,67.22,192.84
108.79,34.0,82,0,6,Cloudy,57.82,179.87
110.07,36.0,43,0,5,Sunny,77.56,231.33
93.79,34.4,17,0,4,Sunny,46.51,203.12
118.37,34.0,79,0,1,Rainy,29.6,136.86
93.98,39.2,43,0,1,Rainy,2.98,99.78
113.24,31.9,15,0,5,Sunny,85.01,260.69
97.94,32.7,20,1,4,Rainy,33.91,176.08
118.01,37.0,37,0,3,Sunny,68.73,225.32
111.6,33.4,64,0,5,Sunny,76.82,240.29
112.61,34.7,100,0,2,Cloudy,38.26,138.42
96.57,24.7,63,0,2,Sunny,39.84,169.66
103.29,27.4,78,0,5,Sunny,50.16,188.78
108.53,22.9,55,0,2,Sunny,63.41,212.99
113.1,30.1,19,0,6,Sunny,95.44,281.17
93.12,29.1,84,0,4,Sunny,16.61,112.17
118.87,39.9,47,0,1,Sunny,71.68,230.17
116.71,32.2,31,0,5,Rainy,53.77,220.11
98.11,35.7,60,0,2,Sunny,31.98,138.7
114.68,26.7,64,0,1,Sunny,61.52,212.67
105.55,36.6,100,0,5,Cloudy,46.12,144.06
103.85,32.3,74,0,2,Sunny,41.23,168.71
99.43,33.9,51,0,2,Sunny,35.29,159.74
107.43,25.9,12,0,5,Rainy,51.41,226.14
111.9,31.0,67,0,3,Rainy,18.79,130.71
102.33,32.7,93,0,4,Sunny,32.16,140.98
108.88,31.8,11,0,3,Rainy,43.42,190.12
110.98,38.3,85,0,6,Rainy,32.95,156.26
111.33,38.0,98,0,1,Cloudy,33.56,158.92
91.56,39.4,6,0,6,Cloudy,44.59,218.36
115.79,33.3,21,0,1,Sunny,82.22,254.47
103.75,39.4,8,0,5,Sunny,82.71,268.35
97.87,36.6,30,0,4,Cloudy,35.28,163.99
97.25,25.4,82,1,2,Rainy,9.98,107.1
104.49,28.5,76,0,4,Cloudy,35.86,153.82
116.6,24.8,73,0,2,Sunny,65.98,213.1
101.35,20.1,9,0,0,Sunny,57.46,228.2
112.49,23.8,9,0,6,Cloudy,75.52,242.67
92.9,20.1,95,0,0,Cloudy,10.98,96.97
104.28,34.4,73,0,4,Sunny,46.83,176.94
119.75,28.5,7,0,6,Cloudy,90.09,291.25
113.11,26.3,42,1,0,Cloudy,78.38,258.51
96.32,35.2,98,0,0,Sunny,26.88,128.29
105.04,36.6,5,0,6,Sunny,86.79,276.82
97.01,39.5,12,1,6,Sunny,84.81,283.83
102.29,32.8,17,0,1,Rainy,17.63,168.92
113.4,29.2,88,0,2,Sunny,53.37,186.72
113.14,26.1,74,1,5,Cloudy,90.94,264.61
96.84,24.4,54,0,0,Cloudy,20.25,140.28
117.67,24.3,12,0,3,Sunny,71.33,248.01
107.78,28.2,34,0,6,Sunny,75.93,245.23
101.4,39.8,44,0,1,Cloudy,37.0,177.2
105.06,20.0,83,0,2,Cloudy,31.65,135.67
108.15,23.9,78,0,1,Sunny,47.6,170.64
106.8,23.8,37,0,3,Sunny,64.12,210.96
104.59,34.3,77,0,5,Cloudy,48.58,180.15
105.15,27.0,56,0,2,Cloudy,45.02,186.59
95.29,29.1,37,1,4,Sunny,49.45,210.34
114.38,23.0,77,0,4,Cloudy,45.83,167.12
106.25,28.1,82,1,1,Rainy,25.7,139.91
93.93,22.1,100,0,5,Sunny,24.48,120.23
112.98,30.7,41,0,4,Cloudy,57.69,217.11
117.97,22.0,74,0,6,Cloudy,69.26,220.96
118.42,35.8,73,1,2,Sunny,83.39,237.13
101.07,31.3,8,0,3,Cloudy,48.58,201.41
94.07,34.5,64,0,3,Rainy,0.0,96.48
105.55,28.4,84,0,4,Rainy,13.19,96.04
93.38,27.6,78,0,0,Sunny,29.88,147.13
118.02,22.0,35,1,0,Rainy,63.17,229.01
95.51,30.5,99,0,5,Sunny,50.1,171.33
97.58,30.3,18,1,0,Sunny,67.43,247.66
102.2,29.4,81,0,4,Sunny,32.2,141.67
101.49,34.8,64,1,4,Rainy,33.91,155.35
113.84,36.7,72,0,4,Sunny,68.49,207.91
103.69,35.0,30,0,6,Rainy,33.36,169.12
95.12,22.9,28,0,2,Sunny,51.17,201.92
98.02,32.4,60,0,0,Cloudy,26.36,148.24
105.27,21.6,13,0,1,Sunny,66.93,233.84
94.42,33.9,39,0,5,Sunny,58.14,209.91
108.35,27.6,83,0,2,Rainy,9.47,112.58
106.97,22.6,28,0,5,Sunny,86.29,272.9
111.44,37.2,35,0,5,Sunny,91.47,272.98
118.13,32.3,87,0,2,Rainy,20.99,107.62
117.37,27.1,70,0,4,Rainy,31.06,134.91
118.38,20.6,70,1,4,Sunny,91.15,269.16
97.34,30.7,45,0,2,Cloudy,23.1,150.0
93.95,38.5,40,0,4,Cloudy,29.05,141.73
99.07,31.9,38,0,0,Sunny,38.94,181.68
116.85,39.4,43,0,2,Sunny,75.72,235.29
119.16,22.7,87,0,6,Sunny,78.07,218.79
115.78,31.4,27,0,6,Sunny,88.7,278.27
93.3,36.0,84,0,5,Sunny,31.92,146.31
118.42,30.5,48,0,6,Sunny,85.24,253.64
102.7,21.8,74,0,2,Sunny,44.45,173.51
90.28,31.7,62,0,6,Sunny,41.61,166.0
103.27,32.2,63,1,2,Sunny,71.97,226.73
91.38,34.6,30,1,4,Sunny,63.71,244.76
106.32,35.2,26,0,6,Cloudy,72.1,252.39
100.16,35.4,92,0,2,Rainy,0.0,80.0
104.2,33.3,44,0,1,Sunny,54.58,196.97
108.4,24.3,89,0,1,Sunny,41.07,161.55
116.06,28.1,98,0,0,Cloudy,38.4,139.57
109.86,35.5,15,0,2,Rainy,41.19,198.06
103.02,39.1,13,0,6,Sunny,69.7,235.76
114.58,21.6,16,0,2,Sunny,70.6,241.79
117.17,30.7,30,1,5,Sunny,100.0,307.83
93.59,26.3,42,1,4,Cloudy,46.44,189.83
105.96,24.5,7,0,5,Rainy,45.92,199.45
98.54,30.1,19,0,6,Cloudy,68.63,242.05
91.41,32.1,51,0,3,Cloudy,16.85,115.44
110.06,20.2,9,1,5,Cloudy,99.86,310.83
115.88,35.6,58,1,6,Sunny,100.0,295.29
94.89,36.4,28,0,3,Cloudy,38.98,188.08
114.37,39.3,15,0,6,Sunny,88.13,275.74
115.6,23.6,37,0,2,Sunny,71.18,234.79
117.43,31.9,91,0,0,Sunny,59.42,198.38
97.96,28.5,78,0,1,Cloudy,16.37,126.43
117.12,26.7,61,0,2,Cloudy,48.35,180.77
99.62,31.3,56,1,2,Cloudy,52.53,196.51
106.57,35.6,68,0,0,Sunny,56.14,198.92
91.52,20.5,47,0,0,Sunny,31.41,167.09
91.32,39.4,96,0,3,Sunny,17.1,118.81
111.61,36.2,85,0,6,Sunny,72.67,217.98
103.33,35.0,48,0,2,Sunny,49.86,187.89
97.69,35.2,94,1,6,Sunny,67.22,195.63
95.71,27.8,93,0,2,Cloudy,29.0,146.21
110.1,35.0,40,0,4,Cloudy,50.26,208.3
90.01,27.7,16,0,1,Sunny,39.33,181.66
114.18,38.0,60,0,4,Cloudy,55.25,195.97
92.38,23.5,7,0,4,Sunny,53.92,216.8
95.74,25.8,54,0,1,Sunny,36.84,164.84
101.59,31.0,33,0,2,Rainy,21.13,143.33
104.55,26.4,92,0,3,Cloudy,30.96,140.26
100.65,28.5,87,0,6,Sunny,49.51,161.55
99.62,29.8,81,0,1,Rainy,0.0,81.35
118.92,37.1,20,0,0,Cloudy,69.33,246.78
109.25,30.5,44,0,2,Sunny,76.0,224.01
90.7,27.2,31,0,1,Cloudy,19.05,146.26
102.91,25.0,74,0,1,Sunny,34.93,146.49
116.25,28.2,46,0,5,Cloudy,76.8,253.16
99.04,30.3,61,0,6,Cloudy,46.28,180.44
92.84,34.9,14,0,1,Rainy,12.19,133.64
112.75,22.4,42,0,3,Sunny,62.15,227.49
108.18,24.4,12,1,4,Sunny,83.54,279.54
107.11,27.6,22,0,4,Rainy,27.64,164.8
91.61,27.2,100,0,5,Sunny,36.95,148.61
94.21,27.8,21,0,1,Rainy,4.93,118.53
108.68,35.9,62,1,1,Sunny,75.17,250.88
96.23,26.5,70,0,4,Sunny,30.79,150.04
105.12,30.0,48,1,3,Sunny,65.66,224.06
106.35,32.5,88,0,2,Cloudy,26.71,125.62
98.51,24.6,78,0,4,Sunny,38.91,145.99
118.45,34.4,13,0,1,Sunny,80.76,266.33
115.27,30.9,52,0,3,Sunny,73.53,229.93
111.67,28.9,43,0,6,Sunny,79.42,248.96
92.34,36.2,93,0,3,Cloudy,3.77,80.0
93.18,24.9,93,0,6,Sunny,39.26,144.98
104.78,37.7,92,0,5,Sunny,50.57,162.17
94.82,31.2,10,1,1,Sunny,67.35,255.17
119.35,32.2,34,0,0,Cloudy,74.49,237.26
94.76,37.5,78,1,3,Sunny,42.29,175.88
104.62,36.4,99,0,4,Sunny,34.99,134.21
100.92,32.0,22,0,0,Sunny,49.37,215.87
109.18,35.1,47,0,5,Sunny,68.72,225.61
93.87,28.7,37,0,2,Rainy,2.34,118.04
102.91,30.9,57,0,4,Rainy,7.98,109.95
98.24,21.2,60,0,5,Sunny,52.99,197.77
116.63,21.8,23,0,6,Cloudy,86.24,262.55
91.22,36.6,91,0,5,Cloudy,20.77,116.55
117.41,21.2,73,0,5,Rainy,36.88,151.16
114.99,23.4,30,0,1,Rainy,41.69,199.99
98.93,35.9,33,0,0,Sunny,44.7,179.46
113.68,20.0,28,0,5,Rainy,61.26,237.82
90.94,25.6,10,0,5,Rainy,21.36,147.45
119.01,31.7,58,0,5,Cloudy,75.43,237.66
105.8,31.9,43,1,4,Cloudy,54.28,206.22
99.1,35.5,8,1,5,Cloudy,75.44,268.83
100.88,30.1,62,0,3,Sunny,31.32,149.01
91.99,30.2,52,0,1,Cloudy,23.86,135.3
119.68,34.5,64,0,0,Cloudy,59.91,201.49
91.18,30.0,30,0,3,Sunny,40.92,180.32
109.65,32.2,83,0,5,Rainy,33.61,148.57
103.28,38.0,81,1,6,Rainy,45.43,168.23
118.47,28.0,44,0,1,Sunny,73.38,238.86
97.38,27.7,90,1,1,Cloudy,39.5,168.01
105.96,20.1,81,1,0,Sunny,67.54,215.2
104.47,32.3,60,1,0,Cloudy,54.73,192.94
111.09,20.6,43,0,0,Sunny,59.04,223.63
92.04,30.1,85,0,4,Cloudy,20.26,122.71
95.81,36.1,43,0,6,Sunny,46.79,181.95
96.44,31.0,52,0,1,Rainy,6.56,114.75
112.14,25.4,29,0,5,Cloudy,76.22,234.3
95.67,35.7,38,0,2,Sunny,36.49,181.1
107.2,25.4,25,0,3,Cloudy,49.97,219.44
96.46,34.7,29,0,0,Rainy,9.2,133.66
115.85,32.2,93,0,1,Sunny,56.96,173.0
118.27,23.4,26,1,6,Sunny,100.0,286.09
105.55,38.1,27,0,5,Rainy,40.08,194.55
100.57,24.0,29,0,3,Cloudy,43.1,186.89
97.02,39.8,82,0,2,Rainy,0.0,80.87
91.49,20.1,82,0,3,Sunny,25.71,139.59
98.06,25.3,30,1,2,Rainy,40.75,188.63
109.63,24.0,34,0,5,Cloudy,74.46,248.12
106.01,20.3,94,0,0,Rainy,5.9,88.81
118.32,34.6,42,0,4,Cloudy,68.09,228.53
101.89,33.9,90,1,2,Sunny,57.95,207.35
110.82,35.8,38,0,0,Cloudy,55.65,202.25
104.68,25.1,93,0,3,Sunny,34.78,136.46
105.38,28.9,81,0,5,Cloudy,49.58,172.12
98.03,33.2,97,0,6,Cloudy,22.62,107.6
103.65,28.8,77,0,3,Cloudy,37.73,161.91
104.12,33.9,19,1,3,Sunny,82.24,279.96
111.2,32.7,99,0,5,Cloudy,51.3,167.77
118.22,22.3,48,0,5,Sunny,85.83,248.09
99.88,35.6,95,1,4,Sunny,54.59,163.8
91.27,34.4,99,0,1,Sunny,26.39,116.33
104.89,33.1,14,0,2,Cloudy,55.01,215.17
106.33,23.1,41,0,6,Rainy,46.71,173.39
95.05,25.4,11,0,5,Cloudy,58.2,244.22
112.81,27.9,36,0,1,Rainy,29.39,163.23
119.55,25.6,15,0,3,Sunny,87.26,278.92
118.37,24.6,52,0,6,Rainy,53.91,194.84
95.91,36.1,96,0,4,Rainy,0.0,82.9
116.26,32.8,72,1,0,Cloudy,70.75,223.95
111.13,31.3,52,0,4,Sunny,58.96,203.84
103.62,24.5,49,1,5,Sunny,86.22,276.94
106.22,38.4,99,0,1,Sunny,38.23,153.09
115.49,23.8,97,1,3,Cloudy,65.48,204.27
104.4,35.9,37,0,6,Sunny,72.66,253.47
101.2,39.3,8,0,6,Sunny,80.73,265.66
104.8,34.5,51,0,6,Sunny,69.64,220.81
107.37,39.9,94,0,2,Sunny,39.35,149.85
95.67,33.0,57,0,4,Sunny,46.96,183.44
117.03,24.3,35,0,1,Sunny,71.56,226.78
110.23,24.1,35,0,1,Cloudy,52.9,206.62
109.0,26.5,31,0,0,Sunny,67.18,247.35
92.98,20.1,93,1,2,Cloudy,46.05,179.0
108.13,33.6,52,1,6,Cloudy,83.6,264.78
93.63,25.4,40,0,1,Sunny,35.24,172.27
92.36,36.3,53,0,2,Sunny,24.44,134.52
105.82,27.2,35,0,3,Cloudy,39.7,170.99
102.08,29.6,48,0,5,Rainy,28.78,154.11
107.66,39.3,63,0,4,Sunny,55.32,189.65
92.68,24.8,27,0,1,Cloudy,23.82,142.8
102.93,34.4,72,0,3,Cloudy,33.9,147.22
95.24,35.1,96,0,0,Rainy,0.0,80.61
119.61,24.4,46,0,2,Rainy,36.0,171.44
106.83,30.0,46,1,5,Sunny,94.61,275.64
110.62,27.0,17,0,3,Sunny,67.1,236.91
99.76,35.4,5,0,2,Cloudy,54.69,224.27
92.84,32.4,80,1,6,Sunny,57.34,188.07
119.28,29.5,57,0,6,Sunny,92.36,256.57
98.59,35.6,44,0,5,Cloudy,61.01,212.71
102.71,24.7,94,0,2,Cloudy,22.14,110.58
109.5,35.1,50,0,1,Cloudy,61.57,208.21
90.74,37.3,91,0,2,Sunny,18.88,133.45
114.31,37.6,26,0,3,Rainy,35.5,163.84
106.1,35.7,56,1,0,Sunny,70.87,245.96
98.35,28.2,32,0,1,Sunny,45.9,194.36
91.85,39.6,57,0,4,Cloudy,27.68,136.53
94.87,27.6,67,0,0,Rainy,3.8,103.77
116.85,32.8,21,0,3,Cloudy,75.51,250.75
110.58,23.2,68,0,1,Cloudy,38.97,170.8
97.5,39.6,10,0,5,Cloudy,59.19,231.83
91.97,34.1,18,1,5,Sunny,69.8,253.22
110.72,35.1,21,0,2,Cloudy,64.83,228.75
107.17,21.3,42,0,6,Sunny,70.74,240.68
102.14,35.3,73,0,0,Rainy,8.82,101.24
100.91,35.5,17,0,1,Sunny,53.75,202.05
96.5,33.4,57,0,4,Sunny,28.88,133.31
110.09,25.8,13,0,6,Cloudy,80.66,253.8
119.12,29.8,48,0,4,Sunny,79.09,249.79
95.27,22.2,30,0,4,Sunny,44.6,187.38
107.91,29.4,81,0,5,Sunny,52.01,171.95
102.73,24.9,23,0,1,Sunny,60.94,219.72
103.4,27.0,52,0,0,Rainy,10.81,125.1
97.62,23.3,85,0,2,Sunny,33.52,147.9
114.75,24.6,84,1,0,Cloudy,64.48,210.36
104.56,21.5,34,0,2,Cloudy,44.7,183.66
106.3,38.4,36,1,0,Cloudy,71.14,241.93
99.14,30.6,82,0,0,Cloudy,20.01,118.96
95.45,27.9,83,0,1,Cloudy,17.45,107.75
92.58,30.7,80,0,4,Sunny,27.41,133.46
111.42,32.6,79,0,6,Cloudy,69.27,202.61
95.89,38.4,73,0,4,Sunny,31.56,148.23
110.7,23.6,15,0,4,Cloudy,65.75,239.68
101.71,25.9,87,0,6,Sunny,45.61,172.53
102.47,39.5,30,0,4,Sunny,63.18,225.81
104.08,27.4,30,0,0,Cloudy,43.07,189.36
101.03,20.5,21,0,4,Sunny,54.59,206.07
93.02,23.0,99,0,0,Rainy,0.0,80.0
99.29,20.5,87,1,2,Sunny,48.93,171.4
109.91,39.8,48,1,3,Rainy,50.87,188.94
109.97,25.6,88,0,6,Sunny,60.25,187.33
98.59,38.5,27,0,6,Sunny,68.93,231.55
103.8,39.9,29,0,3,Sunny,62.34,227.61
95.8,32.0,96,0,2,Sunny,27.8,119.34
96.31,20.7,41,0,0,Sunny,45.71,209.28
90.69,21.6,80,0,6,Sunny,49.69,170.61
116.9,29.6,69,0,4,Sunny,66.74,210.06
96.32,28.1,6,0,1,Sunny,53.23,213.28
96.83,32.1,78,0,0,Sunny,33.52,152.56
98.39,28.8,36,0,0,Sunny,53.14,200.94
93.82,38.7,93,0,6,Cloudy,39.48,141.73
109.18,30.7,78,0,2,Sunny,49.53,160.49
92.25,33.9,59,0,2,Rainy,0.0,100.09
94.03,37.9,54,0,1,Cloudy,30.65,158.37
109.34,22.9,69,0,4,Cloudy,36.5,158.94
100.19,24.6,36,0,3,Sunny,50.77,196.67
111.24,22.1,41,0,5,Cloudy,71.08,229.89
106.72,22.8,80,0,4,Sunny,45.55,173.21
97.68,30.3,86,0,4,Rainy,0.0,81.19
109.52,26.4,98,0,5,Rainy,16.62,114.92
93.49,28.5,17,0,5,Cloudy,45.79,198.13
106.09,39.6,58,0,0,Cloudy,46.42,178.48
103.11,23.1,7,0,1,Cloudy,42.37,200.72
98.04,30.8,89,1,6,Sunny,64.92,218.5
108.12,22.0,46,0,0,Cloudy,46.82,195.69
116.14,26.4,82,1,2,Sunny,69.65,218.98
119.97,30.6,44,0,5,Cloudy,90.21,262.39
108.23,38.9,78,0,3,Sunny,43.8,155.17
102.14,27.8,70,0,6,Sunny,59.96,203.46
96.76,21.3,64,1,1,Cloudy,43.59,167.19
97.71,27.8,15,0,6,Sunny,62.85,244.26
104.38,22.9,5,0,1,Cloudy,53.9,226.26
101.02,24.6,30,0,4,Cloudy,40.75,177.37
117.41,32.4,46,1,0,Rainy,56.39,223.35
101.05,21.3,66,0,4,Sunny,37.84,164.49
101.2,29.3,65,1,4,Cloudy,47.24,191.26
101.51,32.2,81,0,1,Rainy,7.98,96.73
115.1,28.4,96,0,3,Sunny,53.88,178.41
109.52,20.4,89,0,2,Cloudy,37.28,136.28
108.43,39.7,66,0,4,Sunny,48.38,179.59
100.02,27.3,78,0,5,Sunny,59.51,187.68
114.54,35.6,16,0,3,Sunny,76.57,252.52
91.15,26.5,31,1,5,Cloudy,52.95,209.29
116.12,29.5,71,0,4,Sunny,64.26,200.08
105.38,27.8,32,0,3,Sunny,54.65,217.68
101.95,26.9,70,0,0,Sunny,46.48,162.19
104.92,20.4,32,0,5,Sunny,77.96,252.61
110.02,27.2,99,0,2,Cloudy,39.95,138.36
90.38,37.8,25,0,1,Sunny,35.77,187.45
116.15,33.8,11,0,0,Sunny,80.36,267.56
103.4,22.9,99,1,4,Sunny,56.65,176.23
100.29,31.8,18,1,4,Cloudy,69.5,253.77
94.15,37.8,43,0,2,Rainy,0.0,97.93
103.18,34.0,77,0,6,Cloudy,47.14,173.17
104.89,23.0,91,0,6,Rainy,29.37,121.75
102.11,37.4,66,0,5,Sunny,55.69,202.08
110.36,26.0,16,0,5,Cloudy,75.61,237.12
102.63,29.1,97,0,2,Cloudy,37.91,138.27
118.84,30.5,42,0,2,Cloudy,64.46,211.37
107.98,37.0,62,0,4,Rainy,10.67,116.25
114.22,38.6,60,0,4,Sunny,63.05,204.55
93.28,38.6,43,0,1,Sunny,45.39,183.72
101.92,20.2,90,0,2,Rainy,6.16,85.96
100.11,38.4,8,0,3,Sunny,52.86,205.2
107.08,21.1,52,0,6,Sunny,72.1,226.96
115.83,25.3,11,0,1,Sunny,79.57,252.3
92.35,30.3,64,0,3,Sunny,33.39,138.44
92.18,29.6,44,0,6,Sunny,46.99,192.59
115.51,32.1,12,0,0,Rainy,47.14,193.93
96.39,29.6,62,0,2,Sunny,45.53,187.61
110.06,38.7,61,0,1,Cloudy,33.73,166.56
106.29,24.8,39,0,5,Sunny,75.69,248.83
114.99,25.5,77,0,6,Sunny,80.98,223.17
93.75,38.4,17,0,1,Sunny,37.75,201.42
93.89,21.5,43,0,0,Cloudy,24.34,128.49
106.7,32.2,88,0,0,Sunny,41.69,148.97
118.39,33.6,25,0,0,Cloudy,66.43,238.74
102.45,30.1,51,0,6,Cloudy,49.35,194.36
99.81,33.9,87,0,1,Sunny,31.74,132.83
108.2,23.5,6,0,4,Sunny,74.76,250.28
117.91,37.1,48,0,3,Sunny,79.91,243.11
115.11,22.8,34,0,5,Cloudy,83.98,258.46
119.86,28.0,91,1,5,Rainy,67.47,207.18
90.68,21.5,59,0,3,Cloudy,27.48,158.22
93.39,30.9,44,0,5,Sunny,62.04,209.19
108.28,33.4,81,0,0,Rainy,13.96,121.35
114.62,38.8,100,0,5,Sunny,74.08,211.59
98.56,34.8,96,1,4,Sunny,51.16,187.23
97.18,30.8,28,0,4,Cloudy,36.28,164.35
113.61,38.7,46,0,0,Sunny,66.37,229.68
91.69,29.6,32,0,2,Rainy,8.0,131.34
101.08,31.2,98,0,1,Sunny,39.55,141.86
105.17,31.9,97,0,6,Sunny,56.56,185.1
106.81,28.2,55,0,2,Sunny,51.74,178.78
111.86,36.8,26,0,6,Cloudy,72.54,238.78
100.65,23.7,93,0,6,Cloudy,28.8,139.68
108.38,31.1,82,0,4,Rainy,14.78,109.14
107.56,34.4,78,0,0,Cloudy,39.41,154.82
106.43,38.1,78,0,1,Cloudy,31.02,153.07
109.21,37.7,12,0,3,Sunny,72.59,234.03
97.78,30.2,18,0,5,Sunny,68.56,237.98
92.54,32.9,49,0,4,Cloudy,16.69,130.01
93.58,27.9,42,0,1,Rainy,1.16,99.71
96.74,29.4,36,0,1,Cloudy,41.35,192.43
105.01,38.1,66,0,2,Sunny,44.54,164.9
115.21,38.6,100,0,3,Cloudy,42.91,145.05
111.04,37.9,71,1,2,Sunny,76.06,216.63
113.67,22.8,88,0,2,Sunny,53.98,187.04
100.53,37.0,65,0,2,Cloudy,34.74,152.39
102.14,39.0,17,0,2,Cloudy,52.79,208.89
101.81,27.2,91,1,4,Sunny,61.74,198.92
95.76,30.4,87,0,3,Cloudy,15.97,119.79
91.84,35.6,84,0,2,Sunny,25.17,141.22
107.73,31.2,51,0,6,Sunny,75.49,221.52
119.68,39.9,58,0,4,Cloudy,61.52,203.04
95.0,29.1,75,0,6,Sunny,41.41,152.96
91.4,34.3,56,0,5,Cloudy,36.02,160.04
113.39,35.9,76,0,4,Cloudy,44.25,165.92
97.58,29.9,29,0,1,Rainy,9.15,113.21
114.89,37.1,27,0,1,Rainy,40.33,187.05
111.12,30.9,78,0,0,Sunny,52.34,176.61
118.37,28.2,34,0,4,Sunny,78.23,255.06
102.27,22.2,15,0,6,Cloudy,56.15,218.8
109.86,27.9,39,0,0,Sunny,62.21,203.75
103.95,34.7,31,0,4,Cloudy,35.32,177.99
108.92,38.4,71,0,2,Sunny,46.85,163.11
103.49,25.0,51,0,2,Cloudy,39.49,160.73
95.66,27.1,54,0,0,Sunny,43.35,173.5
105.24,23.1,12,0,2,Sunny,66.94,237.21
105.86,33.8,59,0,2,Rainy,16.54,111.24
114.32,39.2,81,0,6,Sunny,70.29,209.85
112.07,32.8,46,0,1,Cloudy,53.05,196.77
109.91,32.3,71,0,2,Cloudy,50.1,178.65
93.4,31.1,24,1,1,Sunny,57.37,212.76
111.62,21.8,49,0,3,Cloudy,49.1,190.03
105.01,34.6,39,0,4,Sunny,61.15,220.52
116.82,32.0,81,0,1,Cloudy,49.21,162.31
117.6,33.2,24,0,5,Cloudy,93.89,273.4
91.65,38.0,28,0,5,Sunny,57.54,220.86
114.62,35.7,61,0,1,Sunny,69.4,232.07
91.13,35.6,59,0,1,Cloudy,10.87,113.73
101.02,38.5,13,1,5,Cloudy,87.92,283.16
106.27,39.8,98,0,4,Cloudy,25.76,123.95
94.44,31.6,93,0,4,Sunny,27.34,138.57
112.39,22.2,20,0,4,Cloudy,60.77,217.58
90.25,29.2,59,0,5,Sunny,43.79,170.45
95.06,35.8,76,0,2,Cloudy,14.26,108.58
107.42,20.6,62,0,1,Sunny,43.93,161.75
111.43,21.1,68,0,4,Sunny,57.5,201.32
117.5,21.3,96,0,3,Cloudy,45.98,161.85
111.16,34.6,80,0,5,Sunny,63.28,182.76
110.15,30.0,92,0,4,Rainy,4.22,86.5
101.83,27.4,53,0,6,Cloudy,38.47,181.04
90.04,22.1,33,0,6,Rainy,17.78,142.7
93.6,34.6,83,0,0,Sunny,24.23,139.95
106.04,26.4,86,0,0,Sunny,40.24,149.94
110.25,25.3,11,0,1,Cloudy,63.14,240.89
102.52,33.0,81,0,1,Sunny,44.56,175.22
111.92,31.2,87,0,1,Sunny,53.13,176.55
105.66,27.2,73,0,6,Cloudy,49.37,174.07
92.23,32.8,94,0,6,Cloudy,35.8,151.24
95.76,25.4,6,0,2,Sunny,48.66,213.91
115.2,35.9,37,0,5,Cloudy,69.65,239.51
111.75,24.6,52,0,0,Sunny,62.52,214.84
116.84,23.2,41,0,0,Cloudy,61.69,214.9
93.53,35.6,93,0,1,Sunny,27.13,126.62
119.71,34.2,93,1,5,Sunny,94.03,254.91
96.28,23.7,34,0,0,Cloudy,33.4,171.32
90.35,22.3,45,1,0,Cloudy,37.7,178.94
119.92,36.8,8,0,2,Sunny,91.52,287.77
98.43,35.5,87,0,3,Cloudy,22.27,115.24
110.04,26.5,95,0,1,Sunny,45.18,152.02
95.3,33.2,43,0,3,Rainy,4.3,115.91
107.41,22.5,28,0,3,Cloudy,52.6,208.79
117.12,30.1,54,0,2,Cloudy,52.29,188.69
99.61,20.4,41,1,6,Sunny,87.92,283.77
110.11,27.8,57,0,0,Sunny,63.58,204.38
95.64,21.5,29,1,1,Sunny,64.96,240.93
108.74,29.5,97,0,4,Sunny,43.68,158.79
100.09,28.4,35,0,6,Sunny,59.66,215.31
96.34,28.9,96,0,3,Sunny,34.34,148.94
99.4,20.9,42,0,5,Cloudy,58.92,223.07
95.37,27.2,62,0,3,Sunny,36.42,150.35
117.06,35.1,57,0,2,Rainy,37.59,145.95
101.92,27.4,54,0,3,Sunny,52.83,189.17
97.36,34.3,8,0,3,Rainy,23.77,155.93
103.45,27.4,96,0,3,Rainy,0.0,80.0
99.62,28.5,56,0,2,Sunny,41.07,185.48
112.33,31.3,35,0,0,Rainy,35.34,192.68
119.14,39.0,91,0,5,Rainy,42.42,148.27
103.14,22.2,82,0,3,Sunny,43.88,164.77
115.83,20.7,96,0,1,Rainy,23.17,120.31
106.98,32.2,18,0,5,Sunny,81.3,265.1
94.72,39.0,5,0,3,Sunny,37.56,179.14
110.72,39.8,47,0,3,Cloudy,57.84,215.5
105.4,29.7,100,1,1,Sunny,62.3,204.36
109.52,29.4,63,0,2,Sunny,65.72,207.96
116.69,32.9,65,0,4,Rainy,28.15,153.01
103.21,31.1,45,0,1,Rainy,7.11,103.75
117.04,32.7,22,0,6,Cloudy,83.05,249.95
112.52,37.5,64,0,4,Cloudy,51.86,188.47
104.66,34.9,73,0,0,Rainy,7.88,106.13
108.1,29.9,83,0,0,Sunny,54.1,179.58
99.77,29.2,63,0,3,Rainy,2.45,106.77
119.51,32.8,46,0,5,Sunny,89.96,258.66
110.02,29.1,84,0,3,Rainy,13.6,117.12
91.32,29.2,40,1,2,Cloudy,58.84,227.23
99.8,20.3,44,1,4,Rainy,26.97,176.44
108.7,23.5,34,0,0,Rainy,30.77,149.2
91.69,29.8,91,0,0,Rainy,0.0,80.0
90.72,36.5,15,0,3,Cloudy,33.29,170.17
103.5,25.6,29,0,3,Rainy,16.78,146.92
99.98,30.5,49,0,2,Cloudy,40.77,186.47
103.15,26.9,55,0,3,Sunny,52.76,189.5
97.88,22.1,47,0,6,Cloudy,49.08,194.64
94.94,39.2,70,0,5,Sunny,39.46,172.57
110.67,37.1,51,0,3,Rainy,25.45,147.91
105.44,21.6,28,0,5,Sunny,73.24,248.43
96.0,34.4,81,0,6,Rainy,13.86,93.58
99.59,27.0,41,0,5,Sunny,57.57,220.65
107.75,39.9,60,1,2,Sunny,79.41,245.54
92.17,26.0,98,0,3,Rainy,0.0,97.36
94.42,24.8,79,0,5,Sunny,36.06,143.61
92.2,31.4,91,0,5,Sunny,34.9,146.11
114.37,36.7,50,0,6,Cloudy,71.3,234.94
112.57,23.9,32,0,3,Sunny,74.29,222.71
112.6,34.2,97,0,3,Cloudy,36.36,156.18
111.49,21.2,56,1,4,Cloudy,71.47,241.6
110.08,38.4,19,0,0,Rainy,39.92,175.4
104.31,21.6,49,1,1,Sunny,73.02,244.9
109.27,38.3,62,0,0,Sunny,46.02,179.74
91.15,29.8,71,0,4,Cloudy,12.95,111.74
108.64,29.0,77,0,1,Sunny,54.39,179.63
113.34,39.5,76,0,0,Sunny,61.1,196.44
105.01,39.8,77,1,2,Sunny,53.17,199.1
100.73,33.0,85,0,6,Cloudy,41.59,163.93
98.32,22.5,45,0,4,Rainy,13.71,127.25
109.28,30.1,69,0,2,Sunny,55.92,192.99
110.78,30.6,44,0,2,Sunny,66.24,221.22
116.13,30.3,9,0,0,Cloudy,81.81,259.97
100.27,31.4,98,0,6,Sunny,45.79,157.96
113.09,20.4,79,0,5,Cloudy,62.46,192.06
106.84,34.2,32,0,1,Sunny,55.96,201.77
116.49,34.2,42,0,5,Sunny,83.95,235.77
105.83,22.3,85,0,3,Sunny,41.59,154.09
105.53,31.4,91,0,3,Sunny,45.24,167.22
107.34,31.4,22,0,4,Rainy,25.67,169.98
112.48,33.6,41,0,2,Rainy,37.59,175.74
118.94,21.7,31,0,4,Cloudy,63.65,213.7
92.21,32.5,29,0,0,Cloudy,32.81,168.32
91.6,25.6,73,0,6,Sunny,43.26,157.14
118.13,30.1,87,1,6,Cloudy,87.38,264.05
105.9,35.5,31,0,2,Cloudy,54.47,204.44
108.45,34.1,81,0,3,Sunny,44.66,160.93
104.47,22.4,58,0,0,Sunny,46.98,187.94
92.81,31.8,11,0,0,Sunny,41.1,193.16
113.04,39.4,94,0,5,Sunny,66.41,206.11
112.42,23.1,82,0,4,Cloudy,43.43,153.18
99.35,37.1,31,0,6,Rainy,34.01,171.43
99.19,34.1,63,1,4,Cloudy,51.81,200.82
115.14,35.5,76,0,5,Sunny,78.35,207.09
92.17,25.6,35,0,6,Sunny,51.77,195.23
116.43,25.8,95,0,1,Sunny,58.18,177.31
97.7,38.1,72,0,3,Cloudy,34.01,150.67
107.79,27.2,8,0,3,Sunny,62.56,231.12
118.08,21.3,22,0,4,Sunny,71.32,244.75
110.34,32.0,67,0,3,Cloudy,48.6,177.1
102.43,22.5,91,0,3,Sunny,32.11,146.47
110.69,35.9,100,0,0,Sunny,39.12,162.3
100.32,32.8,80,1,5,Sunny,74.15,216.46
98.32,37.5,56,1,5,Sunny,70.65,234.38
119.9,35.7,88,0,2,Cloudy,61.15,199.75
112.52,22.2,67,0,2,Sunny,59.47,192.92
109.34,27.6,49,0,1,Sunny,58.3,207.68
100.66,35.5,16,0,2,Sunny,52.08,207.71
91.47,28.3,12,0,5,Sunny,59.69,218.41
90.93,39.4,26,0,3,Rainy,0.0,103.87
106.63,34.7,95,0,5,Sunny,44.1,137.11
112.86,20.3,45,0,0,Sunny,58.02,208.27
106.12,37.6,45,0,5,Cloudy,66.37,223.82
115.22,22.0,85,0,2,Sunny,52.71,169.77
91.0,22.8,61,0,3,Cloudy,11.03,112.12
101.0,34.7,36,0,5,Sunny,65.26,212.93
97.11,37.3,99,1,3,Rainy,22.09,129.53
103.42,30.7,59,1,4,Rainy,37.89,170.49
92.17,25.8,10,0,6,Cloudy,46.25,209.42
118.62,27.0,43,0,5,Cloudy,75.94,237.62
96.7,26.9,13,0,4,Sunny,47.17,195.5
117.67,26.5,36,1,2,Rainy,56.15,213.79
102.78,24.9,40,0,4,Sunny,54.88,215.86
119.57,32.2,20,0,3,Sunny,81.67,278.77
106.62,38.0,16,0,3,Sunny,59.57,212.16
117.92,26.1,45,0,4,Sunny,66.71,229.82
90.16,23.7,71,0,6,Cloudy,40.45,153.44
112.45,36.8,62,0,0,Sunny,63.76,202.7
117.09,34.8,95,0,4,Cloudy,42.86,156.31
94.19,38.6,95,1,0,Sunny,48.85,179.34
92.88,23.3,13,0,6,Rainy,19.66,148.07
102.74,22.9,21,0,4,Cloudy,47.12,204.2
118.01,30.8,9,1,3,Cloudy,93.08,307.52
106.27,32.3,30,0,5,Cloudy,66.32,235.2
105.82,29.6,89,0,3,Rainy,2.33,80.0
94.23,32.0,5,0,4,Sunny,50.49,209.83
90.02,23.6,5,1,1,Sunny,54.79,238.13
114.3,29.6,39,0,0,Cloudy,57.87,222.08
92.63,33.2,13,0,1,Cloudy,41.72,183.42
109.02,28.7,91,0,3,Sunny,51.35,174.35
117.44,33.6,42,0,6,Sunny,85.08,263.01
96.26,29.0,8,1,0,Sunny,64.36,235.68
109.96,26.7,56,0,5,Sunny,62.22,217.15
92.36,26.1,23,0,6,Rainy,24.73,174.93
108.11,28.2,9,0,4,Sunny,70.86,253.36
94.92,20.5,96,0,0,Cloudy,15.51,109.44
112.08,33.4,52,0,0,Cloudy,60.97,202.74
99.04,36.9,91,0,6,Sunny,47.02,160.21
103.9,27.1,67,0,2,Sunny,46.89,170.73
107.98,20.9,42,0,5,Sunny,67.39,218.22
95.14,39.7,56,0,0,Cloudy,34.03,156.31
112.25,25.3,91,0,5,Sunny,65.25,199.43
99.08,22.5,50,0,3,Sunny,39.53,164.3
109.87,27.4,86,1,5,Sunny,85.05,242.3
94.75,34.8,97,0,1,Sunny,33.02,138.5
110.64,25.9,96,0,1,Sunny,57.84,164.18
93.85,31.5,13,0,5,Sunny,57.02,228.72
102.76,28.3,54,0,4,Sunny,53.82,196.58
97.42,22.4,78,0,2,Cloudy,24.4,131.74
112.45,26.6,70,0,1,Sunny,62.61,211.96
97.86,34.5,81,0,6,Cloudy,38.88,161.98
116.45,32.2,42,0,1,Cloudy,65.15,226.13
116.75,22.4,31,0,0,Rainy,47.44,197.13
95.89,23.3,24,0,5,Sunny,52.89,208.13
108.42,32.8,66,0,3,Sunny,54.62,185.68
92.63,36.3,78,1,5,Rainy,19.7,123.77
101.75,27.0,20,1,5,Rainy,54.3,225.84
111.4,31.9,83,0,3,Sunny,52.2,180.62
109.78,23.4,17,0,4,Sunny,64.53,233.79
108.74,26.2,24,0,3,Rainy,28.0,152.66
98.48,20.4,28,0,1,Sunny,42.31,165.92
101.34,35.4,54,0,0,Rainy,7.84,112.57
93.09,28.0,11,0,3,Rainy,13.89,129.83
111.57,36.3,91,0,2,Sunny,54.38,179.93
105.12,34.2,92,0,2,Rainy,1.23,96.8
111.26,36.6,33,1,2,Sunny,93.63,289.69
97.47,25.7,9,0,3,Cloudy,46.39,200.51
99.73,23.7,39,1,0,Sunny,75.07,242.25
100.03,39.4,69,1,3,Sunny,50.49,186.76
90.77,34.3,86,0,1,Cloudy,11.91,103.15
100.23,36.7,74,0,3,Sunny,41.2,170.75
114.1,20.3,91,0,6,Rainy,25.26,126.08
116.92,27.1,78,0,6,Sunny,89.05,243.96
105.55,34.9,11,0,5,Sunny,76.84,263.19
103.67,21.6,48,0,2,Sunny,53.82,209.68
90.92,31.3,76,0,2,Rainy,0.0,89.51
116.38,28.6,17,1,5,Sunny,100.0,308.03
90.39,20.4,98,0,0,Rainy,0.0,80.0
118.34,24.7,86,0,4,Sunny,71.69,200.15
104.68,25.7,82,0,2,Sunny,36.87,138.44
100.26,22.2,79,0,2,Rainy,2.27,88.05
117.73,32.6,42,0,4,Sunny,78.57,238.75
90.73,24.8,17,0,3,Sunny,32.83,171.63
107.44,25.6,58,0,2,Rainy,24.09,132.58
106.47,38.0,48,0,0,Cloudy,53.83,191.84
96.58,29.3,17,1,6,Cloudy,81.19,257.81
102.87,27.8,29,0,3,Rainy,22.79,153.29
109.57,34.5,28,0,3,Cloudy,63.65,231.17
111.81,38.2,33,0,2,Rainy,34.61,171.35
90.02,20.5,74,0,3,Cloudy,6.23,102.14
118.11,29.0,22,0,3,Cloudy,67.95,240.03
94.94,32.2,96,1,0,Sunny,42.33,166.59
97.01,26.4,9,0,3,Rainy,17.49,158.76
97.9,35.4,22,0,5,Cloudy,54.79,222.14
91.13,39.4,67,0,2,Sunny,24.91,148.97
93.69,38.9,41,0,2,Cloudy,29.33,141.89
119.59,25.3,75,1,5,Sunny,100.0,281.24
99.46,24.5,59,0,6,Cloudy,47.56,171.42
93.46,39.1,77,0,5,Rainy,10.23,116.17
93.21,29.2,16,0,5,Sunny,49.04,205.81
111.58,24.2,56,0,4,Rainy,26.21,146.38
115.64,34.1,61,0,1,Sunny,70.59,222.5
97.71,25.7,50,0,4,Sunny,47.8,187.72
90.63,25.3,48,1,0,Sunny,57.27,227.26
96.69,37.6,28,0,0,Sunny,48.16,207.6
91.7,23.2,13,0,6,Cloudy,50.71,222.62
93.1,21.3,16,1,2,Rainy,26.49,173.12
102.95,25.4,13,0,1,Sunny,64.74,218.04
96.9,32.1,26,0,4,Sunny,44.21,197.56
105.48,22.5,21,0,6,Cloudy,70.32,232.15
97.6,29.4,37,0,6,Cloudy,50.51,194.53
118.22,32.5,51,0,1,Rainy,37.1,165.78
117.18,37.0,92,1,2,Sunny,83.17,238.73
107.0,24.6,19,1,6,Rainy,67.61,252.35
100.63,36.3,97,0,6,Sunny,48.26,155.98
101.43,24.7,100,0,3,Sunny,29.66,133.41
102.36,33.5,37,0,2,Rainy,25.44,150.78
111.83,28.6,97,0,6,Sunny,65.31,214.87
103.55,22.3,19,0,2,Cloudy,53.36,198.83
115.7,34.3,31,0,1,Cloudy,64.66,226.9
118.32,24.4,65,1,0,Sunny,84.52,259.55
100.08,23.5,72,0,3,Cloudy,30.29,140.24
106.82,27.2,86,0,3,Cloudy,31.45,134.02
92.85,33.1,89,0,6,Sunny,39.77,162.68
96.01,24.7,52,0,0,Cloudy,12.09,127.5
102.4,23.7,12,0,1,Rainy,23.0,154.01
96.19,20.2,10,0,1,Sunny,51.21,200.31
116.3,29.4,67,0,0,Rainy,24.57,140.44
94.75,28.6,88,0,4,Sunny,27.54,133.16
103.67,24.7,6,1,1,Sunny,81.59,283.44
108.17,21.1,26,0,6,Cloudy,69.43,235.92
110.76,28.6,25,1,0,Sunny,85.88,283.95
101.49,35.8,10,0,4,Rainy,29.1,185.18
116.07,34.3,100,0,2,Rainy,21.84,126.55
107.05,37.2,74,1,3,Rainy,34.86,154.2
103.19,20.2,17,0,0,Cloudy,49.99,226.47
92.02,39.3,5,1,6,Rainy,59.18,244.29
103.94,26.8,26,0,1,Cloudy,47.32,185.77
114.62,39.8,28,0,3,Cloudy,60.05,222.59
108.44,25.1,68,0,4,Rainy,11.39,113.34
114.96,29.4,45,0,6,Sunny,88.47,260.82
104.82,27.1,98,1,3,Cloudy,55.99,185.15
93.55,27.1,26,0,6,Sunny,53.29,213.54
90.41,36.8,65,0,5,Rainy,4.69,106.59
99.1,34.9,16,0,0,Sunny,52.05,205.99
110.94,39.8,94,0,2,Sunny,47.59,159.37
113.71,32.3,8,0,4,Sunny,69.32,241.18
98.87,29.3,87,0,6,Sunny,51.24,172.34
104.87,21.8,84,0,4,Sunny,48.06,176.59
102.63,39.9,16,0,4,Cloudy,39.63,197.95
102.32,31.0,37,0,3,Sunny,61.16,214.88
96.94,34.0,25,0,2,Cloudy,46.0,204.09
94.09,28.1,77,0,6,Sunny,27.69,139.87
95.9,31.0,76,0,0,Sunny,20.18,124.4
91.66,38.9,88,0,0,Rainy,0.0,95.94
95.94,23.3,78,0,3,Sunny,37.1,155.41
90.28,25.8,100,1,5,Sunny,51.86,177.27
108.82,23.0,96,1,6,Rainy,44.53,173.85
99.49,35.8,78,1,0,Sunny,58.71,191.82
119.19,21.2,76,0,0,Sunny,61.95,196.76
95.81,21.6,56,1,2,Sunny,63.3,223.04
100.37,26.0,51,0,3,Sunny,44.74,185.79
100.74,30.3,63,0,3,Sunny,34.04,156.7
90.25,28.1,51,0,4,Rainy,0.0,89.19
115.18,20.9,60,0,0,Sunny,66.61,207.82
90.96,39.1,17,0,1,Sunny,39.89,184.86
118.21,39.1,48,0,5,Rainy,50.94,194.63
116.76,25.6,39,0,2,Sunny,74.46,229.15
106.07,34.6,33,0,2,Sunny,60.99,229.56
106.31,31.6,60,1,6,Cloudy,70.31,234.06
109.61,24.7,9,0,5,Sunny,92.84,289.89
101.61,25.2,71,0,5,Sunny,55.46,187.95
109.42,29.8,57,0,1,Cloudy,49.12,173.38
91.34,28.4,64,0,4,Rainy,0.0,93.73
91.62,25.8,10,0,1,Sunny,42.38,202.27
103.72,36.2,52,1,5,Cloudy,79.53,250.93
106.49,29.6,84,0,6,Sunny,59.94,199.44
116.63,33.1,39,0,5,Sunny,88.62,264.51
93.14,23.8,22,0,1,Sunny,30.67,174.77
114.68,30.7,15,0,4,Sunny,81.62,263.53
96.3,26.4,55,1,1,Sunny,57.1,213.31
101.82,30.5,27,0,6,Rainy,38.41,187.58
99.5,35.6,51,0,4,Rainy,17.17,121.77
102.0,35.4,79,0,5,Cloudy,48.42,177.84
94.51,27.1,63,1,5,Sunny,68.14,234.59
105.11,33.9,61,0,5,Cloudy,52.93,207.29
114.05,38.8,97,0,0,Cloudy,54.6,175.35
103.25,32.5,60,0,4,Sunny,49.29,166.92
104.72,23.0,31,0,5,Sunny,73.83,228.14
115.46,33.6,77,0,3,Sunny,59.18,185.93
111.18,22.1,39,0,6,Sunny,75.59,251.82
104.71,37.4,59,0,3,Sunny,39.62,184.38
97.73,30.3,13,0,1,Rainy,25.3,160.79
116.55,27.7,22,1,3,Sunny,94.32,294.21
107.31,21.1,48,1,4,Sunny,75.61,226.46
96.63,27.6,25,0,0,Rainy,11.92,139.17
98.07,38.1,60,0,4,Cloudy,36.28,161.37
114.09,20.4,52,0,2,Cloudy,51.71,190.08
91.32,29.5,5,0,1,Sunny,46.77,198.98
119.76,38.6,31,0,5,Cloudy,87.9,264.91
93.91,27.9,49,0,0,Sunny,29.24,142.38
113.88,28.6,67,1,1,Sunny,73.33,226.61
101.84,31.6,62,1,2,Cloudy,50.59,184.9
104.77,29.3,44,0,3,Cloudy,45.17,176.17
116.42,23.4,67,0,2,Sunny,65.11,199.46
102.39,20.4,42,1,3,Cloudy,60.39,227.31
106.12,32.2,33,0,1,Cloudy,52.55,193.89
91.48,38.4,44,0,1,Cloudy,19.73,138.1
90.07,22.1,23,0,5,Sunny,52.35,199.0
97.34,24.2,92,1,5,Rainy,27.85,130.7
110.42,27.4,60,0,1,Sunny,53.48,182.52
93.64,36.2,48,0,5,Sunny,62.57,221.44
93.41,25.4,69,0,4,Sunny,18.62,122.55
102.33,37.6,91,0,0,Rainy,7.4,86.84
109.44,21.1,17,0,4,Rainy,38.05,176.96
111.36,38.8,34,0,6,Sunny,85.88,251.84
95.35,31.2,53,0,6,Cloudy,42.61,169.45
92.39,33.2,79,0,2,Sunny,31.55,130.8
118.21,27.4,67,0,6,Sunny,79.98,231.98
97.82,35.6,75,0,0,Rainy,1.19,83.98
115.6,23.3,39,0,1,Sunny,72.07,228.99
115.9,21.0,15,0,1,Sunny,78.2,268.16
113.18,27.9,53,0,1,Cloudy,54.47,194.6
95.07,37.1,44,0,3,Rainy,0.0,101.54
114.65,35.1,25,0,2,Sunny,71.16,250.85
113.08,30.3,51,0,4,Sunny,72.22,218.62
107.9,31.4,7,0,5,Sunny,99.16,296.09
100.12,22.6,34,0,2,Sunny,52.57,190.24
97.88,36.8,92,0,6,Sunny,48.38,166.65
93.66,35.7,71,0,3,Rainy,0.0,94.36
105.29,33.1,66,1,3,Sunny,70.41,209.35
107.56,29.3,41,0,2,Cloudy,51.76,204.54
100.78,39.3,26,0,3,Rainy,23.55,156.87
104.26,37.6,35,0,5,Cloudy,68.58,231.23
100.91,32.9,50,0,0,Sunny,41.94,165.55
109.23,27.4,80,0,1,Cloudy,53.98,188.35
117.04,32.4,49,0,4,Rainy,36.55,179.75
94.92,31.5,18,0,3,Sunny,47.67,198.54
101.44,27.9,16,0,4,Sunny,55.3,214.0
94.23,26.1,67,0,1,Sunny,29.19,144.23
108.75,28.1,95,0,5,Cloudy,52.7,169.17
111.87,31.5,81,0,2,Sunny,56.68,185.11
117.96,28.6,92,0,6,Cloudy,67.16,208.12
98.37,25.3,42,0,5,Cloudy,47.68,189.28
118.51,35.2,51,0,1,Sunny,58.95,207.94
91.9,30.6,58,0,4,Cloudy,11.47,132.91
108.09,21.4,59,0,0,Sunny,54.5,205.32
91.71,27.4,52,0,2,Cloudy,23.65,133.2
116.81,37.7,77,0,3,Cloudy,50.02,190.49
105.89,35.1,76,0,0,Cloudy,32.58,156.65
110.08,26.5,19,0,1,Sunny,70.9,255.08
114.95,38.8,75,0,4,Cloudy,49.38,171.38
94.51,21.5,92,0,4,Sunny,21.78,119.9
91.16,39.2,20,0,4,Sunny,32.66,170.65
116.37,24.9,92,0,1,Sunny,52.73,174.88
99.45,20.2,47,0,2,Sunny,49.73,205.04
93.87,28.7,11,0,3,Sunny,42.69,197.46
104.05,27.2,47,0,0,Sunny,55.3,187.28
107.95,30.8,32,0,1,Sunny,69.26,230.68
90.93,35.9,70,0,4,Cloudy,11.44,105.35
98.25,36.8,64,1,3,Sunny,55.95,218.02
90.98,28.0,7,0,4,Sunny,49.31,203.76
102.61,28.6,5,0,1,Sunny,68.58,242.69
116.85,23.0,35,0,4,Cloudy,61.56,215.32
119.48,21.0,60,0,1,Cloudy,53.11,203.4
109.11,32.8,91,0,6,Rainy,32.64,145.94
94.85,21.3,88,0,4,Cloudy,18.79,119.37
117.18,34.7,84,0,1,Sunny,62.57,197.48
105.49,30.8,50,0,4,Cloudy,47.81,187.78
94.61,24.0,36,0,3,Sunny,35.19,170.96
117.65,30.8,85,0,3,Sunny,62.93,212.22
112.72,23.7,22,0,4,Rainy,36.06,168.77
111.95,28.8,72,0,4,Sunny,59.34,173.69
111.28,36.0,39,0,1,Cloudy,59.21,215.62
96.01,29.2,27,0,1,Rainy,15.8,151.16
96.33,23.0,83,0,1,Sunny,32.59,143.64
110.65,34.5,17,0,2,Sunny,72.13,230.49
96.59,23.7,82,0,4,Sunny,31.71,147.04
103.16,34.8,18,0,5,Sunny,76.17,244.59
113.46,29.6,41,0,4,Sunny,64.77,210.81
113.52,29.1,9,0,4,Rainy,40.73,185.98
103.6,37.0,26,0,4,Rainy,24.61,143.43
113.77,34.2,32,0,1,Cloudy,64.3,226.37
115.16,20.7,8,0,6,Cloudy,82.08,263.57
109.64,25.9,54,0,6,Sunny,67.88,209.54
96.85,37.4,33,0,6,Cloudy,42.0,203.14
98.22,20.4,41,0,6,Sunny,53.72,196.95
99.45,30.9,39,0,1,Sunny,44.77,186.5
93.5,34.6,24,0,2,Sunny,40.82,198.91
98.19,32.4,39,0,6,Cloudy,49.18,199.44
96.29,35.2,88,0,1,Sunny,22.0,135.87
103.66,34.5,6,0,5,Sunny,69.63,241.76
117.25,33.8,62,0,4,Cloudy,57.91,206.62
93.13,36.4,22,0,4,Cloudy,33.74,178.65
111.61,32.9,98,1,6,Sunny,86.12,248.97
110.62,28.0,60,0,0,Sunny,62.0,213.36
92.87,29.4,68,0,1,Rainy,0.0,84.82
117.68,34.3,97,0,0,Sunny,57.99,203.47
107.05,37.5,56,0,4,Cloudy,48.16,165.61
100.91,25.4,26,0,1,Sunny,60.69,214.32
112.7,26.8,97,0,6,Cloudy,51.56,174.76
97.72,38.6,64,0,4,Cloudy,31.23,151.54
110.81,31.6,14,1,0,Rainy,53.89,226.07
91.19,23.6,88,0,6,Sunny,36.48,152.39
115.18,33.3,84,0,0,Sunny,62.92,189.52
103.45,39.8,10,0,3,Rainy,25.8,173.16
109.1,36.5,85,0,6,Sunny,58.39,186.57
96.64,34.9,10,0,3,Rainy,14.66,157.6
110.31,24.2,90,0,1,Cloudy,33.7,138.23
113.17,37.5,86,1,1,Sunny,68.58,219.19
104.2,30.5,100,0,6,Rainy,22.33,120.29
108.53,37.8,32,0,1,Sunny,65.86,234.79
103.69,26.6,46,0,1,Cloudy,38.14,170.95
116.82,21.2,78,0,1,Cloudy,46.91,168.15
104.94,29.5,45,0,1,Cloudy,39.33,167.09
115.25,25.4,67,0,5,Cloudy,64.18,210.92
114.04,34.3,26,0,1,Cloudy,69.02,221.06
102.32,39.1,96,0,0,Cloudy,24.12,122.89
96.9,33.8,83,1,0,Sunny,61.11,206.57
102.18,37.7,33,0,0,Cloudy,43.17,201.21
114.79,29.1,75,0,5,Sunny,71.8,211.46
96.83,35.4,38,0,4,Sunny,48.48,194.77
105.73,36.9,100,0,6,Sunny,45.25,157.72
114.18,34.2,6,0,6,Sunny,95.42,284.9
100.6,30.2,30,0,2,Rainy,10.85,129.48
109.27,32.5,79,0,4,Cloudy,29.29,127.49
97.37,34.0,93,0,1,Rainy,0.0,86.2
93.28,25.1,23,0,2,Sunny,47.19,203.17
113.83,36.2,24,0,0,Cloudy,64.62,232.76
92.97,39.0,37,0,0,Sunny,38.82,171.28
98.14,29.3,85,0,3,Sunny,18.72,127.54
115.65,34.0,98,0,1,Rainy,18.31,100.27
100.39,34.7,86,0,1,Sunny,34.07,143.72
119.19,33.2,100,0,3,Sunny,61.89,177.05
119.39,30.9,8,0,4,Sunny,81.4,266.05
98.05,37.6,36,0,3,Cloudy,40.42,189.93
91.23,29.0,23,1,5,Cloudy,62.4,239.59
111.15,21.2,7,0,1,Sunny,73.13,245.77
103.53,36.9,96,0,5,Sunny,54.13,170.26
93.02,33.5,65,0,5,Sunny,39.09,159.82
111.23,37.0,42,1,5,Sunny,100.0,287.33
90.94,22.8,10,0,0,Rainy,1.63,125.11
116.11,20.6,60,1,3,Rainy,54.43,220.45
94.16,38.7,44,0,2,Rainy,1.86,101.88
93.82,23.0,85,0,0,Rainy,0.0,97.94
95.27,36.2,73,0,4,Rainy,0.0,88.47
118.81,36.5,87,0,0,Rainy,24.16,127.56
110.8,34.2,46,0,4,Rainy,26.34,151.5
114.04,22.6,90,0,0,Rainy,26.8,114.68
101.93,33.3,92,0,1,Sunny,35.11,145.84
100.09,37.8,78,0,6,Sunny,48.47,153.79
97.03,28.5,6,0,5,Cloudy,62.92,236.93
104.42,28.3,32,0,6,Cloudy,59.5,217.41
106.55,28.9,21,0,4,Cloudy,58.69,207.87
108.95,21.6,74,0,4,Cloudy,42.54,165.08
97.71,37.8,73,0,3,Cloudy,20.17,122.47
118.46,37.4,43,0,0,Sunny,79.48,245.33
95.09,40.0,11,0,4,Sunny,52.34,212.57
118.97,31.7,36,0,4,Rainy,47.13,187.13
90.45,35.0,8,1,0,Cloudy,52.36,225.85
104.43,24.1,25,0,0,Sunny,62.16,231.31
100.0,33.4,36,0,2,Rainy,23.8,147.94
103.47,33.0,86,0,3,Sunny,40.27,154.08
107.12,38.0,18,0,4,Sunny,63.29,235.11
103.07,36.6,74,0,0,Sunny,50.12,196.38
102.45,38.8,79,1,4,Rainy,28.3,144.9
111.98,37.4,50,1,2,Cloudy,70.72,223.68
110.58,37.4,24,0,2,Sunny,77.34,245.04
115.0,21.3,97,0,4,Rainy,12.38,103.6
97.5,36.9,62,1,3,Rainy,25.29,161.63
108.29,32.1,84,0,1,Cloudy,42.96,152.76
107.56,27.6,52,0,6,Rainy,41.09,172.62
101.09,21.1,11,0,4,Cloudy,43.84,198.56
104.58,33.6,44,0,2,Cloudy,37.47,164.3
99.41,26.6,63,1,3,Sunny,61.37,226.24
94.26,29.4,40,0,5,Sunny,57.91,218.54
96.41,33.6,48,0,0,Sunny,34.83,166.45
93.17,38.2,35,0,6,Rainy,20.76,141.5
110.49,36.5,46,0,5,Sunny,69.65,235.02
109.82,29.0,48,1,3,Sunny,85.64,269.26
118.52,27.8,47,0,3,Sunny,70.82,225.48
111.89,24.8,47,0,6,Sunny,77.92,249.52
91.56,27.4,51,0,6,Sunny,51.36,194.91
116.53,22.2,10,0,4,Rainy,50.65,197.88
115.88,39.4,97,0,3,Rainy,22.09,108.32
103.3,31.5,95,0,0,Rainy,6.6,80.0
107.58,22.6,70,1,6,Cloudy,77.41,247.59
119.28,27.1,90,1,5,Rainy,69.16,208.87
105.97,30.9,13,0,4,Sunny,56.5,225.22
117.16,30.7,15,1,2,Cloudy,90.94,308.57
92.49,20.7,84,1,6,Sunny,58.03,203.8
95.73,39.0,81,0,0,Rainy,0.0,81.15
103.22,25.5,22,0,4,Sunny,60.72,217.35
107.54,20.3,29,1,6,Cloudy,88.68,277.68
114.49,21.5,78,0,4,Cloudy,52.45,172.2
119.65,31.6,62,0,6,Cloudy,69.95,210.76
101.67,22.8,34,0,1,Sunny,63.76,216.33
91.42,20.8,5,0,0,Cloudy,33.68,187.38
114.04,27.6,67,1,3,Cloudy,72.39,227.63
108.13,32.5,83,0,0,Sunny,46.27,164.98
95.96,22.2,33,1,6,Cloudy,69.44,247.25
104.84,26.3,70,0,0,Rainy,8.59,111.28
112.27,28.4,79,0,1,Rainy,20.73,107.38
113.11,23.2,57,0,6,Sunny,80.47,227.56
104.99,30.1,23,0,3,Sunny,48.57,197.85
99.16,21.7,70,0,5,Sunny,51.09,173.05
119.21,20.9,88,0,1,Cloudy,50.59,178.89
109.9,30.4,56,0,1,Rainy,34.66,155.67
102.25,25.0,35,0,1,Rainy,22.17,161.79
98.41,21.9,64,0,6,Rainy,25.92,135.75
111.93,28.5,72,0,0,Cloudy,49.09,179.83
97.27,38.3,97,0,5,Cloudy,32.21,129.14
95.15,34.5,34,0,1,Sunny,44.35,191.73
105.9,36.3,17,0,2,Sunny,69.36,245.42
98.7,37.4,19,0,3,Rainy,26.1,169.58
108.87,39.5,24,0,5,Cloudy,72.61,242.63
93.54,35.3,38,0,3,Sunny,35.79,180.59
109.65,32.2,96,0,5,Sunny,65.3,196.93
98.5,27.3,24,0,1,Sunny,46.28,191.16
90.01,23.6,54,0,5,Cloudy,35.76,157.29
93.81,33.7,93,0,0,Rainy,0.0,84.33
118.01,39.9,31,1,5,Sunny,100.0,309.61
116.02,29.3,34,1,6,Sunny,100.0,289.02
97.01,34.5,60,0,4,Cloudy,25.24,146.44
113.35,29.9,88,0,6,Sunny,67.04,189.79
108.26,28.6,69,0,4,Sunny,46.42,169.11
119.13,28.2,59,0,0,Sunny,69.06,223.73
101.21,30.1,28,0,1,Sunny,46.15,187.29
110.44,27.3,29,0,1,Cloudy,59.92,230.08
91.91,35.0,57,0,2,Rainy,0.0,101.37
101.89,37.5,80,0,4,Cloudy,30.16,129.84
118.91,37.7,15,0,4,Cloudy,71.94,252.24
106.17,24.6,98,0,3,Sunny,38.59,134.91
98.64,37.9,64,1,1,Cloudy,44.61,183.33
93.61,26.8,81,1,0,Cloudy,38.64,171.07
111.11,26.2,51,1,1,Sunny,74.57,249.4
109.35,34.5,29,0,1,Cloudy,55.74,210.14
101.22,26.1,29,0,2,Sunny,49.96,197.67
118.53,21.1,21,0,5,Cloudy,95.28,276.74
90.67,27.5,16,0,5,Cloudy,48.83,206.36
99.11,34.4,56,0,0,Cloudy,31.87,160.79
117.63,26.5,15,1,2,Rainy,61.42,254.57
99.63,32.6,14,1,2,Rainy,33.42,184.52
97.57,33.2,85,0,2,Rainy,0.0,89.27
106.03,34.7,64,0,5,Rainy,38.83,169.02
114.71,37.9,58,0,2,Sunny,66.72,212.28
93.09,28.7,84,0,1,Sunny,25.32,134.34
118.29,23.3,67,1,5,Sunny,100.0,274.97
113.85,26.4,24,0,5,Sunny,89.09,275.42
95.44,28.6,9,0,3,Sunny,51.47,211.46
111.36,34.3,45,0,1,Rainy,25.11,151.25
101.55,20.3,67,0,2,Cloudy,27.36,144.92
102.07,26.3,60,0,2,Cloudy,35.65,154.94
113.5,35.6,36,1,3,Sunny,96.92,291.37
118.88,33.4,31,0,4,Cloudy,72.91,239.71
93.8,34.6,72,0,6,Rainy,2.93,85.56
102.62,36.2,52,0,0,Sunny,47.05,180.74
104.43,35.7,11,0,2,Rainy,31.99,172.44
101.29,33.6,50,0,6,Sunny,69.52,216.12
100.9,28.8,82,0,2,Rainy,10.7,96.83
91.57,39.7,92,0,1,Sunny,18.7,110.59
110.57,31.4,22,1,2,Cloudy,83.37,274.51
103.09,24.1,42,0,2,Rainy,18.28,126.95
95.84,25.9,69,0,0,Cloudy,22.47,140.54
114.48,33.9,21,1,6,Cloudy,100.0,309.41
114.08,38.5,94,1,1,Cloudy,63.29,201.24
104.59,23.6,90,0,6,Sunny,60.76,179.62
98.95,21.6,86,0,4,Sunny,25.61,126.39
109.14,37.6,42,0,2,Sunny,63.45,216.03
98.64,38.3,96,0,2,Sunny,36.86,134.71
97.08,25.5,89,0,4,Rainy,1.08,80.0
111.92,27.5,67,0,3,Rainy,25.62,143.74
91.21,33.2,98,0,6,Sunny,28.63,124.94
92.84,26.6,46,0,4,Rainy,4.35,116.91
90.2,37.5,12,0,4,Sunny,48.33,205.89
94.59,22.2,34,0,1,Sunny,39.11,184.41
92.07,20.8,68,0,5,Cloudy,34.49,158.83
119.87,24.2,13,0,4,Sunny,84.88,275.03
98.66,25.7,61,0,1,Sunny,36.63,169.89
94.48,22.3,63,0,5,Cloudy,36.24,159.54
97.23,21.3,97,1,4,Rainy,12.39,96.84
118.08,35.1,99,0,6,Cloudy,57.83,168.92
105.6,23.3,71,0,2,Sunny,41.7,159.33
100.94,38.3,79,0,2,Sunny,33.27,151.32
116.2,27.4,9,0,5,Cloudy,88.24,276.14
101.85,33.4,99,0,3,Cloudy,15.75,105.48
100.05,24.5,88,0,5,Rainy,2.59,89.95
96.22,24.8,8,0,6,Rainy,38.79,192.14
101.33,31.5,12,0,4,Rainy,18.33,133.67
99.5,31.2,46,0,0,Cloudy,34.48,154.57
110.32,35.4,39,0,4,Sunny,68.39,242.73
98.69,35.2,17,0,5,Cloudy,50.74,210.44
107.32,33.4,9,1,6,Cloudy,86.08,263.84
91.98,29.0,44,0,0,Sunny,31.6,160.44
95.74,37.8,23,0,6,Cloudy,56.51,229.65
102.22,32.5,86,0,6,Sunny,52.43,178.56
118.11,39.8,8,0,5,Rainy,64.72,237.86
101.32,36.4,63,1,4,Sunny,61.6,199.75
109.92,20.9,22,1,1,Rainy,56.09,222.8
97.65,26.4,28,0,2,Sunny,55.24,197.28
93.81,31.4,97,0,6,Cloudy,41.54,141.49
91.76,34.4,35,0,6,Sunny,51.39,188.4
99.16,31.0,62,0,0,Cloudy,37.77,175.91
94.73,35.7,32,1,0,Sunny,67.49,246.31
95.22,25.7,13,0,4,Sunny,50.27,220.19
112.82,23.7,49,0,2,Sunny,53.48,186.18
90.48,21.1,94,0,6,Cloudy,20.62,116.65
106.73,31.5,53,0,3,Rainy,17.51,121.95
101.38,33.8,6,0,0,Cloudy,52.07,208.52
105.2,26.5,10,0,2,Sunny,63.81,238.61
106.88,32.3,33,0,2,Sunny,57.61,213.63
99.4,21.0,30,0,6,Rainy,40.25,184.74
98.85,22.0,32,0,0,Cloudy,45.22,180.35
112.0,34.0,11,0,1,Sunny,64.59,236.78
116.14,27.4,38,0,5,Sunny,86.4,264.31
95.78,33.4,60,0,1,Cloudy,28.82,141.48
92.93,36.6,14,0,4,Sunny,51.85,209.15
116.93,37.1,61,0,6,Cloudy,70.0,207.34
100.5,23.4,51,0,5,Cloudy,49.37,171.12
106.54,29.7,90,0,5,Sunny,58.28,200.98
100.79,34.7,31,0,4,Cloudy,45.19,192.48
93.77,35.5,43,0,2,Rainy,0.0,100.63
107.68,35.7,26,0,6,Sunny,68.64,241.94
105.75,24.6,23,0,0,Sunny,68.0,228.95
96.09,23.9,13,1,1,Cloudy,55.28,228.89
103.56,31.8,23,1,2,Sunny,89.05,292.64
113.91,34.8,6,1,6,Rainy,74.74,257.72
107.71,26.4,96,0,1,Rainy,6.84,85.38
92.91,22.1,65,0,0,Rainy,0.0,81.45
106.44,34.3,63,0,1,Sunny,40.1,172.36
111.08,26.0,90,1,3,Cloudy,73.95,224.74
113.78,23.3,74,1,6,Rainy,56.5,209.07
108.87,23.0,75,0,4,Sunny,46.62,178.15
94.58,26.3,74,0,5,Sunny,38.84,155.82
111.31,31.9,37,0,1,Sunny,67.67,231.59
110.32,27.2,82,0,0,Rainy,17.33,118.57
90.73,20.4,69,0,6,Cloudy,24.74,140.89
102.35,21.9,29,1,0,Cloudy,57.97,236.58
99.99,25.8,74,0,3,Cloudy,33.06,138.78
110.08,33.2,32,0,0,Cloudy,52.25,188.03
96.48,22.0,22,1,3,Sunny,59.52,222.73
107.73,31.2,67,0,2,Cloudy,40.75,168.63
117.4,22.4,95,0,1,Cloudy,45.59,162.86
113.93,24.2,53,0,0,Cloudy,64.75,210.5
117.64,23.4,70,0,4,Cloudy,52.85,182.96
119.36,21.3,44,0,1,Cloudy,64.29,212.05
90.32,33.4,89,0,6,Rainy,0.0,80.0
108.68,29.3,91,0,3,Sunny,42.87,151.11
102.39,36.6,70,0,1,Cloudy,34.78,165.7
115.8,22.0,84,0,1,Cloudy,43.41,171.72
97.55,22.9,8,0,0,Rainy,17.74,158.71
119.43,26.1,38,0,4,Cloudy,69.78,231.85
108.41,35.3,9,0,2,Sunny,75.61,265.7
113.81,26.1,26,0,4,Sunny,69.98,238.75
92.57,28.2,24,0,5,Sunny,53.66,210.88
95.5,26.0,51,0,3,Sunny,45.66,167.87
112.75,21.6,81,0,5,Cloudy,57.07,189.31
90.66,38.8,38,0,6,Rainy,14.31,121.42
114.51,31.0,48,0,4,Cloudy,65.92,216.44
90.42,35.8,10,1,4,Sunny,62.96,244.69
109.71,33.2,60,1,3,Sunny,75.33,233.41
100.95,30.3,33,0,6,Cloudy,55.66,212.52
108.34,21.8,57,0,6,Cloudy,56.72,207.0
110.88,32.9,5,0,4,Rainy,42.08,191.17
100.27,23.1,63,0,2,Rainy,1.89,97.84
93.24,28.3,52,0,1,Rainy,3.15,94.7
92.09,32.6,11,0,2,Sunny,44.91,191.0
107.67,35.6,90,0,5,Cloudy,50.68,173.7
105.62,33.7,36,1,1,Sunny,86.28,278.01
112.27,33.4,82,0,1,Sunny,46.55,155.72
105.29,23.0,65,0,4,Sunny,48.56,196.3
102.67,26.9,61,0,1,Sunny,48.9,178.55
101.94,20.9,55,0,3,Sunny,43.33,177.16
90.79,34.4,92,1,2,Rainy,8.35,99.75
100.07,39.1,23,0,1,Sunny,50.48,202.08
119.28,25.3,31,0,4,Rainy,46.08,204.59
116.21,21.8,67,0,4,Rainy,28.59,155.01
99.88,29.5,64,0,4,Rainy,6.43,91.37
107.63,37.1,65,0,0,Rainy,17.32,119.17
115.42,31.0,65,0,2,Cloudy,53.47,212.35
103.24,20.9,91,0,4,Sunny,35.19,139.38
90.54,39.5,49,0,6,Cloudy,32.78,162.89
92.24,36.6,25,0,3,Rainy,7.43,134.97
105.31,22.6,48,0,4,Rainy,18.83,141.72
119.08,38.4,97,0,0,Rainy,21.06,91.88
110.8,29.0,5,0,2,Cloudy,66.41,244.71
92.13,27.4,99,1,1,Cloudy,26.18,146.62
95.68,29.2,95,0,2,Rainy,0.0,80.0
113.14,36.7,48,0,1,Rainy,42.76,169.63
115.24,33.2,66,1,6,Sunny,100.0,273.82
108.53,21.2,65,1,1,Cloudy,69.96,226.84
109.33,39.2,95,0,4,Rainy,14.57,109.13
90.85,23.0,83,0,5,Sunny,35.33,170.2
114.86,34.9,93,0,3,Rainy,9.89,93.98
113.65,32.7,83,0,3,Sunny,50.45,178.8
97.77,23.8,87,0,5,Sunny,42.17,145.05
111.26,23.4,54,0,4,Sunny,66.73,204.63
96.45,37.4,79,0,0,Cloudy,22.25,121.57
91.21,28.4,45,0,1,Sunny,30.02,160.09
96.03,33.1,37,0,5,Sunny,48.73,193.51
95.36,30.1,91,0,3,Rainy,2.33,84.12
100.13,34.5,16,0,2,Sunny,58.07,219.32
102.55,29.6,6,0,0,Sunny,66.57,241.61
105.26,25.7,25,0,4,Cloudy,47.71,196.02
104.3,27.3,18,1,0,Sunny,80.36,259.85
98.12,37.2,38,0,6,Rainy,24.06,137.38
90.88,29.4,83,0,6,Sunny,36.73,160.5
108.15,24.3,89,0,3,Cloudy,44.76,154.48
101.87,38.7,68,0,5,Cloudy,41.39,163.57
98.96,35.9,27,0,6,Rainy,30.13,175.26
116.01,21.1,89,0,6,Sunny,74.12,211.75
112.4,40.0,54,1,6,Sunny,96.82,289.29
115.73,33.9,18,1,4,Rainy,68.18,241.61
104.85,23.2,89,0,3,Cloudy,21.9,132.36
93.93,24.7,80,0,1,Cloudy,26.31,134.18
110.89,33.8,50,0,6,Sunny,69.48,224.84
96.18,35.6,9,0,6,Cloudy,50.92,210.84
103.24,24.8,70,0,6,Sunny,56.61,198.01
91.95,25.1,26,0,0,Sunny,36.89,180.29
114.76,26.1,74,0,5,Cloudy,67.06,183.13
93.78,32.0,6,0,1,Rainy,15.41,146.16
117.09,23.4,33,0,2,Sunny,76.31,248.43
115.93,22.1,65,0,1,Sunny,57.3,187.9
103.94,33.6,75,0,0,Sunny,42.71,160.35
112.33,35.6,20,0,2,Cloudy,62.6,224.57
108.58,30.0,68,0,3,Cloudy,48.64,191.31
114.09,27.3,18,1,5,Sunny,100.0,310.78
102.95,28.6,47,0,2,Rainy,17.24,135.17
113.57,27.8,80,0,0,Sunny,66.17,194.79
103.87,39.2,47,0,6,Sunny,60.91,205.66
118.23,35.4,74,0,4,Sunny,63.2,208.57
104.59,24.2,59,0,2,Sunny,43.51,179.09
103.88,27.7,80,0,3,Sunny,49.85,163.37
113.55,30.9,35,0,2,Sunny,78.2,259.46
114.65,32.3,80,0,5,Cloudy,70.61,205.22
106.63,29.4,78,0,1,Sunny,49.29,177.59
95.39,36.2,44,0,4,Sunny,41.79,200.1
104.03,35.4,31,0,0,Sunny,54.46,204.18
119.04,30.1,56,0,4,Sunny,75.61,234.44
112.59,37.1,11,0,1,Sunny,69.18,239.55
114.33,35.0,50,0,6,Sunny,75.08,236.54
90.98,35.6,37,0,4,Rainy,0.0,117.9
104.04,39.1,95,0,6,Cloudy,51.99,169.52
109.4,25.3,12,0,6,Cloudy,72.93,247.92
114.9,25.4,9,0,1,Rainy,42.76,206.3
91.48,37.8,65,0,5,Cloudy,34.16,143.88
115.57,35.4,76,0,2,Cloudy,55.05,186.76
106.45,38.5,64,1,0,Cloudy,66.74,217.31
95.92,21.3,89,0,1,Cloudy,11.58,99.44
99.52,32.6,28,1,6,Rainy,50.39,204.61
98.46,22.9,11,0,1,Sunny,55.51,207.99
105.93,30.1,65,0,2,Sunny,51.01,166.65
91.55,23.1,87,0,1,Sunny,25.55,123.88
94.76,22.6,99,0,0,Rainy,0.0,80.0
114.38,20.2,40,0,3,Sunny,69.7,236.96
93.98,32.6,31,0,4,Rainy,12.43,121.19
97.0,27.2,33,0,5,Sunny,65.45,227.52
103.6,22.1,91,0,5,Sunny,57.54,187.55
105.51,26.5,24,0,1,Sunny,58.43,221.05
112.91,23.4,74,0,4,Cloudy,50.73,181.37
103.42,38.8,80,0,5,Cloudy,52.15,161.57
113.7,26.4,80,1,4,Sunny,73.97,227.2
108.55,26.7,7,0,5,Cloudy,76.38,258.33
93.39,36.8,43,0,3,Sunny,45.01,188.89
94.69,33.0,87,0,1,Cloudy,17.92,124.85
103.11,34.2,49,1,6,Cloudy,74.53,242.58
101.91,32.7,72,0,0,Rainy,13.57,110.66
112.31,38.9,35,1,1,Rainy,50.61,209.64
107.42,24.1,42,0,4,Sunny,50.05,194.27
101.64,39.8,10,1,2,Sunny,75.57,269.49
95.12,36.6,12,0,3,Rainy,19.76,158.81
96.81,31.8,32,0,0,Sunny,48.21,194.37
107.27,33.2,19,0,0,Sunny,65.54,237.46
102.7,33.0,99,0,4,Sunny,39.66,145.14
105.45,21.2,12,0,0,Sunny,65.41,225.13
95.12,24.4,58,0,4,Cloudy,24.17,130.25
109.89,39.2,10,0,0,Sunny,76.01,238.13
115.58,30.7,33,0,0,Rainy,36.55,187.6
97.74,27.6,38,0,5,Cloudy,52.66,211.07
104.75,35.2,11,0,5,Cloudy,64.84,244.5
119.27,30.5,44,0,4,Sunny,70.43,228.04
100.0,20.3,78,0,3,Sunny,32.27,151.89
107.85,34.7,17,0,0,Cloudy,56.55,225.47
92.71,34.6,66,0,1,Cloudy,16.02,109.2
108.18,23.3,90,0,2,Cloudy,32.17,131.62
92.69,39.1,89,0,5,Sunny,36.57,150.62
118.78,24.5,69,0,6,Cloudy,72.1,216.38
111.47,29.2,45,0,4,Cloudy,45.95,179.55
113.64,22.3,46,0,0,Cloudy,44.06,187.89
111.12,32.1,70,0,5,Cloudy,62.68,196.21
107.69,27.5,97,0,3,Rainy,8.13,110.99
103.5,27.1,15,1,5,Cloudy,78.89,282.26
115.75,36.5,54,0,1,Sunny,69.61,221.59
118.71,20.2,75,0,4,Cloudy,57.73,201.41
104.97,36.0,39,1,1,Cloudy,64.25,232.63
117.95,31.4,98,0,5,Sunny,82.32,220.84
107.5,39.7,84,0,2,Sunny,52.4,193.14
106.15,31.8,83,1,3,Cloudy,52.33,190.82
103.63,21.1,24,0,4,Cloudy,46.35,189.27
96.28,21.0,32,0,4,Rainy,2.53,117.23
90.11,37.7,41,0,0,Rainy,3.99,125.1
97.25,36.8,7,0,1,Sunny,55.0,220.52
105.29,26.9,97,1,4,Cloudy,52.95,183.49
101.4,32.4,63,0,1,Cloudy,22.53,131.65
103.45,29.8,77,0,2,Sunny,45.97,172.06
119.42,39.3,31,0,0,Sunny,77.28,240.78
100.51,39.0,36,0,6,Sunny,67.88,222.83
103.57,39.7,52,1,2,Sunny,72.35,236.5
94.01,37.3,50,0,0,Rainy,0.9,102.97
91.44,38.2,99,0,0,Sunny,13.97,109.55
113.26,24.3,51,0,1,Sunny,66.59,218.18
107.12,36.6,94,0,6,Sunny,53.3,180.56
112.82,34.2,44,0,6,Cloudy,76.28,236.79
94.5,39.3,7,0,5,Sunny,61.04,236.07
107.15,31.4,79,0,0,Sunny,47.15,179.95
97.61,21.7,33,0,2,Sunny,42.78,184.59
96.84,31.9,95,1,5,Sunny,62.56,202.91
90.35,33.7,62,0,2,Sunny,21.76,128.48
93.91,24.4,54,0,6,Cloudy,35.62,166.81
99.28,27.9,14,0,5,Sunny,81.19,241.73
93.51,32.0,65,0,2,Sunny,34.98,142.46
119.58,27.5,65,0,1,Sunny,71.71,226.16
99.26,27.5,27,0,1,Rainy,18.36,131.46
93.91,22.7,10,1,3,Sunny,69.39,251.0
95.97,38.8,79,0,6,Rainy,9.81,114.39
107.63,35.0,64,0,6,Rainy,36.03,164.77
91.92,20.0,31,1,4,Sunny,54.45,236.66
115.87,35.3,59,0,3,Cloudy,64.09,211.46
118.84,34.8,35,0,3,Cloudy,68.37,229.9
97.4,20.2,34,0,0,Cloudy,39.91,179.92
103.5,27.4,71,1,6,Cloudy,76.82,230.38
90.66,32.1,17,0,0,Cloudy,33.35,174.83
109.22,29.1,63,0,3,Sunny,50.88,175.0
102.42,35.6,58,0,4,Cloudy,42.32,181.57
98.1,28.5,25,0,3,Cloudy,48.13,205.05
96.21,23.1,47,0,1,Sunny,30.48,147.07
109.62,39.5,15,0,2,Rainy,34.42,174.14
102.49,24.8,71,1,3,Sunny,63.89,217.62
95.39,34.4,42,0,0,Rainy,4.16,113.66
110.67,22.9,99,0,4,Cloudy,30.08,121.25
106.95,26.6,28,1,0,Cloudy,67.61,243.23
115.76,28.8,55,0,6,Rainy,37.89,170.28
93.52,23.8,80,0,1,Rainy,0.0,89.8
113.57,29.0,65,0,6,Sunny,82.72,254.88
110.21,23.1,50,0,5,Cloudy,72.11,231.79
93.45,31.2,47,0,0,Sunny,35.93,156.24
110.84,33.3,31,0,6,Sunny,83.33,250.97
103.25,21.2,89,0,5,Rainy,23.52,132.88
118.35,37.4,93,0,0,Sunny,58.46,196.62
94.25,23.7,34,0,4,Sunny,36.43,173.29
109.29,24.5,98,0,6,Cloudy,46.67,163.07
101.46,33.2,67,0,5,Sunny,57.97,196.58
118.7,29.4,14,0,4,Sunny,80.29,260.13
99.9,30.0,7,0,0,Cloudy,50.12,199.78
118.87,22.6,81,0,0,Cloudy,47.22,173.32
117.04,36.1,64,0,3,Sunny,65.15,224.53
98.11,32.3,31,0,1,Cloudy,39.89,182.67
114.11,22.7,86,0,5,Rainy,36.02,144.42
119.87,27.5,49,0,3,Rainy,36.43,162.61
97.58,36.2,66,0,4,Cloudy,30.25,150.42
103.1,31.4,28,0,3,Sunny,57.57,223.83
105.61,22.2,50,0,3,Sunny,42.96,181.6
98.85,27.5,82,1,5,Rainy,35.95,143.75
90.46,24.9,48,0,0,Sunny,29.18,167.46
96.6,30.3,67,0,0,Rainy,0.0,98.17
98.46,36.9,8,0,5,Sunny,66.14,238.61
103.31,28.7,20,0,1,Rainy,18.95,144.86
95.13,28.7,55,0,2,Sunny,37.23,160.94
116.2,38.1,78,0,2,Sunny,63.63,207.43
111.15,31.5,95,0,5,Cloudy,53.99,158.87
92.56,31.3,52,0,5,Rainy,17.98,135.48
109.5,25.2,69,0,3,Cloudy,46.46,176.37
109.61,32.2,73,1,1,Sunny,62.48,213.1
118.69,31.5,81,0,1,Rainy,24.15,118.66
90.09,27.9,49,0,4,Cloudy,26.38,134.35
97.44,39.8,7,0,0,Sunny,47.71,225.33
117.83,37.6,21,1,6,Sunny,100.0,305.56
117.96,35.0,87,0,5,Cloudy,75.0,231.99
111.62,30.7,41,0,6,Sunny,81.61,258.62
112.97,29.2,9,0,5,Rainy,53.34,217.42
92.74,23.7,51,0,5,Sunny,44.57,181.59
105.42,26.1,48,0,5,Cloudy,61.87,221.01
96.95,35.5,92,0,4,Sunny,30.21,142.92
95.44,29.1,37,1,2,Cloudy,53.69,216.95
114.31,37.6,25,0,1,Sunny,73.02,252.68
94.05,23.0,71,0,6,Sunny,38.37,167.7
104.06,30.2,72,0,2,Sunny,44.31,171.39
118.16,32.9,36,1,0,Sunny,100.0,292.17
95.57,30.3,28,0,0,Sunny,42.25,191.03
119.34,37.8,39,0,5,Sunny,95.32,271.08
119.83,39.8,22,0,6,Sunny,96.12,283.97
106.67,22.3,71,0,0,Sunny,52.71,187.56
95.1,22.6,58,0,2,Rainy,0.0,95.37
99.48,22.6,30,0,6,Sunny,65.29,238.05
102.73,33.6,64,0,1,Sunny,47.18,172.65
99.28,27.5,92,0,6,Sunny,42.94,139.27
98.42,34.7,69,0,4,Cloudy,28.74,152.72
119.17,28.1,55,0,1,Cloudy,62.1,209.66
94.6,32.6,64,0,1,Sunny,32.48,152.23
112.0,35.4,63,0,3,Sunny,55.71,187.47
90.01,31.0,80,0,1,Cloudy,16.01,98.74
107.89,30.8,21,0,4,Rainy,25.8,154.39
117.48,21.8,89,0,3,Rainy,25.92,131.71
98.64,28.2,25,0,1,Sunny,46.21,194.07
95.57,30.9,71,0,3,Cloudy,21.72,125.93
109.55,29.2,32,0,6,Sunny,82.94,244.7
111.38,38.0,93,0,1,Cloudy,37.72,160.89
110.64,38.1,48,0,0,Sunny,46.18,183.65
99.58,36.4,74,0,0,Sunny,30.45,161.54
97.57,27.5,66,0,1,Cloudy,15.76,123.3
118.68,34.3,46,0,6,Cloudy,79.56,257.61
117.7,27.9,98,1,3,Cloudy,67.12,201.08
103.72,24.7,100,0,4,Sunny,33.83,123.77
115.39,26.9,26,0,0,Cloudy,62.15,222.37
103.57,21.4,42,0,3,Rainy,18.86,142.43
102.73,26.6,18,0,4,Sunny,51.46,213.98
94.7,29.2,30,0,3,Sunny,47.83,199.26
102.79,39.1,44,0,1,Cloudy,41.36,195.79
106.12,26.3,58,0,0,Sunny,47.06,183.84
90.68,38.0,17,0,0,Cloudy,28.82,165.9
103.32,24.6,98,0,0,Cloudy,24.93,119.0
113.44,23.8,23,1,1,Rainy,51.36,209.5
110.4,30.4,46,0,4,Rainy,30.16,158.63
109.05,33.5,45,0,4,Sunny,64.91,227.99
117.29,20.9,54,0,5,Sunny,85.32,262.84
90.54,24.4,7,0,5,Sunny,63.41,233.27
106.71,29.1,35,0,6,Sunny,87.82,265.15
113.62,26.6,80,1,0,Sunny,67.04,210.54
106.24,34.3,19,0,5,Cloudy,68.92,247.3
99.72,30.2,58,0,6,Rainy,15.46,113.95
94.09,23.2,57,0,4,Rainy,6.83,103.03
116.63,37.9,49,0,5,Sunny,86.47,222.89
104.12,25.9,42,0,5,Cloudy,55.09,193.74
116.34,34.6,82,0,0,Cloudy,48.61,166.78
107.58,35.6,84,0,4,Sunny,52.84,174.03
110.23,39.3,54,0,6,Sunny,76.4,225.16
114.13,30.0,28,0,0,Rainy,40.69,175.2
109.77,32.3,21,0,4,Sunny,75.8,261.04
101.94,26.7,22,1,3,Rainy,46.08,200.71
105.41,33.6,46,1,0,Cloudy,69.93,223.41
114.09,29.3,21,0,5,Sunny,89.21,266.73
101.21,28.8,20,0,6,Sunny,59.54,213.94
101.64,37.1,89,0,6,Sunny,51.28,172.25
92.87,21.0,92,0,6,Cloudy,23.38,123.97
117.44,37.6,56,1,5,Cloudy,98.3,273.11
92.73,37.0,40,1,0,Cloudy,38.25,186.24
109.45,30.1,95,0,5,Cloudy,54.81,187.36
102.4,29.8,43,0,2,Rainy,16.64,141.57
102.17,27.2,85,0,0,Sunny,39.52,158.27
110.39,39.9,29,0,4,Cloudy,59.97,221.71
92.01,22.2,46,0,6,Cloudy,39.08,169.8
107.81,31.8,25,0,3,Sunny,62.55,236.44
113.16,33.6,72,0,3,Rainy,28.82,144.3
114.85,38.7,93,0,4,Cloudy,47.34,157.27
95.12,35.6,63,0,1,Sunny,37.22,159.29
116.92,32.9,34,1,6,Rainy,74.77,247.18
109.68,22.3,61,0,5,Rainy,36.77,159.58
116.46,27.5,37,1,0,Cloudy,83.52,276.55
104.56,22.8,94,1,6,Sunny,64.92,203.44
106.26,37.6,93,0,3,Rainy,0.0,80.0
117.57,35.0,57,0,4,Sunny,68.64,228.38
117.0,35.2,20,0,3,Cloudy,60.11,233.41
103.44,33.0,53,0,6,Sunny,63.72,206.91
98.23,30.1,92,0,6,Sunny,40.28,163.34
101.8,23.0,9,1,6,Rainy,59.61,245.5
101.63,26.6,81,0,6,Cloudy,44.0,159.28
98.61,22.7,98,0,3,Cloudy,9.22,102.34
98.06,34.5,64,1,6,Sunny,74.51,227.27
115.83,23.2,75,0,4,Rainy,24.0,126.85
92.1,34.0,85,0,2,Sunny,11.03,93.59
110.33,33.8,59,0,3,Sunny,55.49,187.57
95.18,29.2,95,0,3,Cloudy,16.18,113.42
100.34,22.7,39,0,1,Sunny,46.77,189.58
91.85,26.3,73,0,2,Sunny,23.54,121.98
98.1,26.4,46,0,1,Rainy,9.12,113.7
113.05,34.0,73,0,4,Cloudy,45.28,164.69
116.55,22.3,28,0,6,Rainy,55.09,212.17
96.65,36.6,75,0,6,Cloudy,30.84,161.19
103.91,35.2,75,0,5,Sunny,55.77,189.53
104.11,23.7,59,0,6,Sunny,72.88,228.87
116.21,34.4,18,0,0,Rainy,44.8,208.97
112.88,33.4,59,0,4,Sunny,62.97,204.51
105.39,35.0,19,0,2,Cloudy,49.18,214.68
110.12,23.8,9,0,5,Sunny,85.51,271.02
115.42,23.2,8,1,4,Cloudy,89.59,289.38
90.29,24.7,34,0,2,Sunny,39.6,176.64
102.09,27.3,88,0,5,Sunny,57.72,184.05
117.22,35.9,57,0,1,Cloudy,56.45,196.72
112.21,34.8,94,1,3,Sunny,70.0,216.86
106.29,38.5,77,0,4,Cloudy,35.15,146.38
105.89,21.2,34,0,6,Cloudy,67.45,230.21
100.43,20.2,90,0,4,Cloudy,25.99,113.89
105.62,34.0,98,0,5,Sunny,53.57,178.69
109.66,25.6,88,0,3,Cloudy,43.14,167.71
102.55,26.7,96,1,4,Rainy,22.62,129.48
111.42,30.9,65,0,6,Cloudy,58.78,204.29
115.84,22.0,75,0,4,Cloudy,51.3,173.13
94.64,32.9,72,0,5,Rainy,9.48,118.2
103.55,26.5,96,0,0,Rainy,0.0,80.0
102.24,32.7,59,0,5,Sunny,59.53,189.82
110.62,36.7,75,0,5,Rainy,39.13,167.66
97.5,23.4,77,0,5,Sunny,53.62,188.76
109.21,38.6,46,1,0,Rainy,49.58,216.21
116.32,30.6,81,0,6,Sunny,79.08,240.16
102.54,38.5,33,0,3,Sunny,54.96,218.16
117.33,24.2,39,0,1,Rainy,36.29,174.61
119.79,32.1,49,0,4,Sunny,77.81,246.26
93.18,28.1,78,0,5,Sunny,33.14,137.03
96.99,35.5,98,0,4,Cloudy,12.73,96.69
118.51,32.1,94,0,1,Cloudy,55.09,201.04
118.75,29.9,96,0,4,Sunny,56.86,165.53
92.93,38.3,33,0,1,Sunny,42.7,187.84
90.45,27.5,74,0,3,Sunny,21.66,126.67
94.83,24.4,7,0,3,Sunny,52.9,223.55
119.88,32.2,97,0,1,Cloudy,43.02,155.53
95.4,32.5,61,1,1,Sunny,61.16,224.3
105.08,28.8,70,0,2,Sunny,41.03,163.98
115.45,29.7,26,0,0,Cloudy,58.57,223.62
90.61,39.2,31,1,6,Rainy,42.71,199.3
108.13,34.7,26,0,0,Cloudy,54.39,207.57
98.31,22.2,78,0,5,Sunny,47.53,168.09
115.87,24.2,53,0,4,Cloudy,65.74,227.06
98.5,39.5,87,1,4,Rainy,20.31,133.06
110.6,34.5,28,0,1,Cloudy,55.26,218.43
110.23,38.3,31,0,5,Sunny,80.37,264.2
96.64,26.1,40,0,1,Rainy,13.34,124.86
91.04,34.8,21,0,0,Cloudy,25.45,158.14
102.28,34.3,60,0,5,Rainy,32.63,151.01
98.68,25.9,14,0,5,Cloudy,56.6,228.12
114.27,31.0,58,0,4,Sunny,59.65,204.09
114.01,32.5,85,1,6,Sunny,95.95,266.68
103.71,29.6,78,0,0,Cloudy,35.84,142.07
108.2,36.5,78,0,3,Sunny,40.01,164.61
108.13,36.7,42,0,0,Sunny,59.06,217.16
114.81,37.0,85,0,0,Sunny,51.2,179.14
102.75,36.1,94,0,1,Rainy,4.92,88.15
98.26,29.8,94,1,4,Rainy,22.79,137.37
97.95,27.6,8,0,6,Sunny,72.22,250.6
106.09,36.6,54,0,3,Cloudy,39.13,179.79
103.47,29.8,95,1,0,Sunny,61.16,203.31
103.2,24.9,65,0,0,Cloudy,35.05,145.5
92.73,30.1,25,1,1,Sunny,61.23,231.65
111.56,22.8,40,1,5,Cloudy,87.91,275.84
96.41,33.8,50,0,2,Sunny,40.14,166.68
95.91,26.7,99,0,4,Sunny,23.81,126.99
102.38,25.2,75,1,4,Sunny,49.05,169.99
96.83,39.1,48,0,4,Sunny,40.98,181.19
107.52,35.5,68,0,0,Rainy,15.19,123.86
101.14,35.7,22,0,0,Sunny,56.85,200.43
103.47,32.5,92,0,0,Sunny,27.57,129.45
106.12,36.8,17,0,5,Sunny,81.63,259.96
96.11,35.2,17,1,2,Sunny,69.2,262.4
94.67,32.0,29,1,0,Cloudy,55.78,214.21
116.41,39.2,9,1,4,Sunny,93.77,305.69
103.01,23.8,43,0,5,Sunny,60.44,220.29
102.36,38.9,33,0,4,Sunny,44.27,185.04
91.07,28.0,61,0,1,Sunny,29.03,157.14
104.94,30.6,50,0,2,Sunny,50.68,187.91
106.63,22.5,37,0,3,Rainy,23.12,158.77
106.77,30.8,92,0,0,Sunny,35.59,163.89
111.21,32.2,14,1,6,Cloudy,91.57,300.26
95.32,40.0,62,0,3,Cloudy,11.91,120.33
97.57,39.5,29,0,0,Sunny,40.92,180.38
114.32,39.3,78,0,2,Cloudy,44.83,181.56
118.42,27.0,43,0,2,Cloudy,61.73,221.72
94.08,39.8,20,0,4,Cloudy,34.78,173.92
104.93,29.1,64,0,2,Rainy,17.0,135.6
96.43,37.0,32,0,5,Sunny,56.59,211.75
91.8,24.3,80,1,5,Sunny,61.15,210.48
99.77,30.1,48,0,6,Cloudy,54.14,195.17
94.31,39.3,62,0,3,Sunny,38.62,156.0
111.3,38.9,36,0,3,Sunny,68.6,223.38
106.01,33.7,67,0,2,Rainy,14.28,114.16
94.32,36.0,97,0,3,Cloudy,6.97,93.16
90.28,23.5,49,0,5,Sunny,47.08,182.86
114.24,34.4,57,0,0,Sunny,62.39,202.46
95.29,32.4,65,0,1,Sunny,40.31,157.45
108.19,21.8,54,0,6,Sunny,71.54,236.9
100.11,22.3,31,0,5,Rainy,30.06,162.63
107.56,22.2,30,0,4,Rainy,34.43,156.31
99.47,34.5,7,0,1,Cloudy,44.69,201.88
92.61,22.8,94,0,3,Sunny,20.7,111.93
96.69,29.4,43,0,4,Cloudy,42.18,181.06
95.64,27.1,69,0,6,Rainy,14.09,111.33
102.84,31.0,39,0,1,Rainy,23.19,157.53
109.75,34.1,57,1,1,Cloudy,75.04,240.35
97.91,33.7,95,0,3,Cloudy,15.61,103.92
90.36,30.3,50,0,4,Cloudy,25.09,142.63
105.57,29.3,72,0,5,Sunny,60.09,200.95
108.17,28.0,87,0,5,Cloudy,61.36,195.11
118.89,37.2,26,0,4,Cloudy,77.75,248.82
107.68,26.6,64,1,1,Cloudy,66.04,222.07
104.14,25.2,10,0,4,Cloudy,58.43,223.14
107.2,34.9,56,1,6,Cloudy,75.53,249.74
117.84,27.2,77,0,5,Cloudy,77.24,215.23
114.85,36.9,79,0,4,Sunny,54.06,180.07
99.69,26.6,90,1,0,Rainy,19.57,123.66
97.12,34.0,77,0,3,Cloudy,19.01,131.87
97.88,20.9,33,0,5,Cloudy,56.22,219.1
105.13,27.7,47,1,3,Sunny,82.32,262.82
112.32,26.9,78,1,0,Rainy,42.34,164.26
105.1,36.3,38,0,6,Cloudy,62.82,219.53
92.03,39.3,35,1,6,Cloudy,61.98,244.11
111.71,29.2,90,0,1,Rainy,16.06,107.72
114.18,36.5,50,0,2,Rainy,29.59,154.29
98.68,34.0,8,0,5,Cloudy,68.79,246.32
109.92,39.3,6,1,1,Sunny,97.06,299.9
102.8,36.2,9,0,0,Rainy,24.76,158.6
116.67,21.5,50,0,4,Rainy,35.31,157.08
115.36,34.3,83,0,0,Sunny,72.71,212.0
105.76,30.7,23,0,3,Sunny,63.11,230.63
110.75,20.3,42,0,4,Cloudy,60.78,214.77
116.5,25.0,63,0,1,Sunny,62.97,210.9
104.87,38.4,83,0,4,Sunny,44.78,181.38
99.4,38.5,76,0,3,Cloudy,23.17,149.47
112.61,36.0,24,0,0,Rainy,34.04,175.02
96.6,39.6,80,0,6,Sunny,49.87,182.15
101.66,36.1,72,0,1,Rainy,1.41,96.8
115.97,20.2,57,0,2,Rainy,25.9,151.73
111.73,25.8,59,0,6,Rainy,43.33,181.82
102.11,20.6,43,0,2,Sunny,47.83,185.37
96.44,21.9,40,0,0,Sunny,41.26,195.12
100.68,24.4,62,0,1,Sunny,33.41,166.39
98.52,30.1,19,1,6,Rainy,45.74,215.56
95.28,37.0,5,0,6,Cloudy,57.53,231.53
112.3,37.2,99,1,1,Sunny,67.58,210.33
97.56,32.3,13,0,4,Sunny,56.99,222.72
103.63,38.6,27,0,6,Sunny,67.84,239.91
101.58,30.0,56,0,5,Rainy,24.73,143.55
119.46,37.8,30,0,0,Cloudy,70.43,239.79
101.73,29.1,64,0,4,Cloudy,32.38,151.47
92.4,25.5,22,0,0,Sunny,44.99,193.91
92.69,38.3,82,0,3,Rainy,0.0,99.33
107.72,27.8,62,0,0,Cloudy,45.55,177.67
107.98,30.1,69,0,4,Rainy,21.97,127.76
102.56,26.6,81,0,1,Sunny,35.43,150.6
102.96,33.3,83,0,0,Cloudy,31.54,131.6
91.62,39.9,73,0,6,Sunny,42.31,173.2
105.5,20.5,18,1,1,Sunny,85.79,281.52
105.14,38.0,82,0,3,Sunny,43.12,160.0
94.49,20.1,50,0,2,Sunny,43.82,176.44
93.12,27.3,73,0,2,Sunny,38.32,145.86
93.71,23.4,79,0,4,Cloudy,19.99,137.09
93.03,35.1,36,0,0,Sunny,40.32,182.17
108.29,21.0,55,0,3,Sunny,56.01,213.81
95.89,31.1,73,0,3,Sunny,25.37,133.17
97.54,25.9,19,1,1,Cloudy,53.48,226.48
95.21,22.7,57,0,5,Sunny,44.94,184.35
118.74,35.4,75,0,6,Cloudy,71.93,221.97
115.64,24.3,73,1,4,Sunny,80.59,241.03
96.91,24.5,98,0,3,Sunny,33.61,123.4
99.83,25.5,19,1,0,Cloudy,51.51,237.35
96.3,31.7,34,0,3,Sunny,44.45,183.23
104.76,33.2,82,0,2,Rainy,9.7,122.83
90.59,20.4,28,0,4,Rainy,6.97,119.79
110.14,24.8,92,0,1,Cloudy,38.33,160.09
105.69,28.6,39,1,6,Sunny,93.67,289.85
116.96,26.6,73,0,0,Cloudy,54.42,192.57
94.93,37.7,16,0,2,Cloudy,39.8,184.67
114.12,35.8,88,0,3,Sunny,54.69,177.25
113.76,32.5,50,0,4,Sunny,76.22,235.12
93.82,26.8,73,0,4,Sunny,31.71,147.78
101.96,34.0,40,0,0,Sunny,51.92,197.78
95.1,36.9,89,1,1,Cloudy,32.27,145.33
97.64,31.9,52,0,2,Rainy,4.15,99.95
97.9,35.7,71,0,5,Sunny,58.1,188.34
106.69,35.0,97,0,1,Sunny,28.51,132.08
102.34,31.4,58,0,6,Sunny,61.4,200.9
118.43,26.2,93,0,6,Sunny,74.62,204.03
93.79,34.9,95,0,0,Sunny,24.69,123.06
119.21,24.1,40,0,0,Sunny,78.14,228.2
96.92,35.6,56,0,2,Sunny,46.16,180.03
113.19,36.1,26,0,4,Cloudy,62.47,225.08
100.17,36.4,42,0,4,Cloudy,37.33,175.7
94.29,29.5,66,0,2,Rainy,1.4,97.24
115.74,23.8,69,0,1,Cloudy,60.57,189.3
99.27,22.0,7,0,6,Sunny,75.23,255.43
109.77,34.9,92,0,2,Cloudy,42.11,160.01
106.99,37.7,12,1,5,Sunny,100.0,312.34
104.15,33.0,43,0,4,Cloudy,43.96,176.37
104.87,22.9,22,0,1,Sunny,68.14,239.98
111.97,38.7,7,0,3,Sunny,78.48,270.09
92.63,39.8,22,0,1,Sunny,41.14,180.24
110.05,28.7,84,0,6,Sunny,65.03,184.37
116.87,31.9,100,0,4,Sunny,60.5,198.09
91.73,35.5,5,0,0,Sunny,51.73,218.14
94.22,34.7,30,0,1,Cloudy,28.12,156.96
111.5,39.4,56,0,6,Sunny,77.26,232.14
103.12,22.3,16,0,1,Sunny,59.84,225.88
102.11,31.6,42,0,0,Cloudy,40.23,184.75
94.11,33.8,89,0,4,Sunny,31.12,124.43
105.2,37.8,45,1,3,Rainy,38.12,177.9
93.8,37.5,57,0,3,Rainy,0.0,109.73
104.3,39.6,17,0,6,Rainy,37.27,190.19
112.91,30.2,80,0,2,Sunny,54.49,189.0
97.75,36.6,17,0,3,Sunny,47.85,205.88
104.42,28.5,22,0,3,Cloudy,45.71,198.76
119.76,28.4,23,0,1,Sunny,78.29,250.68
110.6,25.1,23,0,2,Sunny,64.85,225.76
115.24,36.4,74,0,3,Sunny,56.86,196.79
102.45,39.7,52,0,1,Cloudy,40.06,166.8
113.04,25.1,75,0,2,Sunny,47.25,174.83
91.22,21.1,75,0,1,Cloudy,10.81,108.18
93.69,36.3,32,0,0,Sunny,40.43,199.31
96.09,32.4,96,0,4,Cloudy,21.08,113.66
102.06,39.2,23,0,4,Sunny,54.96,221.77
115.37,25.0,84,0,4,Sunny,57.09,191.42
100.39,21.4,85,1,3,Sunny,54.64,189.92
109.64,29.8,90,0,4,Sunny,38.34,139.06
111.28,21.7,87,1,4,Sunny,74.11,224.48
107.59,25.2,52,0,2,Sunny,58.87,212.15
100.72,22.5,33,0,6,Rainy,35.25,162.15
107.31,24.5,52,0,2,Cloudy,57.9,209.9
100.27,22.1,23,0,5,Rainy,27.01,172.86
92.52,39.1,51,0,2,Rainy,0.0,100.27
119.78,25.6,93,0,3,Cloudy,55.31,185.36
93.82,28.9,64,0,6,Sunny,44.84,174.83
92.17,38.0,52,0,5,Rainy,7.73,117.48
116.36,33.5,24,0,5,Cloudy,80.92,270.61
99.06,32.4,23,0,4,Rainy,13.59,125.53
109.51,34.1,46,0,3,Cloudy,59.09,202.24
99.87,36.6,81,0,6,Cloudy,51.81,187.77
101.74,37.6,80,0,6,Rainy,10.44,115.27
97.86,32.9,53,0,3,Cloudy,23.51,129.56
100.29,37.8,19,1,3,Cloudy,60.94,247.69
102.32,30.7,64,0,3,Sunny,40.83,145.92
111.61,25.5,72,1,3,Rainy,36.94,170.5
105.35,37.6,83,0,3,Cloudy,32.15,143.12
118.31,30.8,85,1,5,Sunny,94.73,257.14
91.26,38.1,31,0,4,Sunny,30.82,159.6
105.09,20.8,79,1,2,Cloudy,48.8,178.27
107.53,28.0,59,0,5,Sunny,76.32,231.25
117.61,39.0,91,0,1,Sunny,57.32,198.57
91.47,25.0,19,0,6,Sunny,54.47,220.13
107.2,38.8,56,0,1,Rainy,11.41,129.0
115.61,39.1,35,0,1,Sunny,70.6,232.0
97.26,37.6,94,0,6,Cloudy,37.49,147.33
116.29,31.3,11,1,0,Rainy,69.11,245.33
90.57,32.9,17,0,2,Sunny,44.81,194.93
111.97,37.4,58,0,4,Sunny,54.54,189.76
117.99,35.5,17,0,3,Rainy,40.79,193.83
109.72,32.6,24,0,1,Cloudy,63.04,220.82
103.17,39.6,14,0,6,Sunny,79.69,254.74
91.35,33.7,56,0,2,Rainy,0.0,100.17
117.6,39.5,41,1,4,Cloudy,88.37,273.14
104.11,21.1,56,0,1,Rainy,8.35,106.42
90.87,22.8,31,0,2,Sunny,30.78,158.14
110.69,29.0,38,0,6,Sunny,71.55,229.19
104.46,27.7,66,0,5,Cloudy,53.69,195.16
93.73,35.7,20,0,4,Sunny,45.68,200.56
96.43,23.2,63,0,6,Sunny,48.13,174.09
91.93,39.5,25,0,5,Sunny,51.5,199.48
107.23,26.3,20,0,2,Cloudy,66.92,226.27
108.66,28.6,85,0,3,Sunny,46.2,162.51
105.17,25.5,83,0,2,Sunny,49.8,174.12
114.51,31.6,17,0,2,Cloudy,65.94,228.16
115.83,21.2,37,0,0,Sunny,70.14,250.25
108.47,23.0,58,0,3,Sunny,62.39,213.29
90.38,34.9,73,0,5,Cloudy,32.62,146.97
110.86,23.7,31,0,2,Sunny,66.86,230.54
102.54,24.7,56,1,3,Cloudy,62.68,208.69
106.97,35.9,69,0,2,Sunny,62.35,193.14
109.47,21.9,48,0,6,Sunny,71.15,239.65
100.51,28.7,34,0,3,Cloudy,42.92,198.34
117.51,20.5,27,1,4,Rainy,61.12,213.8
94.02,26.9,83,0,6,Sunny,36.46,152.88
110.15,34.0,87,0,1,Cloudy,34.31,154.31
90.13,21.8,98,0,0,Sunny,23.76,116.03
117.74,37.8,20,0,1,Sunny,71.49,255.83
93.38,38.2,59,0,2,Sunny,34.9,164.46
92.85,22.1,22,0,2,Rainy,3.54,123.99
99.99,39.8,94,0,4,Sunny,40.65,149.21
101.21,26.0,21,0,2,Sunny,54.15,212.7
96.43,21.7,79,0,5,Cloudy,34.12,143.34
107.55,20.1,56,0,3,Sunny,62.38,211.65
103.29,28.2,49,1,5,Sunny,89.62,273.83
91.03,32.6,60,1,1,Sunny,51.31,193.88
99.59,26.6,97,0,6,Rainy,14.31,86.69
114.31,36.7,58,0,2,Sunny,58.65,200.02
110.69,34.3,13,1,4,Rainy,60.85,229.88
111.75,27.0,21,0,0,Sunny,70.32,232.12
110.94,34.7,31,0,5,Sunny,83.92,255.04
99.33,38.8,41,1,1,Rainy,34.12,182.52
92.99,21.9,26,0,4,Cloudy,26.13,150.15
98.17,26.1,76,0,4,Sunny,37.43,147.27
114.95,29.3,71,0,1,Cloudy,50.2,185.51
119.41,30.0,42,1,4,Sunny,90.32,270.45
104.82,30.8,100,0,6,Cloudy,41.49,140.66
90.29,26.0,76,0,6,Cloudy,27.74,143.4
94.2,33.3,48,0,0,Sunny,39.87,171.73
99.66,32.9,95,0,0,Rainy,0.0,80.0
107.36,31.6,100,0,2,Sunny,42.98,150.57
92.25,22.3,40,0,3,Sunny,33.82,169.26
118.3,29.5,29,0,2,Sunny,82.8,265.02
100.95,27.1,99,0,3,Rainy,0.0,80.0
117.38,29.8,46,0,1,Sunny,70.6,217.09
113.42,38.4,17,0,4,Cloudy,64.14,234.32
112.66,29.6,60,0,2,Rainy,27.66,142.07
108.2,20.3,83,0,4,Cloudy,41.94,165.85
108.8,28.8,55,0,2,Cloudy,42.25,166.38
109.14,36.4,54,0,2,Sunny,55.79,195.91
108.86,35.6,81,0,0,Cloudy,46.34,156.06
106.61,30.3,56,0,3,Sunny,51.31,195.63
119.59,25.0,37,0,1,Rainy,45.12,197.53
111.97,29.3,99,0,6,Sunny,57.08,174.34
113.31,31.3,29,0,4,Sunny,62.69,221.79
116.17,40.0,62,0,2,Sunny,60.46,196.35
96.47,32.9,44,0,4,Sunny,38.05,165.79
92.51,33.9,91,0,0,Sunny,26.67,133.06
104.49,29.8,42,0,6,Rainy,39.88,171.75
105.42,27.1,7,0,1,Rainy,21.41,163.83
114.88,36.3,20,0,3,Cloudy,63.61,229.37
103.31,29.9,6,0,3,Sunny,66.66,247.99
107.13,39.9,27,0,2,Sunny,62.06,220.07
105.81,29.1,34,0,6,Rainy,46.04,199.56
91.15,21.4,14,0,1,Sunny,45.89,215.6
108.46,33.7,69,1,3,Cloudy,60.65,196.06
114.84,20.9,26,0,1,Sunny,73.57,243.69
94.73,25.0,56,0,4,Rainy,0.0,96.26
107.83,27.1,60,0,0,Sunny,49.52,178.4
107.81,34.8,37,0,1,Sunny,65.31,227.32
94.93,29.9,93,1,1,Cloudy,38.2,166.23
93.7,20.6,90,0,6,Sunny,40.83,137.7
119.4,32.3,84,0,3,Cloudy,55.12,165.81
101.81,28.2,34,0,5,Sunny,62.43,233.63
96.82,38.4,86,0,2,Cloudy,21.95,119.6
95.14,30.0,28,0,6,Sunny,59.96,219.63
110.03,34.2,9,0,2,Cloudy,72.35,242.19
108.28,24.4,57,0,5,Rainy,28.86,148.8
109.31,35.2,59,0,5,Rainy,32.64,165.21
92.64,34.4,27,0,6,Cloudy,37.93,183.74
116.81,38.1,95,0,5,Cloudy,60.62,188.16
101.68,20.7,80,0,4,Cloudy,19.81,106.5
99.4,29.0,14,0,3,Sunny,60.83,233.43
103.87,33.6,37,0,3,Cloudy,50.17,196.88
101.7,21.9,84,0,0,Sunny,36.55,143.93
115.91,28.2,97,0,2,Sunny,49.69,171.09
117.88,38.8,66,0,3,Cloudy,49.4,174.13
99.1,28.7,86,0,5,Cloudy,34.34,148.29
115.92,39.7,31,0,4,Sunny,77.7,259.1
113.45,21.1,11,0,6,Cloudy,77.93,261.01
117.92,34.4,31,0,0,Rainy,52.13,199.94
97.37,31.6,78,0,2,Cloudy,30.11,135.62
107.31,30.0,14,0,2,Cloudy,56.77,223.24
98.24,39.4,79,0,2,Sunny,31.35,138.47
114.72,22.6,61,0,0,Rainy,25.94,160.12
90.16,37.9,34,0,6,Sunny,58.03,201.14
106.94,33.8,7,0,6,Rainy,45.03,201.52
100.18,25.2,33,0,4,Rainy,20.04,146.75
99.68,38.0,18,0,6,Cloudy,59.23,223.84
109.35,28.6,81,0,4,Rainy,18.29,112.93
115.54,36.3,87,0,3,Sunny,53.11,186.96
108.28,27.8,29,0,3,Rainy,27.05,164.52
115.6,37.0,14,0,2,Cloudy,69.07,248.25
97.94,32.7,83,0,5,Sunny,43.85,157.09
105.59,22.8,96,0,1,Sunny,45.82,156.26
103.52,33.0,53,0,3,Cloudy,35.55,166.4
90.35,23.8,42,0,4,Rainy,0.0,95.2
106.7,28.2,75,1,2,Rainy,39.35,173.65
109.85,23.4,18,0,4,Rainy,40.19,187.54
107.76,20.4,34,1,2,Sunny,89.38,287.39
112.09,24.2,44,0,0,Sunny,55.39,199.28
107.14,30.7,16,0,3,Cloudy,56.91,233.96
92.0,29.6,96,0,5,Cloudy,24.66,124.66
93.49,30.0,18,0,0,Sunny,42.03,195.82
107.89,25.0,5,0,3,Cloudy,61.96,228.49
98.25,33.7,72,0,5,Cloudy,39.17,161.53
92.39,34.1,53,0,5,Cloudy,38.49,163.4
102.89,27.2,22,0,5,Cloudy,79.74,245.21
106.63,37.6,40,1,4,Cloudy,69.53,238.59
99.86,32.9,68,0,4,Sunny,41.19,174.44
111.61,34.3,100,0,1,Rainy,16.53,104.23
109.31,25.5,32,0,4,Sunny,65.27,224.14
99.98,20.0,96,0,2,Cloudy,15.69,102.78
112.65,37.3,36,0,1,Sunny,59.94,232.82
109.46,36.4,76,0,2,Cloudy,41.24,166.11
109.12,22.5,29,0,1,Rainy,28.64,149.33
106.6,27.5,51,0,2,Sunny,44.79,175.77
90.34,33.2,24,0,1,Rainy,11.46,130.42
110.9,33.0,37,1,3,Sunny,85.78,265.13
101.28,37.2,34,0,5,Sunny,73.92,241.57
118.28,22.8,41,0,3,Rainy,28.96,152.03
114.54,28.6,84,1,1,Cloudy,73.9,221.92
107.63,21.9,57,0,0,Sunny,51.92,191.18
97.57,27.8,93,0,6,Rainy,14.74,92.71
96.11,20.3,78,0,1,Cloudy,21.84,108.11
100.21,38.0,73,0,0,Sunny,40.68,171.67
104.3,30.5,12,0,5,Rainy,45.12,206.91
98.88,37.0,5,0,2,Sunny,54.7,223.91
105.45,21.2,99,0,1,Sunny,35.24,141.37
94.96,24.5,11,0,0,Rainy,12.34,140.19
119.33,25.2,66,0,5,Cloudy,66.84,236.44
93.24,27.7,91,0,1,Cloudy,10.15,99.32
117.96,36.1,62,0,3,Rainy,29.85,168.6
117.41,27.7,92,0,3,Rainy,16.03,124.36
105.76,24.1,82,0,1,Sunny,46.33,171.1
111.75,21.3,91,0,1,Rainy,15.36,105.47
103.08,21.6,77,0,4,Sunny,42.75,163.58
108.9,35.2,12,0,5,Sunny,88.24,274.62
100.22,28.9,68,0,6,Rainy,18.74,128.41
99.03,34.5,12,0,3,Cloudy,40.26,196.86
107.35,33.6,7,0,2,Sunny,70.44,238.5
104.94,22.7,62,0,1,Cloudy,24.2,158.48
107.39,22.9,36,1,4,Cloudy,69.74,236.28
98.6,35.1,72,0,6,Sunny,55.13,166.74
101.01,34.4,53,0,5,Rainy,30.85,153.37
92.52,27.6,42,1,1,Rainy,18.53,138.16
91.57,21.5,6,0,3,Cloudy,24.35,165.39
97.6,20.2,13,0,0,Cloudy,29.34,171.88
92.23,25.8,50,0,5,Sunny,51.53,196.32
93.11,20.2,69,0,0,Rainy,0.0,98.55
114.39,24.6,53,0,3,Sunny,75.77,226.82
91.17,28.4,79,0,2,Sunny,15.99,111.38
109.77,22.4,33,0,5,Rainy,46.46,197.56
98.18,22.1,94,0,4,Rainy,2.38,80.0
116.15,37.9,95,0,1,Cloudy,46.75,146.63
104.55,31.7,33,0,1,Sunny,48.96,201.59
99.17,38.7,37,0,6,Sunny,76.51,239.7
105.53,26.9,32,0,1,Sunny,66.6,223.82
101.46,33.5,99,0,4,Cloudy,21.35,114.89
106.93,24.1,87,0,4,Cloudy,38.39,150.63
93.44,32.4,30,0,3,Cloudy,35.3,181.52
119.91,22.6,33,0,4,Cloudy,73.17,230.22
102.77,20.0,15,0,1,Cloudy,42.74,212.53
100.45,38.6,100,0,5,Rainy,12.29,85.81
111.31,31.1,89,0,6,Cloudy,62.56,190.01
100.92,38.5,38,1,1,Rainy,37.5,176.55
115.0,26.7,90,0,4,Rainy,22.48,120.91
103.63,26.6,52,0,4,Sunny,47.16,184.03
111.59,28.0,31,0,6,Rainy,43.56,189.24
93.22,34.1,76,0,3,Sunny,19.17,123.6
115.38,31.3,44,0,0,Rainy,38.66,183.04
112.07,38.5,35,1,4,Cloudy,76.5,256.46
96.35,20.5,69,0,0,Cloudy,17.12,132.42
94.36,34.2,43,0,2,Sunny,43.52,167.83
99.49,26.6,28,1,6,Sunny,82.9,252.74
119.28,23.6,96,0,0,Sunny,55.83,178.52
97.7,30.2,72,0,4,Rainy,0.0,91.62
103.68,30.1,86,0,1,Sunny,38.76,147.5
90.9,22.7,97,0,1,Cloudy,9.54,93.59
101.92,24.0,27,0,4,Rainy,15.4,147.82
107.14,28.2,65,0,3,Sunny,56.26,199.13
118.59,28.2,31,0,5,Cloudy,86.01,261.68
105.5,26.4,20,1,4,Sunny,79.68,270.01
114.57,23.0,49,0,4,Sunny,66.36,226.02
106.41,20.1,31,0,5,Rainy,38.21,168.44
91.22,39.4,77,0,3,Cloudy,14.06,105.38
99.45,38.9,9,1,3,Sunny,84.07,289.22
107.27,29.7,63,0,2,Cloudy,39.84,151.37
118.52,39.9,76,0,2,Rainy,30.92,133.94
115.77,33.5,86,0,2,Sunny,54.37,170.16
96.85,21.4,39,0,3,Sunny,46.24,196.07
96.6,22.4,74,0,0,Rainy,0.0,80.0
96.04,38.3,91,0,4,Rainy,0.0,85.84
117.67,32.6,50,0,6,Cloudy,72.37,227.43
115.58,36.9,94,0,2,Sunny,58.62,197.75
113.25,38.0,60,0,6,Cloudy,73.19,227.77
101.78,29.0,28,0,0,Cloudy,42.08,195.29
105.13,21.0,14,1,4,Sunny,82.86,280.84
103.93,23.8,83,0,5,Cloudy,46.95,164.4
97.6,21.3,42,0,5,Cloudy,47.62,189.62
105.15,23.8,88,0,5,Rainy,22.21,121.05
90.91,28.2,97,0,6,Sunny,35.64,136.96
93.95,22.4,74,0,0,Sunny,28.16,145.79
116.6,23.3,52,0,5,Cloudy,73.69,251.72
112.55,28.9,13,1,1,Cloudy,86.26,284.69
102.69,26.8,54,0,1,Cloudy,35.83,168.23
105.51,29.4,73,0,5,Sunny,59.62,200.05
101.1,28.6,52,0,6,Sunny,56.56,179.92
112.22,32.9,43,0,4,Cloudy,55.22,206.84
113.53,38.7,87,0,0,Rainy,21.43,123.6
112.9,22.2,9,0,0,Cloudy,65.3,228.06
111.68,22.0,88,0,5,Cloudy,52.25,160.74
96.14,37.1,15,0,3,Rainy,14.22,146.52
100.14,30.1,64,1,6,Sunny,77.99,256.55
104.1,35.3,31,0,2,Cloudy,47.48,192.01
99.92,24.3,97,0,6,Sunny,56.93,176.33
112.65,36.6,11,0,4,Rainy,37.39,205.27
99.88,38.5,64,1,0,Cloudy,49.87,199.93
94.15,32.7,54,0,2,Sunny,38.92,158.34
101.97,22.1,71,1,5,Sunny,73.18,225.53
119.4,37.9,73,0,4,Sunny,76.84,244.24
96.78,35.8,59,0,0,Sunny,37.49,157.67
108.36,35.0,81,0,5,Sunny,66.05,199.13
102.99,20.7,20,0,1,Rainy,23.58,162.81
92.13,36.0,16,0,0,Sunny,48.49,202.17
104.64,22.8,31,1,1,Cloudy,62.34,235.26
111.06,24.4,37,0,5,Sunny,88.36,267.84
105.4,31.5,83,0,1,Cloudy,34.35,144.18
116.16,25.3,89,0,3,Cloudy,50.84,181.68
98.67,33.2,85,0,5,Sunny,43.81,151.16
92.59,32.2,59,0,5,Rainy,12.87,119.6
118.1,22.2,56,0,3,Cloudy,55.51,192.27
101.35,33.1,41,0,2,Rainy,20.6,154.71
107.29,38.5,19,0,4,Sunny,58.79,219.92
113.76,23.2,88,1,2,Sunny,75.01,241.4
99.73,31.9,87,0,6,Rainy,11.55,98.92
111.48,26.8,69,1,3,Rainy,33.71,162.06
94.06,29.2,72,0,2,Rainy,0.0,97.7
98.74,25.7,7,0,4,Cloudy,48.26,200.72
94.34,27.1,76,0,4,Cloudy,14.23,124.69
114.34,20.6,9,0,0,Rainy,40.46,193.54
96.68,39.6,13,0,2,Sunny,52.99,217.17
111.52,32.5,5,0,3,Cloudy,70.36,253.51
118.3,30.0,34,0,0,Rainy,45.55,189.39
105.83,27.7,75,0,2,Sunny,46.02,163.85
106.2,30.8,90,0,5,Sunny,58.39,185.85
103.83,27.6,24,0,4,Sunny,59.14,203.36
99.78,27.2,97,1,3,Rainy,10.38,94.7
104.27,29.3,31,0,5,Cloudy,63.5,222.68
108.08,25.5,93,0,2,Cloudy,29.0,143.08
119.58,23.6,95,0,4,Rainy,28.94,141.73
118.13,31.1,67,0,4,Sunny,67.78,221.33
115.86,36.9,79,1,5,Rainy,49.28,171.88
116.67,23.1,85,1,2,Sunny,84.41,246.84
104.04,20.7,35,1,2,Cloudy,62.94,223.91
109.72,24.9,86,1,3,Sunny,65.76,209.83
116.85,39.6,23,1,0,Sunny,100.0,311.14
101.79,36.6,97,0,4,Sunny,32.77,140.74
118.85,31.9,83,1,0,Sunny,86.37,259.22
102.47,38.6,66,0,0,Rainy,5.64,90.88
108.03,28.9,11,0,4,Cloudy,62.77,224.3
111.29,39.7,41,0,2,Sunny,65.63,234.68
118.52,25.9,75,0,4,Rainy,32.3,157.82
97.34,24.8,90,0,5,Sunny,43.12,157.48
112.38,32.8,80,0,0,Rainy,27.72,134.72
105.62,27.6,12,0,3,Rainy,39.19,198.92
98.06,32.5,61,0,4,Cloudy,17.77,130.74
113.3,26.1,86,0,6,Sunny,73.78,219.65
106.57,32.4,32,0,3,Cloudy,44.85,182.33
109.83,25.5,86,0,2,Rainy,16.49,120.88
99.69,21.0,99,1,2,Sunny,40.94,157.6
104.44,38.2,21,0,5,Sunny,77.37,242.63
108.52,37.7,91,1,3,Rainy,26.3,130.59
102.15,39.4,15,0,6,Cloudy,61.43,223.29
95.95,34.3,19,0,3,Sunny,46.07,210.24
118.85,33.7,34,0,4,Rainy,39.4,173.35
105.34,31.2,99,0,2,Rainy,0.0,80.0
112.02,22.5,10,1,3,Sunny,93.04,280.58
102.33,23.8,16,0,1,Sunny,57.93,228.76
100.65,25.8,91,1,4,Cloudy,45.3,164.7
102.21,37.8,65,0,4,Sunny,53.13,191.25
102.28,23.5,40,0,1,Sunny,46.68,192.15
106.33,38.5,39,0,6,Rainy,38.42,179.72
106.3,30.5,71,0,2,Rainy,17.02,122.79
104.91,34.3,96,1,3,Sunny,55.03,201.37
94.04,22.2,83,0,3,Cloudy,4.88,93.95
104.88,25.4,81,0,2,Sunny,33.48,162.75
95.07,39.2,67,0,6,Sunny,36.41,162.13
93.78,25.3,87,0,1,Sunny,32.28,141.8
117.98,25.9,44,0,1,Sunny,76.84,248.44
108.15,24.0,86,0,6,Cloudy,55.2,182.94
109.78,22.6,35,0,1,Rainy,34.08,172.44
102.05,24.7,41,1,4,Sunny,67.9,239.5
117.27,32.8,89,0,6,Cloudy,75.72,218.77
109.14,29.1,9,0,3,Sunny,72.68,268.28
113.08,31.1,85,0,0,Cloudy,43.75,179.43
101.06,22.4,87,0,4,Sunny,41.04,157.98
118.8,36.0,8,0,4,Sunny,89.14,291.52
114.61,35.7,30,0,3,Sunny,79.6,262.88
115.62,20.4,28,0,2,Sunny,82.0,267.34
95.17,27.7,43,0,6,Sunny,53.08,203.41
98.13,21.4,60,0,6,Sunny,55.13,199.54
98.57,35.8,58,0,5,Rainy,15.91,129.2
98.13,34.7,42,0,3,Rainy,1.45,100.86
115.66,38.0,58,1,2,Sunny,90.28,267.98
90.96,24.7,23,0,3,Sunny,44.32,183.7
92.28,29.1,98,0,4,Cloudy,0.0,80.61
98.22,23.7,30,0,6,Rainy,24.74,157.98
96.0,27.4,56,1,5,Sunny,72.47,243.05
96.96,30.4,79,1,6,Cloudy,57.49,192.78
113.94,21.1,65,0,1,Sunny,71.63,229.15
106.89,34.3,71,0,4,Cloudy,35.91,157.9
90.17,30.9,26,0,4,Sunny,36.6,195.75
102.88,36.6,21,0,0,Sunny,61.27,231.23
102.24,25.4,15,0,4,Sunny,57.1,215.5
93.42,38.1,43,0,4,Sunny,34.7,155.16
110.28,40.0,65,0,4,Sunny,52.99,189.63
111.06,38.4,95,0,5,Cloudy,54.26,166.93
111.63,35.6,53,0,0,Cloudy,50.66,183.82
111.85,36.2,97,0,2,Cloudy,42.09,144.54
90.0,31.5,65,0,5,Sunny,42.29,163.97
118.62,23.8,16,0,5,Sunny,83.55,279.04
114.43,33.5,17,0,6,Rainy,47.78,194.77
117.12,34.3,62,0,6,Sunny,79.58,233.84
90.47,39.7,15,0,6,Rainy,26.1,153.04
118.02,30.8,68,1,6,Rainy,63.37,201.41
114.29,25.4,35,0,6,Sunny,87.81,263.33
115.12,33.7,15,0,0,Rainy,46.17,202.26
92.8,39.6,47,0,1,Cloudy,27.8,142.34
112.16,23.5,40,0,2,Cloudy,53.51,189.16
118.8,26.5,6,0,6,Rainy,60.66,216.21
110.36,30.8,91,0,5,Sunny,56.67,182.68
107.12,23.4,65,0,5,Cloudy,71.03,227.83
118.37,20.4,40,0,0,Cloudy,67.83,215.67
103.29,26.7,82,0,1,Cloudy,39.54,149.98
107.98,37.3,53,0,6,Cloudy,56.9,209.58
104.29,20.9,31,0,1,Sunny,63.38,221.87
117.99,28.6,16,0,3,Sunny,79.79,259.83
92.28,35.2,62,0,6,Rainy,9.68,114.46
105.03,39.1,97,0,3,Sunny,37.02,139.59
110.61,39.7,10,0,5,Sunny,83.52,264.11
113.76,28.4,48,0,5,Sunny,76.91,241.91
107.49,39.0,51,0,4,Sunny,55.74,188.78
117.27,20.7,27,0,2,Sunny,74.87,233.36
118.26,34.9,78,0,0,Sunny,64.62,196.79
91.93,32.9,80,0,4,Sunny,19.71,126.17
102.07,25.0,100,0,2,Rainy,1.64,87.26
90.7,30.1,30,0,5,Cloudy,39.76,177.76
99.88,22.6,11,0,3,Cloudy,54.71,224.62
106.11,37.4,36,0,0,Sunny,58.11,222.64
117.32,27.2,37,0,1,Rainy,39.37,177.68
115.4,32.5,86,0,1,Cloudy,55.31,186.65
93.82,23.2,24,1,4,Sunny,61.06,247.84
92.79,24.1,99,0,4,Sunny,17.45,101.27
107.68,39.8,73,1,0,Rainy,31.11,152.57
105.96,35.1,100,0,1,Cloudy,29.97,141.75
97.99,39.2,56,0,6,Rainy,16.51,119.2
116.98,25.9,46,0,6,Sunny,90.56,266.25
117.82,23.3,87,1,4,Rainy,45.4,168.19
102.08,30.1,5,0,1,Sunny,65.81,251.87
116.71,29.9,67,0,3,Sunny,68.59,205.49
101.52,23.5,11,0,4,Sunny,56.42,220.51
112.1,34.7,62,0,5,Sunny,70.87,213.19
104.28,27.2,90,0,6,Cloudy,42.78,145.26
93.68,23.7,54,0,2,Rainy,0.0,82.82
117.84,26.6,38,0,4,Rainy,42.03,180.33
103.62,31.3,55,1,3,Cloudy,61.16,221.46
112.03,34.5,14,1,0,Cloudy,83.69,278.79
101.02,29.6,30,1,6,Rainy,49.12,210.29
90.57,30.5,36,1,1,Cloudy,42.12,189.33
93.02,22.8,46,0,6,Rainy,18.32,142.84
104.89,38.3,95,1,5,Rainy,35.58,157.36
110.7,38.6,66,0,0,Sunny,59.05,199.29
100.04,33.7,16,1,6,Sunny,93.23,296.45
110.86,20.4,44,0,4,Sunny,70.77,226.65
110.96,30.7,91,0,2,Rainy,11.73,116.19
111.12,32.6,82,0,0,Rainy,15.45,118.28
104.78,39.9,38,0,6,Cloudy,49.2,193.74
117.45,39.9,85,1,2,Sunny,75.95,227.84
104.68,37.2,74,0,4,Sunny,40.03,156.94
103.51,21.3,31,0,6,Rainy,38.49,176.39
95.98,39.1,12,0,2,Sunny,59.41,227.91
99.23,32.3,51,0,2,Cloudy,36.45,151.45
91.27,36.0,85,0,3,Rainy,0.0,80.51
109.01,28.1,30,0,6,Rainy,40.95,182.67
97.46,26.4,61,0,0,Cloudy,21.89,133.84
99.12,29.3,11,0,4,Sunny,54.18,218.42
113.12,22.9,92,1,3,Cloudy,58.97,195.4
99.82,27.1,93,0,2,Sunny,27.52,131.28
97.27,37.2,30,0,3,Cloudy,37.99,177.3
95.07,20.8,63,1,3,Sunny,47.78,197.4
113.25,23.0,73,1,2,Rainy,47.1,188.54
93.89,22.5,51,1,4,Rainy,18.54,160.84
103.61,28.1,39,0,6,Rainy,33.49,171.4
105.21,39.9,34,0,1,Sunny,58.11,206.64
110.62,23.5,54,0,3,Cloudy,47.4,182.06
109.0,22.9,93,0,0,Sunny,51.93,167.91
114.32,38.3,28,0,2,Sunny,65.05,228.16
91.34,37.6,34,0,1,Sunny,43.23,194.6
98.89,20.6,88,0,3,Cloudy,20.2,114.78
98.4,35.0,58,1,2,Sunny,64.81,218.11
94.38,33.1,71,1,2,Sunny,51.28,195.93
98.68,35.4,36,0,3,Cloudy,41.47,175.12
99.29,29.9,12,0,6,Sunny,69.75,237.55
105.66,39.8,54,0,5,Sunny,68.48,224.31
109.91,20.9,51,0,5,Cloudy,70.06,211.27
101.43,24.7,91,0,0,Cloudy,25.33,121.23
111.58,27.9,50,1,2,Cloudy,79.03,259.09
100.08,29.0,84,0,2,Sunny,36.69,134.37
98.71,38.4,39,0,3,Sunny,42.7,168.27
106.24,31.2,65,0,1,Sunny,48.08,167.57
90.71,20.9,93,0,2,Sunny,22.61,97.34
92.39,28.2,83,0,6,Sunny,32.49,157.16
102.54,28.3,55,0,2,Rainy,16.27,127.76
118.29,39.3,67,1,3,Sunny,85.5,250.04
111.65,32.0,12,0,5,Sunny,82.42,257.03
92.64,32.7,38,1,2,Sunny,58.6,239.09
115.39,34.3,29,0,6,Sunny,85.88,270.33
111.97,35.4,48,1,3,Sunny,80.7,255.22
108.33,32.7,87,0,0,Sunny,43.26,169.13
114.61,24.7,47,0,3,Sunny,68.39,227.71
102.12,37.5,54,0,6,Rainy,25.04,139.05
96.65,34.6,17,0,5,Rainy,31.82,168.93
105.36,34.8,50,0,1,Cloudy,48.1,181.86
106.47,39.9,80,1,2,Sunny,68.41,210.0
106.15,36.1,83,0,0,Sunny,53.35,188.42
106.95,36.6,91,1,2,Cloudy,63.39,199.45
118.46,39.0,57,0,2,Sunny,69.14,231.78
117.07,23.0,67,0,6,Cloudy,64.74,201.4
116.27,30.0,6,0,5,Cloudy,86.16,272.3
114.04,31.6,44,1,3,Cloudy,78.46,250.6
118.3,26.6,27,0,2,Sunny,90.48,267.18
92.95,36.8,63,0,5,Sunny,43.66,167.39
97.95,35.2,73,1,0,Cloudy,46.42,186.46
104.85,34.4,38,0,6,Cloudy,57.47,219.07
115.4,39.9,78,0,5,Cloudy,62.96,201.72
105.15,25.2,31,0,5,Sunny,67.36,221.22
112.44,34.7,59,0,5,Cloudy,58.65,196.27
94.17,31.0,8,0,6,Rainy,35.66,180.56
97.57,26.3,72,1,4,Cloudy,50.09,202.77
111.95,23.2,76,1,5,Sunny,88.28,263.79
94.94,37.9,74,0,2,Cloudy,25.53,143.67
100.54,31.9,93,0,5,Cloudy,31.38,129.31
97.95,36.5,31,0,3,Rainy,11.75,120.47
100.5,30.9,51,0,1,Cloudy,36.32,169.45
111.25,24.4,44,0,2,Cloudy,60.0,207.33
101.04,26.8,88,0,5,Cloudy,41.14,157.39
106.66,27.6,31,0,5,Sunny,78.41,253.94
93.0,39.5,11,0,3,Sunny,43.85,195.26
114.15,20.1,27,0,2,Sunny,74.45,253.53
101.1,39.7,88,1,4,Sunny,61.57,190.14
109.46,39.6,68,0,4,Cloudy,35.7,156.14
111.76,39.9,33,0,0,Sunny,73.42,246.09
96.29,29.5,65,0,4,Sunny,33.88,167.11
116.54,39.3,48,0,6,Sunny,78.38,243.16
108.49,27.9,73,0,6,Sunny,64.49,214.65
102.86,20.5,31,0,3,Cloudy,51.44,211.63
95.47,24.5,16,0,4,Cloudy,35.99,200.48
118.27,38.9,21,0,3,Rainy,47.6,202.77
112.65,20.3,41,1,2,Sunny,78.61,272.42
96.24,30.9,38,0,0,Sunny,33.83,173.38
100.13,21.5,98,0,5,Rainy,5.41,80.0
114.29,25.7,40,0,5,Sunny,89.5,266.33
110.87,21.8,10,0,5,Cloudy,78.05,253.16
112.97,37.2,100,0,0,Cloudy,44.96,168.17
103.24,31.8,36,1,5,Sunny,94.84,289.07
111.49,38.0,77,0,4,Cloudy,40.35,148.57
101.59,33.8,26,0,6,Sunny,77.43,258.43
96.34,39.4,14,0,5,Rainy,27.58,178.23
108.98,30.2,33,0,5,Sunny,83.57,255.7
119.28,32.8,15,0,1,Sunny,89.22,274.52
99.32,31.5,96,0,6,Cloudy,35.5,142.52
103.83,29.7,70,0,4,Sunny,45.08,156.65
110.22,36.9,60,0,5,Cloudy,63.93,215.76
106.25,32.9,89,0,1,Cloudy,33.24,153.87
115.3,36.0,99,0,4,Sunny,51.3,162.64
112.85,35.7,62,0,3,Sunny,58.3,213.68
91.75,23.8,56,0,3,Sunny,28.91,157.0
119.95,33.0,65,0,5,Sunny,91.52,256.62
112.57,24.0,21,0,5,Sunny,79.62,262.89
115.92,31.7,95,0,1,Rainy,17.89,122.49
109.54,33.5,34,0,0,Sunny,62.47,221.59
115.69,39.9,76,0,1,Sunny,59.59,197.41
93.37,20.6,41,0,2,Sunny,39.24,170.85
100.43,21.8,9,0,0,Cloudy,41.21,193.71
116.29,21.5,30,0,1,Cloudy,70.57,242.62
96.05,28.0,74,0,6,Rainy,16.31,115.91
92.35,36.4,84,0,6,Sunny,41.69,154.02
113.64,36.9,5,0,2,Sunny,77.93,271.98
115.06,34.7,13,1,2,Sunny,95.01,303.37
94.88,37.9,89,0,6,Sunny,38.99,146.85
115.63,26.5,75,1,5,Cloudy,86.25,266.77
110.6,21.8,68,0,6,Cloudy,63.84,222.81
105.6,21.2,83,0,4,Sunny,43.1,169.19
114.91,37.0,28,0,5,Rainy,55.76,201.82
102.58,34.6,9,1,1,Rainy,44.0,212.95
95.82,34.0,55,0,6,Rainy,18.66,135.8
98.55,26.8,42,0,3,Sunny,43.97,170.47
105.15,27.6,33,0,6,Sunny,74.17,251.55
105.94,39.2,50,0,5,Sunny,60.08,209.81
114.17,21.3,56,0,4,Sunny,66.89,226.38
113.74,35.5,50,0,5,Sunny,83.31,247.52
107.44,26.2,79,1,5,Rainy,50.11,189.57
113.42,20.8,72,0,6,Sunny,68.6,216.73
95.75,34.9,63,0,0,Cloudy,21.18,133.13
91.5,26.6,14,0,6,Cloudy,43.71,200.61
116.21,34.4,8,0,6,Sunny,98.56,297.32
92.27,34.2,56,0,6,Sunny,49.89,177.34
97.4,30.7,78,0,3,Cloudy,19.22,104.26
110.86,35.5,22,0,2,Cloudy,66.27,228.34
102.28,31.6,80,0,0,Rainy,10.94,111.01
116.29,25.7,55,1,6,Rainy,68.62,222.71
98.94,34.7,27,0,6,Rainy,32.16,177.88
90.36,31.8,29,0,4,Cloudy,18.44,154.82
99.02,20.3,64,0,5,Sunny,51.68,189.81
107.34,38.0,41,0,2,Rainy,17.45,134.59
101.28,30.9,72,0,5,Rainy,15.77,125.58
106.05,37.4,81,0,2,Sunny,47.34,178.97
116.3,37.7,22,0,2,Sunny,81.63,259.13
117.37,28.9,33,1,3,Cloudy,90.15,281.45
97.98,30.2,34,0,4,Rainy,12.98,124.85
103.86,28.3,96,0,4,Sunny,39.61,150.59
106.47,29.0,11,1,5,Cloudy,83.47,263.2
118.47,37.9,92,0,6,Rainy,33.66,137.25
119.96,35.8,45,0,3,Cloudy,65.39,213.38
97.06,22.5,78,1,4,Cloudy,45.18,176.62
111.81,32.2,41,0,2,Rainy,28.18,148.86
101.34,39.9,31,0,2,Sunny,45.91,176.83
90.24,31.9,25,0,5,Sunny,49.41,196.2
90.28,35.7,47,0,2,Sunny,26.65,145.66
103.82,35.4,55,1,4,Sunny,60.6,225.11
104.65,27.0,97,0,1,Sunny,49.0,159.57
90.68,27.4,75,0,0,Sunny,29.68,134.14
110.61,34.5,17,1,1,Cloudy,70.93,244.65
98.82,30.0,57,0,3,Sunny,31.52,162.38
106.8,31.4,91,0,1,Cloudy,28.87,129.67
99.03,34.3,67,1,6,Sunny,65.99,222.47
95.01,35.6,61,1,5,Sunny,81.13,238.19
102.22,25.4,29,0,1,Sunny,50.61,187.56
96.97,22.9,17,0,6,Sunny,67.16,230.17
106.04,25.8,41,0,5,Sunny,69.24,242.11
95.96,30.2,34,0,3,Sunny,37.91,167.51
105.25,26.8,94,0,1,Cloudy,34.92,135.84
94.72,31.4,16,0,0,Sunny,50.56,208.1
110.13,21.1,69,0,4,Sunny,54.2,183.05
112.62,30.2,22,0,6,Sunny,99.24,296.45
93.31,27.4,89,0,3,Rainy,0.0,80.0
104.03,30.7,66,0,1,Sunny,43.97,162.34
92.13,28.5,28,1,2,Sunny,69.37,267.6
107.95,25.7,64,0,2,Sunny,54.74,184.03
97.93,38.1,21,0,3,Cloudy,48.74,208.59
105.83,23.7,64,0,2,Sunny,49.35,174.29
105.52,33.6,13,0,0,Sunny,49.31,194.94
117.73,38.5,56,0,6,Cloudy,67.0,216.88
106.47,30.8,96,0,1,Cloudy,36.32,131.65
107.49,37.5,19,0,0,Sunny,62.59,225.02
102.05,22.5,81,0,0,Sunny,40.04,150.21
118.47,29.9,32,0,4,Rainy,48.78,206.81
113.32,29.1,85,0,1,Sunny,55.37,169.83
98.56,20.2,13,0,3,Sunny,49.65,213.27
115.33,28.9,60,1,2,Sunny,84.93,260.16
102.97,27.4,89,1,6,Rainy,38.29,157.59
114.86,33.4,98,1,4,Sunny,70.85,207.46
114.69,38.8,79,0,0,Sunny,51.41,179.41
95.67,21.7,98,0,2,Sunny,22.32,117.98
111.03,26.5,40,0,1,Sunny,64.09,223.51
98.72,28.9,60,0,0,Rainy,0.0,92.85
98.92,29.1,93,0,0,Sunny,25.9,115.95
98.89,35.5,75,0,1,Sunny,32.25,152.58
111.77,28.9,24,0,3,Sunny,61.15,223.04
96.89,20.5,59,0,4,Cloudy,28.28,141.51
90.03,34.2,64,0,1,Sunny,27.03,133.63
111.46,37.7,39,1,2,Cloudy,72.76,253.85
95.14,30.3,78,0,2,Sunny,22.46,137.5
93.13,31.6,5,0,0,Cloudy,40.24,199.53
97.13,23.3,82,0,6,Sunny,48.82,177.01
101.4,24.4,49,0,5,Sunny,62.89,223.08
104.28,24.7,73,0,4,Cloudy,34.72,148.11
91.34,28.6,44,1,3,Sunny,56.78,232.27
119.12,38.6,42,0,3,Rainy,40.6,168.6
111.48,30.4,28,0,5,Sunny,79.23,251.67
99.7,23.8,8,0,2,Rainy,21.79,154.05
99.56,25.3,95,0,3,Sunny,28.88,129.99
103.46,27.7,73,0,6,Sunny,57.93,206.63
108.79,32.5,17,0,2,Sunny,72.5,245.1
94.39,28.8,25,0,4,Sunny,38.08,184.41
95.67,27.8,36,1,5,Sunny,78.59,235.2
115.78,31.3,42,0,0,Sunny,64.81,224.08
97.69,24.8,99,0,6,Rainy,2.24,87.52
101.41,21.6,36,0,2,Cloudy,49.18,196.5
116.14,20.5,83,0,4,Sunny,61.59,185.84
109.89,25.0,61,0,5,Cloudy,62.35,197.12
100.25,21.8,52,0,2,Sunny,36.48,160.24
110.51,26.7,34,0,1,Rainy,29.39,151.23
90.59,35.5,75,0,2,Sunny,13.02,123.55
112.07,34.3,42,0,4,Sunny,65.69,225.98
104.61,32.2,99,0,3,Rainy,0.0,87.06
114.4,37.1,48,1,2,Sunny,89.98,270.66
118.64,25.6,30,0,0,Cloudy,69.77,229.46
117.77,37.7,94,0,4,Rainy,17.38,103.66
117.28,28.0,6,0,3,Rainy,51.02,210.15
105.37,28.0,47,0,4,Rainy,29.41,150.49
100.8,28.1,47,0,2,Sunny,46.09,194.24
103.95,22.0,67,1,1,Cloudy,60.23,217.22
110.7,39.5,77,0,1,Sunny,42.43,165.04
116.52,22.8,62,1,6,Rainy,68.52,214.06
96.21,26.8,52,0,0,Sunny,35.87,165.92
117.55,26.4,9,0,5,Sunny,97.27,293.11
114.46,21.5,95,0,5,Rainy,36.16,153.84
119.37,23.0,80,0,6,Rainy,43.83,171.06
116.41,20.9,39,0,0,Rainy,29.82,160.32
98.4,25.8,97,0,3,Sunny,36.13,124.76
93.18,37.3,20,0,1,Sunny,36.52,179.64
93.37,26.8,87,1,2,Rainy,4.75,94.83
98.74,22.5,53,0,6,Sunny,57.85,205.86
108.43,32.9,64,1,4,Rainy,39.13,164.29
114.13,39.9,55,1,6,Cloudy,91.83,274.9
116.98,24.6,95,0,4,Rainy,22.63,100.49
108.71,25.6,86,0,1,Cloudy,43.01,148.33
90.17,39.4,63,0,6,Rainy,8.8,102.31
95.59,23.6,68,0,1,Sunny,27.06,135.33
92.99,30.2,17,1,4,Rainy,16.4,159.13
100.9,24.8,98,0,3,Sunny,32.71,121.63
105.04,38.6,30,0,4,Sunny,65.89,223.48
91.3,39.6,74,0,0,Cloudy,8.49,98.36
100.45,36.3,7,1,6,Cloudy,78.33,278.0
95.38,26.3,91,0,2,Cloudy,17.54,109.53
109.41,28.1,16,1,6,Sunny,100.0,299.26
103.93,24.8,45,0,1,Cloudy,48.0,180.28
104.86,37.8,83,0,5,Rainy,30.59,134.15
102.83,38.3,69,1,6,Cloudy,69.73,212.82
118.68,28.4,67,1,1,Sunny,83.29,264.42
96.44,33.1,54,0,3,Cloudy,23.98,141.13
105.5,23.3,51,0,0,Rainy,15.23,119.61
112.08,28.7,12,0,6,Rainy,59.68,217.98
106.71,32.6,35,0,4,Sunny,57.06,200.55
117.87,27.7,15,0,0,Sunny,87.11,277.27
101.34,27.2,21,0,0,Sunny,48.08,187.82
103.91,20.0,31,0,3,Sunny,58.0,212.48
92.66,36.1,99,0,3,Sunny,15.53,108.04
108.27,37.8,31,0,5,Cloudy,70.72,232.1
98.65,39.4,82,0,4,Cloudy,22.09,115.66
94.81,34.4,91,1,5,Sunny,63.9,211.22
106.34,31.0,60,0,4,Sunny,49.33,174.74
105.97,25.4,73,0,2,Sunny,46.92,170.74
92.28,40.0,98,0,0,Sunny,23.05,118.42
110.95,31.8,51,0,4,Rainy,25.61,140.77
108.71,33.6,23,0,3,Sunny,66.46,223.54
95.67,33.6,61,0,2,Cloudy,29.01,142.25
104.08,36.9,35,0,5,Sunny,70.24,236.66
111.61,20.2,20,1,2,Cloudy,73.49,251.45
105.88,24.4,49,0,3,Cloudy,41.27,178.42
101.86,33.3,31,0,4,Sunny,43.88,186.44
99.67,37.9,65,1,3,Cloudy,48.76,185.42
108.31,33.7,30,1,4,Sunny,85.82,268.68
118.17,28.3,33,1,3,Sunny,97.98,296.73
110.15,27.2,48,0,3,Cloudy,57.8,214.06
92.24,34.8,33,0,1,Cloudy,34.88,172.25
103.82,34.8,99,0,4,Cloudy,27.31,116.95
116.72,32.1,6,0,0,Sunny,71.33,259.13
92.83,25.8,10,0,1,Sunny,49.61,202.21
119.67,38.5,13,0,1,Sunny,81.74,279.46
118.47,31.0,19,0,1,Sunny,86.41,269.76
92.35,35.8,88,0,1,Sunny,23.69,116.61
118.0,24.3,62,0,0,Cloudy,61.68,209.5
100.89,26.9,6,0,1,Cloudy,52.05,213.2
115.34,37.5,7,0,5,Rainy,72.86,256.2
102.55,21.0,56,0,0,Cloudy,39.63,169.08
103.23,30.2,59,0,5,Sunny,55.74,184.79
109.03,29.6,57,0,0,Sunny,61.8,207.17
113.23,35.0,98,0,5,Sunny,63.3,193.95
91.01,25.6,76,1,1,Sunny,50.45,188.7
107.79,24.4,44,0,2,Cloudy,56.21,214.22
95.6,38.5,89,0,0,Rainy,0.0,83.0
100.38,31.4,43,0,1,Cloudy,31.28,157.87
100.44,22.1,47,1,6,Sunny,79.26,255.84
104.07,23.9,17,0,6,Rainy,47.71,198.44
100.02,40.0,41,0,3,Sunny,57.73,211.3
93.22,23.9,59,0,3,Rainy,0.0,98.37
94.37,32.2,36,1,4,Rainy,24.38,150.97
91.0,28.4,18,0,6,Sunny,50.2,212.55
104.11,37.7,69,0,0,Sunny,39.63,179.69
118.63,35.1,31,0,6,Rainy,59.81,221.53
93.47,31.9,28,0,0,Cloudy,35.31,158.32
118.39,20.2,26,0,5,Sunny,87.35,265.81
112.0,37.6,82,0,3,Cloudy,47.55,159.35
109.12,28.9,49,0,0,Cloudy,55.85,198.69
109.36,38.6,12,0,6,Sunny,88.59,283.95
114.8,29.9,95,0,0,Sunny,61.97,183.29
93.21,33.9,71,0,3,Sunny,30.29,159.1
105.14,21.4,68,0,1,Sunny,49.14,156.41
110.91,34.9,51,1,5,Sunny,97.8,283.56
107.6,26.8,25,0,3,Sunny,70.7,242.8
114.98,27.0,36,0,2,Sunny,74.36,231.1
92.17,22.4,49,0,6,Sunny,45.9,174.42
110.72,22.9,48,1,6,Rainy,63.8,231.89
106.02,23.7,45,0,3,Cloudy,47.7,203.78
101.37,26.6,100,0,5,Sunny,46.0,174.17
100.21,37.8,56,0,3,Cloudy,38.63,163.75
108.62,27.4,92,0,5,Sunny,60.79,199.24
116.73,34.5,15,0,6,Rainy,64.12,232.37
104.89,21.7,89,1,1,Cloudy,53.18,193.55
114.74,31.8,22,0,3,Sunny,71.88,241.71
102.06,29.6,15,0,3,Rainy,18.7,142.08
93.07,39.6,31,1,1,Cloudy,46.73,216.43
91.85,36.9,47,0,6,Sunny,48.26,203.27
91.54,29.1,69,0,3,Rainy,0.0,87.13
101.4,35.5,58,0,1,Rainy,9.47,120.54
100.12,23.9,33,0,2,Rainy,17.14,138.2
111.54,31.2,25,0,1,Sunny,74.17,263.46
112.28,21.5,33,0,0,Rainy,31.73,153.68
91.53,27.0,13,0,0,Cloudy,31.32,173.44
96.63,24.5,65,0,5,Cloudy,45.71,163.2
98.23,34.4,66,1,1,Sunny,60.38,198.0
106.43,29.8,75,0,3,Sunny,44.32,166.35
94.34,35.0,99,0,4,Sunny,19.74,107.43
94.02,30.3,95,0,6,Sunny,37.95,137.73
118.31,21.7,100,0,6,Sunny,74.12,215.11
114.13,34.7,9,0,4,Sunny,84.71,283.37
95.42,36.7,19,0,2,Rainy,15.09,146.76
102.2,38.1,61,0,2,Cloudy,30.08,133.63
100.67,31.4,9,1,4,Cloudy,64.37,249.08
113.73,35.1,24,0,4,Cloudy,64.94,232.54
105.31,35.0,85,0,1,Cloudy,33.17,135.47
93.84,23.1,8,0,4,Sunny,44.13,203.21
112.17,23.3,60,0,0,Cloudy,55.52,190.88
101.91,21.4,89,0,2,Cloudy,14.92,100.79
97.89,26.4,38,1,6,Sunny,82.11,254.34
101.26,29.5,44,0,5,Sunny,55.96,210.41
104.93,40.0,73,1,6,Sunny,84.9,261.67
100.29,28.6,72,0,2,Cloudy,27.52,137.4
97.26,34.5,26,0,6,Sunny,66.82,240.16
101.96,33.9,18,0,0,Cloudy,45.58,210.25
90.58,24.1,72,1,2,Sunny,50.89,191.66
113.17,21.2,12,0,4,Cloudy,56.83,220.68
95.13,30.9,71,0,2,Rainy,0.79,94.68
91.32,34.0,50,0,0,Rainy,0.0,93.3
109.61,40.0,33,0,2,Cloudy,56.39,214.38
113.22,27.2,94,0,5,Sunny,68.71,202.89
114.41,37.9,98,0,5,Cloudy,50.26,156.01
104.81,27.6,16,0,5,Cloudy,72.39,236.95
96.16,33.8,83,0,6,Cloudy,36.31,140.98
112.12,32.0,56,0,5,Rainy,41.96,176.63
110.99,21.1,62,0,4,Sunny,59.81,198.96
97.39,21.6,6,0,5,Cloudy,59.91,229.63
117.1,20.4,5,0,5,Sunny,100.0,313.43
93.13,27.4,59,0,1,Sunny,29.64,152.39
119.48,34.9,96,0,5,Cloudy,69.6,197.14
115.81,23.5,38,0,4,Sunny,75.17,233.41
110.64,32.1,68,0,5,Cloudy,59.7,200.89
118.16,25.8,72,0,2,Cloudy,64.87,198.01
111.67,35.9,86,0,5,Cloudy,58.96,198.16
95.71,36.0,16,0,3,Rainy,14.75,145.51
103.26,35.5,54,0,2,Cloudy,41.57,173.85
92.15,30.5,25,0,6,Rainy,20.19,141.21
101.69,25.7,14,0,5,Cloudy,69.34,247.77
112.25,36.2,89,0,5,Cloudy,56.57,191.35
101.59,23.7,93,0,2,Sunny,38.59,146.87
99.91,25.8,85,0,0,Cloudy,19.02,124.17
107.86,23.7,74,0,3,Cloudy,30.61,139.86
116.17,33.5,18,0,0,Cloudy,70.86,243.05
91.43,33.7,44,0,5,Cloudy,37.02,186.33
101.56,33.1,86,0,0,Rainy,0.58,80.08
94.75,28.3,34,0,4,Sunny,30.21,166.7
110.86,22.0,77,0,1,Cloudy,51.69,176.44
93.17,38.2,18,1,2,Cloudy,54.88,227.03
109.94,30.2,56,0,3,Sunny,64.79,219.19
98.59,28.1,21,0,2,Rainy,9.62,124.6
95.97,31.8,66,0,0,Cloudy,24.64,130.72
118.09,23.9,26,0,6,Sunny,96.37,290.01
90.56,22.7,57,0,1,Sunny,29.4,150.72
103.13,28.1,36,0,0,Cloudy,45.07,197.5
90.65,24.5,80,1,2,Sunny,35.02,160.2
104.51,24.9,59,1,4,Sunny,70.65,247.55
105.03,37.9,84,0,2,Sunny,38.13,157.22
99.65,30.6,26,1,0,Rainy,33.59,197.48
93.96,29.7,42,0,3,Cloudy,28.43,168.69
101.29,33.8,54,0,6,Sunny,58.98,199.02
110.17,39.0,70,0,3,Rainy,17.78,133.85
113.47,22.2,49,0,3,Rainy,36.13,173.05
105.92,36.7,12,0,6,Cloudy,69.5,251.07
107.7,31.7,69,0,3,Sunny,48.86,187.92
96.02,22.9,44,0,3,Cloudy,30.21,154.91
98.62,25.9,9,0,5,Sunny,64.67,239.54
94.86,29.6,49,0,1,Cloudy,28.4,148.25
97.48,33.8,50,0,1,Sunny,44.83,199.17
96.75,24.9,40,0,4,Cloudy,34.69,161.42
105.58,30.7,21,0,3,Sunny,62.26,216.34
106.88,33.7,45,0,0,Cloudy,49.83,185.65
118.35,29.0,34,0,0,Sunny,74.55,241.75
95.87,37.3,56,0,2,Cloudy,27.2,145.46
109.25,37.4,83,0,3,Cloudy,45.97,173.36
114.52,29.4,24,1,6,Sunny,100.0,303.25
106.81,39.5,40,0,6,Cloudy,66.25,220.29
97.65,21.5,70,0,0,Sunny,38.64,163.41
97.88,20.1,49,0,5,Cloudy,43.33,187.81
91.18,27.6,8,0,4,Sunny,47.81,208.71
99.16,32.0,54,0,0,Cloudy,29.51,158.07
112.34,32.6,92,0,5,Sunny,68.05,202.16
91.43,29.5,59,0,5,Sunny,41.32,167.8
96.58,22.5,63,0,4,Sunny,37.37,166.36
111.19,23.4,46,0,3,Rainy,28.63,155.36
113.48,37.0,6,0,2,Cloudy,68.98,254.2
103.66,37.4,50,0,2,Rainy,16.85,142.67
110.94,33.5,6,0,1,Rainy,36.96,187.62
101.64,33.3,54,1,3,Rainy,25.43,158.94
94.8,32.0,5,0,0,Cloudy,41.1,205.03
101.94,24.1,17,0,6,Sunny,78.33,260.78
107.4,28.6,74,0,2,Rainy,16.81,122.35
118.44,33.9,26,0,5,Sunny,97.1,287.92
92.06,30.7,21,0,4,Cloudy,29.24,169.17
105.22,20.4,63,0,5,Rainy,29.87,151.43
99.87,39.1,90,0,4,Sunny,28.65,126.71
105.25,36.9,74,0,0,Sunny,43.56,152.81
90.72,25.2,7,0,0,Sunny,45.76,203.17
99.39,32.3,74,0,3,Rainy,0.0,86.65
114.6,38.5,85,0,0,Rainy,30.04,149.54
106.62,21.9,53,1,0,Cloudy,57.36,214.11
103.52,30.1,54,0,0,Rainy,23.52,144.83
98.57,29.1,39,0,6,Sunny,56.95,204.72
98.94,28.2,27,1,2,Sunny,66.07,235.66
101.49,36.7,76,0,3,Sunny,37.45,147.74
115.07,27.6,11,0,6,Sunny,92.1,275.2
119.02,21.3,54,0,6,Sunny,84.3,255.55
103.16,21.3,14,1,0,Sunny,78.69,272.09
101.8,20.9,94,0,6,Cloudy,39.96,161.75
115.4,28.2,59,0,0,Sunny,60.91,209.53
102.81,34.4,78,1,5,Sunny,80.01,241.97
106.56,24.1,23,0,5,Rainy,50.0,187.65
96.93,32.9,27,0,6,Sunny,52.57,221.39
112.31,33.7,99,1,4,Sunny,78.03,226.28
105.96,25.1,68,0,2,Sunny,52.4,168.65
114.27,32.0,37,0,0,Rainy,36.59,174.18
113.42,33.7,70,1,2,Cloudy,66.26,212.78
96.45,29.3,96,0,3,Cloudy,16.71,100.3
111.47,26.7,100,0,3,Sunny,51.69,170.18
114.0,32.4,13,0,5,Sunny,100.0,293.8
100.38,39.6,33,0,1,Sunny,61.63,227.66
95.18,28.5,83,0,6,Sunny,35.22,145.98
90.08,27.8,22,0,6,Cloudy,42.48,193.66
103.53,29.3,86,0,4,Rainy,4.88,95.31
100.57,21.5,75,0,1,Sunny,45.08,170.65
106.65,31.1,82,0,2,Cloudy,34.95,148.63
95.64,26.6,33,0,4,Sunny,39.79,181.25
115.79,22.4,87,1,5,Sunny,92.85,270.59
97.73,29.3,65,0,0,Sunny,35.17,162.56
96.79,20.1,9,0,5,Rainy,37.42,182.33
104.42,28.0,73,0,5,Sunny,71.67,208.61
104.97,22.1,60,0,4,Cloudy,44.0,167.85
96.45,20.5,56,0,4,Sunny,42.63,177.16
98.16,36.5,19,0,3,Sunny,57.71,210.55
95.09,38.3,94,0,1,Sunny,26.71,120.85
111.55,24.2,92,0,3,Sunny,47.74,154.18
113.1,30.8,87,0,3,Rainy,17.05,119.65
103.87,25.6,24,0,1,Cloudy,54.08,215.66
111.42,29.9,77,0,3,Sunny,55.48,193.39
112.08,28.7,96,0,4,Cloudy,34.41,135.13
94.15,25.4,20,0,2,Sunny,51.77,194.11
118.99,34.0,79,0,0,Cloudy,50.91,170.45
114.63,22.5,29,0,6,Cloudy,72.61,230.42
96.13,21.1,61,0,0,Sunny,31.52,140.37
95.58,35.4,25,0,6,Rainy,27.41,170.93
93.77,33.3,9,0,6,Sunny,67.82,240.6
94.15,30.0,79,0,3,Sunny,28.8,139.66
112.44,29.4,13,0,1,Cloudy,61.98,238.89
104.09,29.9,15,0,4,Sunny,57.59,213.01
113.49,28.7,69,0,3,Sunny,63.39,209.51
112.39,27.9,67,0,4,Sunny,58.02,184.31
108.14,30.0,30,0,4,Rainy,29.91,165.86
110.59,30.6,78,0,6,Sunny,66.79,214.75
90.55,33.8,23,0,6,Sunny,55.42,204.15
99.35,34.2,20,0,5,Sunny,69.98,247.59
109.13,27.6,60,0,6,Sunny,82.83,245.89
90.28,28.3,72,0,0,Cloudy,15.83,113.86
90.99,27.5,82,0,2,Sunny,19.95,110.3
115.56,30.7,34,0,2,Cloudy,64.01,225.16
110.52,29.1,11,0,1,Cloudy,57.73,227.37
97.96,37.8,16,0,2,Sunny,47.35,199.69
110.64,33.9,28,1,3,Sunny,93.81,282.0
113.77,38.0,26,0,0,Cloudy,64.38,233.99
99.2,34.2,51,1,0,Cloudy,59.1,225.36
91.08,39.4,34,0,4,Rainy,0.0,115.63
117.98,32.7,64,0,3,Rainy,27.9,155.93
100.36,39.3,43,0,3,Cloudy,39.12,168.71
93.19,23.2,24,0,4,Rainy,3.47,107.92
104.76,21.0,30,0,5,Cloudy,56.01,214.11
113.05,31.6,53,0,5,Sunny,73.29,227.19
96.65,39.7,73,0,4,Cloudy,21.47,135.04
98.08,28.4,46,0,0,Sunny,45.39,175.41
97.28,24.2,10,0,6,Sunny,76.5,249.99
119.75,30.4,57,0,3,Sunny,67.26,218.12
95.92,33.0,38,0,2,Sunny,37.48,174.86
107.27,26.3,73,1,2,Sunny,61.74,215.04
117.76,34.3,14,0,6,Sunny,100.0,297.21
94.41,39.5,32,0,6,Sunny,57.63,197.4
119.13,37.9,7,0,0,Sunny,81.76,296.29
118.42,25.8,81,0,2,Cloudy,49.18,173.3
116.54,26.5,52,0,2,Sunny,68.59,245.56
96.44,27.4,70,0,6,Rainy,13.32,112.97
109.02,27.9,39,1,3,Rainy,41.63,182.02
112.83,22.0,56,0,3,Cloudy,53.33,190.45
119.58,35.2,66,0,1,Sunny,62.69,213.65
95.41,27.3,56,0,3,Cloudy,26.56,149.77
112.98,37.6,51,0,1,Sunny,63.28,215.87
100.16,38.5,58,0,5,Cloudy,49.85,185.24
95.27,20.5,32,0,3,Sunny,49.36,198.88
102.64,39.8,27,0,4,Cloudy,44.01,189.52
113.82,34.2,91,0,3,Cloudy,43.42,167.24
103.95,30.4,39,0,1,Cloudy,34.31,174.59
106.13,27.8,36,1,2,Cloudy,78.25,250.31
119.85,30.4,6,0,3,Sunny,78.68,251.8
101.97,26.5,20,0,2,Cloudy,46.55,188.97
108.46,32.5,20,0,2,Sunny,53.95,209.26
100.96,21.9,55,0,3,Sunny,40.81,172.72
101.78,32.4,71,1,3,Sunny,70.05,225.16
110.87,25.5,96,0,4,Sunny,53.23,177.85
118.14,20.4,97,1,5,Sunny,98.03,262.84
106.27,31.1,58,0,1,Cloudy,41.04,182.64
113.05,31.6,24,0,3,Cloudy,70.63,244.21
92.68,28.5,37,0,2,Sunny,39.2,177.21
96.33,21.4,90,1,2,Sunny,50.95,169.63
105.06,37.9,12,0,3,Cloudy,67.23,242.82
90.6,32.2,28,1,1,Rainy,27.95,175.31
97.59,22.3,57,0,5,Sunny,53.95,187.9
105.52,30.2,68,0,2,Cloudy,40.44,154.53
90.45,29.9,62,0,5,Rainy,14.09,128.13
97.94,21.2,41,0,5,Sunny,62.72,209.64
105.42,32.1,88,0,4,Sunny,45.65,164.49
107.19,36.2,16,0,2,Rainy,37.43,184.62
117.77,35.0,88,0,1,Sunny,72.91,215.81
109.36,24.1,88,0,0,Cloudy,32.97,132.65
102.44,37.2,8,0,4,Cloudy,54.77,218.63
117.91,26.9,98,0,4,Sunny,59.76,175.84
113.55,38.9,35,0,0,Sunny,67.89,230.3
96.0,21.4,90,0,4,Cloudy,13.76,108.81
93.93,29.7,83,0,4,Cloudy,24.25,134.31
110.27,31.9,42,0,4,Sunny,57.7,219.82
106.8,25.0,41,0,2,Cloudy,40.85,175.92
113.69,35.4,96,0,2,Cloudy,38.92,144.81
112.16,32.5,79,0,3,Sunny,45.64,177.83
108.76,20.4,18,0,3,Cloudy,53.51,216.91
119.59,32.2,79,0,2,Sunny,60.42,204.16
106.01,29.8,77,0,4,Sunny,46.34,185.54
93.39,23.9,28,0,1,Cloudy,38.92,174.3
114.85,39.9,14,0,0,Sunny,75.13,259.7
97.56,37.9,42,0,3,Sunny,48.06,185.71
113.32,25.9,47,1,6,Cloudy,94.63,294.35
118.71,30.8,41,0,6,Cloudy,69.67,220.4
110.9,26.3,46,0,4,Cloudy,49.8,198.97
107.88,35.5,36,0,6,Rainy,39.14,173.03
103.81,38.6,88,0,3,Rainy,6.22,96.64
100.93,27.2,18,0,5,Cloudy,63.85,241.07
100.59,36.1,8,0,1,Sunny,60.14,224.1
109.09,30.0,28,0,5,Cloudy,65.76,217.62
112.54,27.9,100,0,4,Sunny,45.64,155.08
110.36,38.8,14,1,6,Cloudy,88.82,284.77
95.95,30.2,20,1,2,Cloudy,58.26,219.59
104.82,29.3,43,0,1,Rainy,17.49,118.91
113.75,33.4,100,0,3,Rainy,18.29,117.65
104.27,25.2,22,0,6,Cloudy,68.29,248.86
106.1,26.5,29,0,4,Sunny,58.78,211.49
113.13,38.6,11,0,5,Cloudy,82.81,266.22
109.84,33.6,60,0,4,Sunny,55.68,201.68
102.28,36.5,51,0,0,Rainy,7.55,119.68
116.86,25.4,86,0,6,Cloudy,60.49,205.12
94.88,30.9,86,0,0,Cloudy,5.17,96.28
119.87,39.4,7,0,5,Sunny,100.0,293.3
93.57,26.4,5,1,0,Sunny,65.88,257.41
90.45,23.2,37,1,2,Cloudy,39.1,181.29
116.7,30.2,75,0,4,Sunny,66.65,206.94
97.35,27.8,78,0,4,Sunny,35.25,158.36
111.89,23.2,63,0,3,Sunny,61.71,197.33
114.33,37.8,76,0,6,Rainy,42.15,162.29
115.77,39.8,36,1,6,Cloudy,97.85,283.32
119.75,31.4,91,0,6,Cloudy,67.26,192.66
98.82,35.5,21,0,2,Sunny,56.08,211.07
111.31,37.2,82,0,6,Sunny,70.7,224.3
93.46,34.0,21,0,6,Sunny,64.03,230.02
102.2,20.9,93,0,6,Cloudy,40.19,171.99
115.44,23.2,25,1,0,Rainy,55.73,230.45
101.03,21.4,59,0,4,Sunny,45.03,184.41
107.73,20.2,10,0,0,Sunny,65.71,229.52
105.11,26.1,88,1,1,Sunny,64.54,205.94
109.38,27.8,53,0,2,Cloudy,49.61,178.65
119.19,24.8,88,1,0,Rainy,47.64,174.27
91.67,21.3,30,0,2,Cloudy,26.55,154.13
107.22,30.6,36,1,5,Cloudy,90.03,278.72
115.89,25.5,76,0,6,Sunny,80.66,238.78
104.44,35.9,48,1,4,Cloudy,59.46,215.93
92.36,20.2,63,0,1,Sunny,23.49,142.53
106.82,36.9,33,0,3,Sunny,61.22,206.97
99.96,39.1,21,0,6,Sunny,74.57,252.32
94.65,34.3,22,0,1,Sunny,39.06,180.83
115.47,34.7,44,0,2,Sunny,72.36,235.27
105.65,38.7,67,1,1,Cloudy,54.27,206.08
118.0,24.2,86,0,4,Sunny,56.11,171.47
114.18,39.9,79,0,2,Rainy,27.23,146.26
110.79,35.5,49,0,6,Rainy,44.74,179.47
90.15,34.5,80,0,2,Sunny,20.46,136.73
102.83,27.2,83,0,4,Sunny,43.3,162.01
95.92,30.9,94,1,5,Cloudy,54.1,195.96
117.32,33.1,7,0,0,Rainy,41.45,196.6
95.24,32.4,7,0,3,Sunny,51.18,215.76
98.58,34.1,42,0,5,Rainy,32.34,163.14
105.51,21.6,77,0,6,Cloudy,52.53,179.29
97.9,27.1,44,0,5,Rainy,10.57,119.97
96.3,28.7,72,0,1,Rainy,0.0,90.8
107.97,25.2,58,0,6,Sunny,74.54,234.56
92.67,23.5,24,0,6,Sunny,54.02,212.1
91.75,22.8,19,1,5,Sunny,82.52,278.2
101.17,27.3,97,0,3,Sunny,42.88,141.54
111.62,29.9,9,0,6,Cloudy,78.54,269.1
106.64,21.3,43,0,6,Rainy,33.98,158.72
102.69,38.9,44,0,3,Rainy,10.8,109.26
106.97,35.3,11,0,5,Sunny,85.95,288.99
100.96,34.6,76,0,4,Sunny,35.63,162.42
118.08,23.5,100,1,0,Cloudy,65.12,202.12
91.65,32.1,37,1,3,Sunny,50.83,216.55
110.2,30.6,41,0,2,Sunny,60.84,211.36
116.74,39.6,36,0,5,Rainy,50.77,194.64
114.12,35.0,47,0,6,Rainy,37.16,163.64
95.52,31.5,67,1,0,Rainy,13.99,121.56
98.88,37.0,40,0,4,Sunny,50.05,193.01
111.51,23.1,53,0,5,Cloudy,73.11,224.39
92.53,20.3,29,0,3,Cloudy,29.56,140.92
114.36,33.8,100,0,5,Sunny,66.7,193.6
111.57,22.0,70,0,4,Rainy,22.78,123.25
111.89,22.3,13,0,1,Sunny,83.75,271.62
93.01,34.9,97,0,4,Cloudy,5.36,84.23
111.53,25.4,22,0,2,Cloudy,54.39,216.98
110.39,32.6,26,0,4,Sunny,67.53,233.67
114.93,38.3,19,0,0,Cloudy,68.66,228.96
91.25,26.3,11,1,1,Sunny,63.4,233.5
90.69,24.3,17,0,5,Cloudy,39.12,176.98
101.19,22.1,40,0,5,Cloudy,59.21,204.67
94.46,22.6,20,0,2,Cloudy,35.0,172.39
106.75,21.2,45,1,1,Rainy,44.4,199.77
117.52,21.8,25,0,2,Sunny,86.54,269.77
101.74,28.6,32,1,5,Sunny,80.7,249.37
115.35,26.4,78,0,1,Rainy,16.03,107.85
90.01,34.1,87,0,3,Cloudy,11.74,102.34
95.06,37.4,21,1,4,Rainy,21.11,154.47
90.91,35.7,69,0,0,Sunny,23.67,133.75
99.84,30.6,17,0,0,Cloudy,41.81,185.05
117.25,22.0,40,0,3,Rainy,40.67,177.13
92.91,34.2,62,0,6,Rainy,7.43,102.83
108.19,27.3,24,0,1,Rainy,32.55,172.48
103.54,21.7,56,0,4,Sunny,43.18,186.25
118.15,36.8,10,0,3,Sunny,78.02,267.58
93.68,26.8,27,0,1,Sunny,42.51,179.37
96.36,24.4,46,0,4,Sunny,41.27,196.37
90.89,37.4,28,1,1,Sunny,59.41,237.38
103.02,38.0,9,0,0,Rainy,34.22,176.62
98.33,26.8,36,1,4,Cloudy,63.11,223.66
116.1,27.1,50,0,0,Rainy,36.4,168.25
108.15,31.6,21,0,0,Rainy,34.97,183.08
108.42,34.7,79,0,4,Sunny,50.24,190.08
105.96,21.3,31,0,3,Sunny,65.53,231.53
92.76,31.9,72,0,1,Sunny,29.35,136.52
103.35,39.1,27,0,4,Cloudy,44.16,186.94
119.99,25.2,91,0,5,Sunny,73.92,217.56
115.06,38.2,38,0,0,Cloudy,66.94,215.77
116.8,39.0,25,0,1,Sunny,76.79,262.68
114.7,25.4,26,0,4,Sunny,83.83,258.54
93.09,35.1,69,0,3,Sunny,23.41,140.32
96.82,24.8,36,0,4,Cloudy,40.69,189.84
90.09,34.8,66,0,4,Rainy,0.0,116.44
99.11,35.9,32,1,2,Rainy,36.09,181.53
93.26,24.9,86,1,5,Rainy,17.58,121.42
104.18,34.3,11,0,1,Sunny,53.78,213.67
110.31,36.2,58,0,4,Cloudy,55.47,197.24
116.24,27.2,74,0,0,Sunny,59.96,190.77
112.48,23.4,18,0,0,Sunny,78.24,266.53
118.16,21.8,98,1,2,Cloudy,64.55,210.26
91.62,31.5,59,0,0,Sunny,34.66,155.83
90.37,39.6,62,0,4,Sunny,24.8,132.96
109.84,36.5,48,0,1,Sunny,54.31,195.26
98.68,28.7,50,0,2,Rainy,11.25,116.5
97.61,30.7,18,0,5,Cloudy,60.73,229.27
99.93,25.6,48,0,6,Sunny,63.69,217.19
98.09,23.3,45,0,2,Rainy,7.92,123.33
105.34,29.6,77,0,3,Rainy,1.17,100.51
103.2,29.3,99,0,3,Rainy,0.0,80.0
105.37,30.4,6,0,1,Cloudy,52.75,221.69
110.18,39.1,86,0,1,Sunny,48.18,188.38
101.61,32.1,9,0,6,Sunny,80.37,269.74
97.54,32.1,94,0,2,Sunny,27.52,123.62
94.99,22.6,91,0,4,Rainy,0.0,80.0
100.48,39.9,16,0,4,Cloudy,32.97,163.02
112.25,35.5,82,0,3,Sunny,50.31,178.92
112.7,37.5,81,0,1,Cloudy,42.19,156.04
110.01,28.3,51,0,6,Cloudy,66.49,212.05
97.02,30.0,83,0,1,Rainy,0.0,80.0
107.64,30.4,39,0,4,Sunny,52.85,209.78
107.12,23.9,23,0,3,Cloudy,56.05,212.32
104.53,33.8,83,0,4,Sunny,48.56,177.03
106.5,38.1,67,0,4,Sunny,39.83,166.28
104.75,23.3,12,0,2,Cloudy,49.69,210.04
106.96,21.7,27,0,1,Sunny,67.9,230.66
111.47,34.8,17,0,2,Cloudy,66.76,240.64
93.29,25.5,27,0,2,Sunny,37.2,175.06
112.49,32.5,35,0,4,Rainy,39.03,179.01
94.08,33.9,34,0,3,Rainy,6.14,127.9
92.0,26.4,46,0,4,Sunny,37.5,180.03
119.28,36.3,6,0,5,Cloudy,88.6,278.0
118.71,31.0,15,0,3,Sunny,85.03,273.53
91.81,37.4,29,0,6,Cloudy,38.19,183.92
103.3,35.3,33,0,1,Sunny,52.31,204.56
95.59,37.4,26,0,5,Sunny,59.1,224.48
104.56,20.4,23,0,5,Rainy,40.64,192.85
114.91,24.9,77,0,5,Sunny,86.29,256.52
118.52,21.8,45,0,0,Cloudy,77.08,258.49
109.03,28.8,42,0,1,Sunny,59.0,208.88
100.62,37.8,33,0,4,Cloudy,48.42,208.95
108.1,29.4,78,0,3,Sunny,43.2,167.28
99.36,37.0,26,0,5,Sunny,68.24,233.41
117.29,26.5,92,1,0,Sunny,74.91,228.7
116.11,26.8,12,1,5,Sunny,100.0,307.14
106.75,37.9,51,0,3,Rainy,33.12,158.78
99.74,28.5,10,0,6,Rainy,34.68,173.65
98.8,35.8,11,0,3,Rainy,16.65,150.12
91.0,24.7,88,0,6,Sunny,30.1,142.65
114.47,39.0,85,0,0,Sunny,52.37,182.52
103.51,31.5,40,0,0,Cloudy,36.16,172.99
99.75,35.2,12,0,1,Rainy,22.15,172.76
104.13,21.8,81,0,2,Cloudy,32.92,160.84
114.56,29.9,92,0,5,Sunny,70.93,210.66
93.74,38.0,50,0,0,Rainy,0.55,113.77
115.73,37.5,68,0,5,Sunny,75.36,229.44
116.93,20.9,35,0,2,Rainy,36.6,174.09
118.4,26.1,27,1,2,Rainy,65.3,246.72
101.92,28.9,65,0,2,Rainy,8.13,106.57
96.51,23.4,85,0,6,Sunny,41.09,137.59
